machinePartCode,machinePartName,machineId,machineCode,companyId,branchId,unit,quantity,clusterSize,clusterMachineCount,classification,matchedSparePartCode,matchBasis,missingEvidence,reason
MPP-000011,محرك خلاط الذرة,cmunlyzlp002elc959fkdi2fq,MCH_BR01_PF_MFG_01_01,cmum3jqh8001mf495zaankx05,cmum5dwmo0000ro95qq4day18,قطعة,0,5,5,AMBIGUOUS_TECHNICAL_IDENTITY,,name+unit+quantity (REJECTED as identity),partNumber; manufacturer; specification; verified productId,"Appears on 5 machines as ""محرك خلاط الذرة"" with a single consistent unit. Name, unit and quantity are display/usage attributes, not technical identity, so equivalence is unproven. Record preserved unchanged pending authoritative evidence."
MPP-000012,بيرنجات محرك خلاط الذرة,cmunlyzlp002elc959fkdi2fq,MCH_BR01_PF_MFG_01_01,cmum3jqh8001mf495zaankx05,cmum5dwmo0000ro95qq4day18,قطعة,0,5,5,AMBIGUOUS_TECHNICAL_IDENTITY,,name+unit+quantity (REJECTED as identity),partNumber; manufacturer; specification; verified productId,"Appears on 5 machines as ""بيرنجات محرك خلاط الذرة"" with a single consistent unit. Name, unit and quantity are display/usage attributes, not technical identity, so equivalence is unproven. Record preserved unchanged pending authoritative evidence."
MPP-000013,لمد محرك خلاط الذرة,cmunlyzlp002elc959fkdi2fq,MCH_BR01_PF_MFG_01_01,cmum3jqh8001mf495zaankx05,cmum5dwmo0000ro95qq4day18,قطعة,0,5,5,AMBIGUOUS_TECHNICAL_IDENTITY,,name+unit+quantity (REJECTED as identity),partNumber; manufacturer; specification; verified productId,"Appears on 5 machines as ""لمد محرك خلاط الذرة"" with a single consistent unit. Name, unit and quantity are display/usage attributes, not technical identity, so equivalence is unproven. Record preserved unchanged pending authoritative evidence."
MPP-000014,حلزون خلاط الذرة,cmunlyzlp002elc959fkdi2fq,MCH_BR01_PF_MFG_01_01,cmum3jqh8001mf495zaankx05,cmum5dwmo0000ro95qq4day18,قطعة,0,5,5,AMBIGUOUS_TECHNICAL_IDENTITY,,name+unit+quantity (REJECTED as identity),partNumber; manufacturer; specification; verified productId,"Appears on 5 machines as ""حلزون خلاط الذرة"" with a single consistent unit. Name, unit and quantity are display/usage attributes, not technical identity, so equivalence is unproven. Record preserved unchanged pending authoritative evidence."
MPP-000015,بيرنجات حلزون خلاط الذرة,cmunlyzlp002elc959fkdi2fq,MCH_BR01_PF_MFG_01_01,cmum3jqh8001mf495zaankx05,cmum5dwmo0000ro95qq4day18,قطعة,0,5,5,AMBIGUOUS_TECHNICAL_IDENTITY,,name+unit+quantity (REJECTED as identity),partNumber; manufacturer; specification; verified productId,"Appears on 5 machines as ""بيرنجات حلزون خلاط الذرة"" with a single consistent unit. Name, unit and quantity are display/usage attributes, not technical identity, so equivalence is unproven. Record preserved unchanged pending authoritative evidence."
MPP-000016,سيور النقل لخلاط الذرة,cmunlyzlp002elc959fkdi2fq,MCH_BR01_PF_MFG_01_01,cmum3jqh8001mf495zaankx05,cmum5dwmo0000ro95qq4day18,قطعة,0,5,5,AMBIGUOUS_TECHNICAL_IDENTITY,,name+unit+quantity (REJECTED as identity),partNumber; manufacturer; specification; verified productId,"Appears on 5 machines as ""سيور النقل لخلاط الذرة"" with a single consistent unit. Name, unit and quantity are display/usage attributes, not technical identity, so equivalence is unproven. Record preserved unchanged pending authoritative evidence."
MPP-000017,محرك ناقل الذرة,cmunlyznn002ilc958lxyhah0,MCH_BR01_PF_MFG_01_02,cmum3jqh8001mf495zaankx05,cmum5dwmo0000ro95qq4day18,قطعة,0,1,1,INSUFFICIENT_SOURCE_EVIDENCE,,,partNumber; manufacturer; specification; verified productId,"Unique name on this machine; machine_parts carries no technical identity columns, so no equivalence can be evaluated. Record preserved unchanged."
MPP-000018,بيرنجات محرك الناقل,cmunlyznn002ilc958lxyhah0,MCH_BR01_PF_MFG_01_02,cmum3jqh8001mf495zaankx05,cmum5dwmo0000ro95qq4day18,قطعة,0,1,1,INSUFFICIENT_SOURCE_EVIDENCE,,,partNumber; manufacturer; specification; verified productId,"Unique name on this machine; machine_parts carries no technical identity columns, so no equivalence can be evaluated. Record preserved unchanged."
MPP-000019,لمد محرك الناقل,cmunlyznn002ilc958lxyhah0,MCH_BR01_PF_MFG_01_02,cmum3jqh8001mf495zaankx05,cmum5dwmo0000ro95qq4day18,قطعة,0,1,1,INSUFFICIENT_SOURCE_EVIDENCE,,,partNumber; manufacturer; specification; verified productId,"Unique name on this machine; machine_parts carries no technical identity columns, so no equivalence can be evaluated. Record preserved unchanged."
MPP-000020,جيربوكس محرك ناقل الذرة,cmunlyznn002ilc958lxyhah0,MCH_BR01_PF_MFG_01_02,cmum3jqh8001mf495zaankx05,cmum5dwmo0000ro95qq4day18,قطعة,0,1,1,INSUFFICIENT_SOURCE_EVIDENCE,,,partNumber; manufacturer; specification; verified productId,"Unique name on this machine; machine_parts carries no technical identity columns, so no equivalence can be evaluated. Record preserved unchanged."
MPP-000021,بيرنجات جيربوكس محرك ناقل الذرة,cmunlyznn002ilc958lxyhah0,MCH_BR01_PF_MFG_01_02,cmum3jqh8001mf495zaankx05,cmum5dwmo0000ro95qq4day18,قطعة,0,1,1,INSUFFICIENT_SOURCE_EVIDENCE,,,partNumber; manufacturer; specification; verified productId,"Unique name on this machine; machine_parts carries no technical identity columns, so no equivalence can be evaluated. Record preserved unchanged."
MPP-000022,لمد جيربوكس محرك ناقل الذرة,cmunlyznn002ilc958lxyhah0,MCH_BR01_PF_MFG_01_02,cmum3jqh8001mf495zaankx05,cmum5dwmo0000ro95qq4day18,قطعة,0,1,1,INSUFFICIENT_SOURCE_EVIDENCE,,,partNumber; manufacturer; specification; verified productId,"Unique name on this machine; machine_parts carries no technical identity columns, so no equivalence can be evaluated. Record preserved unchanged."
MPP-000023,زيت جيربوكس محرك ناقل الذرة,cmunlyznn002ilc958lxyhah0,MCH_BR01_PF_MFG_01_02,cmum3jqh8001mf495zaankx05,cmum5dwmo0000ro95qq4day18,قطعة,0,1,1,INSUFFICIENT_SOURCE_EVIDENCE,,,partNumber; manufacturer; specification; verified productId,"Unique name on this machine; machine_parts carries no technical identity columns, so no equivalence can be evaluated. Record preserved unchanged."
MPP-000024,حلزون ناقل الذرة,cmunlyznn002ilc958lxyhah0,MCH_BR01_PF_MFG_01_02,cmum3jqh8001mf495zaankx05,cmum5dwmo0000ro95qq4day18,قطعة,0,1,1,INSUFFICIENT_SOURCE_EVIDENCE,,,partNumber; manufacturer; specification; verified productId,"Unique name on this machine; machine_parts carries no technical identity columns, so no equivalence can be evaluated. Record preserved unchanged."
MPP-000025,بيرنجات حلزون الناقل,cmunlyznn002ilc958lxyhah0,MCH_BR01_PF_MFG_01_02,cmum3jqh8001mf495zaankx05,cmum5dwmo0000ro95qq4day18,قطعة,0,1,1,INSUFFICIENT_SOURCE_EVIDENCE,,,partNumber; manufacturer; specification; verified productId,"Unique name on this machine; machine_parts carries no technical identity columns, so no equivalence can be evaluated. Record preserved unchanged."
MPP-000026,سيور ناقل لحلزون الناقل,cmunlyznn002ilc958lxyhah0,MCH_BR01_PF_MFG_01_02,cmum3jqh8001mf495zaankx05,cmum5dwmo0000ro95qq4day18,قطعة,0,1,1,INSUFFICIENT_SOURCE_EVIDENCE,,,partNumber; manufacturer; specification; verified productId,"Unique name on this machine; machine_parts carries no technical identity columns, so no equivalence can be evaluated. Record preserved unchanged."
MPP-000027,محرك مغذي الذرة,,,,,قطعة,0,0,0,UNKNOWN_RECORD_OWNERSHIP,,,machineId; companyId; branchId,"Unbound MachinePart. The machine_parts table carries no companyId/branchId column and this row references no Machine, so tenant ownership cannot be established. Left unchanged."
MPP-000028,بيرنجات محرك مغذي الذرة,,,,,قطعة,0,0,0,UNKNOWN_RECORD_OWNERSHIP,,,machineId; companyId; branchId,"Unbound MachinePart. The machine_parts table carries no companyId/branchId column and this row references no Machine, so tenant ownership cannot be established. Left unchanged."
MPP-000029,لمد محرك مغذي الذرة,,,,,قطعة,0,0,0,UNKNOWN_RECORD_OWNERSHIP,,,machineId; companyId; branchId,"Unbound MachinePart. The machine_parts table carries no companyId/branchId column and this row references no Machine, so tenant ownership cannot be established. Left unchanged."
MPP-000030,جيربوكس محرك مغذي الذرة,,,,,قطعة,0,0,0,UNKNOWN_RECORD_OWNERSHIP,,,machineId; companyId; branchId,"Unbound MachinePart. The machine_parts table carries no companyId/branchId column and this row references no Machine, so tenant ownership cannot be established. Left unchanged."
MPP-000031,بيرنجات جيربوكس محرك مغذي الذرة,,,,,قطعة,0,0,0,UNKNOWN_RECORD_OWNERSHIP,,,machineId; companyId; branchId,"Unbound MachinePart. The machine_parts table carries no companyId/branchId column and this row references no Machine, so tenant ownership cannot be established. Left unchanged."
MPP-000032,لمد جيربوكس محرك مغذي الذرة,,,,,قطعة,0,0,0,UNKNOWN_RECORD_OWNERSHIP,,,machineId; companyId; branchId,"Unbound MachinePart. The machine_parts table carries no companyId/branchId column and this row references no Machine, so tenant ownership cannot be established. Left unchanged."
MPP-000033,زيت جيربوكس مغذي الذرة,,,,,قطعة,0,0,0,UNKNOWN_RECORD_OWNERSHIP,,,machineId; companyId; branchId,"Unbound MachinePart. The machine_parts table carries no companyId/branchId column and this row references no Machine, so tenant ownership cannot be established. Left unchanged."
MPP-000034,حلزون مغذي الذرة,,,,,قطعة,0,0,0,UNKNOWN_RECORD_OWNERSHIP,,,machineId; companyId; branchId,"Unbound MachinePart. The machine_parts table carries no companyId/branchId column and this row references no Machine, so tenant ownership cannot be established. Left unchanged."
MPP-000035,بيرنجات حلزون مغذي الذرة,,,,,قطعة,0,0,0,UNKNOWN_RECORD_OWNERSHIP,,,machineId; companyId; branchId,"Unbound MachinePart. The machine_parts table carries no companyId/branchId column and this row references no Machine, so tenant ownership cannot be established. Left unchanged."
MPP-000036,حساس تعبئة الذرة,,,,,قطعة,0,0,0,UNKNOWN_RECORD_OWNERSHIP,,,machineId; companyId; branchId,"Unbound MachinePart. The machine_parts table carries no companyId/branchId column and this row references no Machine, so tenant ownership cannot be established. Left unchanged."
MPP-000037,انفرتر محرك مغذي الذرة,,,,,قطعة,0,0,0,UNKNOWN_RECORD_OWNERSHIP,,,machineId; companyId; branchId,"Unbound MachinePart. The machine_parts table carries no companyId/branchId column and this row references no Machine, so tenant ownership cannot be established. Left unchanged."
MPP-000038,محرك الاكسترودر,cmunlyzpu002mlc95bekq8mh4,MCH_BR01_PF_MFG_01_03,cmum3jqh8001mf495zaankx05,cmum5dwmo0000ro95qq4day18,قطعة,0,1,1,INSUFFICIENT_SOURCE_EVIDENCE,,,partNumber; manufacturer; specification; verified productId,"Unique name on this machine; machine_parts carries no technical identity columns, so no equivalence can be evaluated. Record preserved unchanged."
MPP-000039,بيرنجات محرك الاكسترودر,cmunlyzpu002mlc95bekq8mh4,MCH_BR01_PF_MFG_01_03,cmum3jqh8001mf495zaankx05,cmum5dwmo0000ro95qq4day18,قطعة,0,1,1,INSUFFICIENT_SOURCE_EVIDENCE,,,partNumber; manufacturer; specification; verified productId,"Unique name on this machine; machine_parts carries no technical identity columns, so no equivalence can be evaluated. Record preserved unchanged."
MPP-000040,لمد محرك الاكسترودر,cmunlyzpu002mlc95bekq8mh4,MCH_BR01_PF_MFG_01_03,cmum3jqh8001mf495zaankx05,cmum5dwmo0000ro95qq4day18,قطعة,0,1,1,INSUFFICIENT_SOURCE_EVIDENCE,,,partNumber; manufacturer; specification; verified productId,"Unique name on this machine; machine_parts carries no technical identity columns, so no equivalence can be evaluated. Record preserved unchanged."
MPP-000041,جيربوكس الاكسترودر,cmunlyzpu002mlc95bekq8mh4,MCH_BR01_PF_MFG_01_03,cmum3jqh8001mf495zaankx05,cmum5dwmo0000ro95qq4day18,قطعة,0,1,1,INSUFFICIENT_SOURCE_EVIDENCE,,,partNumber; manufacturer; specification; verified productId,"Unique name on this machine; machine_parts carries no technical identity columns, so no equivalence can be evaluated. Record preserved unchanged."
MPP-000042,بيرنجات جيربوكس الاكسترودر,cmunlyzpu002mlc95bekq8mh4,MCH_BR01_PF_MFG_01_03,cmum3jqh8001mf495zaankx05,cmum5dwmo0000ro95qq4day18,قطعة,0,1,1,INSUFFICIENT_SOURCE_EVIDENCE,,,partNumber; manufacturer; specification; verified productId,"Unique name on this machine; machine_parts carries no technical identity columns, so no equivalence can be evaluated. Record preserved unchanged."
MPP-000043,لمد جيربوكس الاكسترودر,cmunlyzpu002mlc95bekq8mh4,MCH_BR01_PF_MFG_01_03,cmum3jqh8001mf495zaankx05,cmum5dwmo0000ro95qq4day18,قطعة,0,1,1,INSUFFICIENT_SOURCE_EVIDENCE,,,partNumber; manufacturer; specification; verified productId,"Unique name on this machine; machine_parts carries no technical identity columns, so no equivalence can be evaluated. Record preserved unchanged."
MPP-000044,زيت جيربوكس الاكسترودر,cmunlyzpu002mlc95bekq8mh4,MCH_BR01_PF_MFG_01_03,cmum3jqh8001mf495zaankx05,cmum5dwmo0000ro95qq4day18,قطعة,0,1,1,INSUFFICIENT_SOURCE_EVIDENCE,,,partNumber; manufacturer; specification; verified productId,"Unique name on this machine; machine_parts carries no technical identity columns, so no equivalence can be evaluated. Record preserved unchanged."
MPP-000045,عمود جيربوكس الاكسترودر,cmunlyzpu002mlc95bekq8mh4,MCH_BR01_PF_MFG_01_03,cmum3jqh8001mf495zaankx05,cmum5dwmo0000ro95qq4day18,قطعة,0,1,1,INSUFFICIENT_SOURCE_EVIDENCE,,,partNumber; manufacturer; specification; verified productId,"Unique name on this machine; machine_parts carries no technical identity columns, so no equivalence can be evaluated. Record preserved unchanged."
MPP-000046,فلنشة الاكسترودر,cmunlyzpu002mlc95bekq8mh4,MCH_BR01_PF_MFG_01_03,cmum3jqh8001mf495zaankx05,cmum5dwmo0000ro95qq4day18,قطعة,0,1,1,INSUFFICIENT_SOURCE_EVIDENCE,,,partNumber; manufacturer; specification; verified productId,"Unique name on this machine; machine_parts carries no technical identity columns, so no equivalence can be evaluated. Record preserved unchanged."
MPP-000047,سيور محرك الاكسترودر,cmunlyzpu002mlc95bekq8mh4,MCH_BR01_PF_MFG_01_03,cmum3jqh8001mf495zaankx05,cmum5dwmo0000ro95qq4day18,قطعة,0,1,1,INSUFFICIENT_SOURCE_EVIDENCE,,,partNumber; manufacturer; specification; verified productId,"Unique name on this machine; machine_parts carries no technical identity columns, so no equivalence can be evaluated. Record preserved unchanged."
MPP-000048,حساسات حرارة رأس الاكسترودر,cmunlyzpu002mlc95bekq8mh4,MCH_BR01_PF_MFG_01_03,cmum3jqh8001mf495zaankx05,cmum5dwmo0000ro95qq4day18,قطعة,0,1,1,INSUFFICIENT_SOURCE_EVIDENCE,,,partNumber; manufacturer; specification; verified productId,"Unique name on this machine; machine_parts carries no technical identity columns, so no equivalence can be evaluated. Record preserved unchanged."
MPP-000049,انفرتر محرك الاكسترودر,cmunlyzpu002mlc95bekq8mh4,MCH_BR01_PF_MFG_01_03,cmum3jqh8001mf495zaankx05,cmum5dwmo0000ro95qq4day18,قطعة,0,1,1,INSUFFICIENT_SOURCE_EVIDENCE,,,partNumber; manufacturer; specification; verified productId,"Unique name on this machine; machine_parts carries no technical identity columns, so no equivalence can be evaluated. Record preserved unchanged."
MPP-000050,محرك السكين,cmunlyzpu002mlc95bekq8mh4,MCH_BR01_PF_MFG_01_03,cmum3jqh8001mf495zaankx05,cmum5dwmo0000ro95qq4day18,قطعة,0,1,1,INSUFFICIENT_SOURCE_EVIDENCE,,,partNumber; manufacturer; specification; verified productId,"Unique name on this machine; machine_parts carries no technical identity columns, so no equivalence can be evaluated. Record preserved unchanged."
MPP-000051,بيرنجات محرك السكين,cmunlyzpu002mlc95bekq8mh4,MCH_BR01_PF_MFG_01_03,cmum3jqh8001mf495zaankx05,cmum5dwmo0000ro95qq4day18,قطعة,0,1,1,INSUFFICIENT_SOURCE_EVIDENCE,,,partNumber; manufacturer; specification; verified productId,"Unique name on this machine; machine_parts carries no technical identity columns, so no equivalence can be evaluated. Record preserved unchanged."
MPP-000052,لمد محرك السكين,cmunlyzpu002mlc95bekq8mh4,MCH_BR01_PF_MFG_01_03,cmum3jqh8001mf495zaankx05,cmum5dwmo0000ro95qq4day18,قطعة,0,1,1,INSUFFICIENT_SOURCE_EVIDENCE,,,partNumber; manufacturer; specification; verified productId,"Unique name on this machine; machine_parts carries no technical identity columns, so no equivalence can be evaluated. Record preserved unchanged."
MPP-000053,بيرنجات عمود السكين,cmunlyzpu002mlc95bekq8mh4,MCH_BR01_PF_MFG_01_03,cmum3jqh8001mf495zaankx05,cmum5dwmo0000ro95qq4day18,قطعة,0,1,1,INSUFFICIENT_SOURCE_EVIDENCE,,,partNumber; manufacturer; specification; verified productId,"Unique name on this machine; machine_parts carries no technical identity columns, so no equivalence can be evaluated. Record preserved unchanged."
MPP-000054,عمود السكين,cmunlyzpu002mlc95bekq8mh4,MCH_BR01_PF_MFG_01_03,cmum3jqh8001mf495zaankx05,cmum5dwmo0000ro95qq4day18,قطعة,0,1,1,INSUFFICIENT_SOURCE_EVIDENCE,,,partNumber; manufacturer; specification; verified productId,"Unique name on this machine; machine_parts carries no technical identity columns, so no equivalence can be evaluated. Record preserved unchanged."
MPP-000055,سير محرك السكين,cmunlyzpu002mlc95bekq8mh4,MCH_BR01_PF_MFG_01_03,cmum3jqh8001mf495zaankx05,cmum5dwmo0000ro95qq4day18,قطعة,0,1,1,INSUFFICIENT_SOURCE_EVIDENCE,,,partNumber; manufacturer; specification; verified productId,"Unique name on this machine; machine_parts carries no technical identity columns, so no equivalence can be evaluated. Record preserved unchanged."
MPP-000056,انفرتر محرك السكين,cmunlyzpu002mlc95bekq8mh4,MCH_BR01_PF_MFG_01_03,cmum3jqh8001mf495zaankx05,cmum5dwmo0000ro95qq4day18,قطعة,0,1,1,INSUFFICIENT_SOURCE_EVIDENCE,,,partNumber; manufacturer; specification; verified productId,"Unique name on this machine; machine_parts carries no technical identity columns, so no equivalence can be evaluated. Record preserved unchanged."
MPP-000057,محرك الهواية,,,,,قطعة,0,0,0,UNKNOWN_RECORD_OWNERSHIP,,,machineId; companyId; branchId,"Unbound MachinePart. The machine_parts table carries no companyId/branchId column and this row references no Machine, so tenant ownership cannot be established. Left unchanged."
MPP-000058,بيرنجات محرك الهواية,,,,,قطعة,0,0,0,UNKNOWN_RECORD_OWNERSHIP,,,machineId; companyId; branchId,"Unbound MachinePart. The machine_parts table carries no companyId/branchId column and this row references no Machine, so tenant ownership cannot be established. Left unchanged."
MPP-000059,الهواية,,,,,قطعة,0,0,0,UNKNOWN_RECORD_OWNERSHIP,,,machineId; companyId; branchId,"Unbound MachinePart. The machine_parts table carries no companyId/branchId column and this row references no Machine, so tenant ownership cannot be established. Left unchanged."
MPP-000060,بيرنجات الهواية,,,,,قطعة,0,0,0,UNKNOWN_RECORD_OWNERSHIP,,,machineId; companyId; branchId,"Unbound MachinePart. The machine_parts table carries no companyId/branchId column and this row references no Machine, so tenant ownership cannot be established. Left unchanged."
MPP-000061,ماصورة نقل المواد,,,,,قطعة,0,0,0,UNKNOWN_RECORD_OWNERSHIP,,,machineId; companyId; branchId,"Unbound MachinePart. The machine_parts table carries no companyId/branchId column and this row references no Machine, so tenant ownership cannot be established. Left unchanged."
MPP-000062,محرك فرن الديزل,cmunlyzry002qlc95gfn309jl,MCH_BR01_PF_MFG_01_04,cmum3jqh8001mf495zaankx05,cmum5dwmo0000ro95qq4day18,قطعة,0,1,1,INSUFFICIENT_SOURCE_EVIDENCE,,,partNumber; manufacturer; specification; verified productId,"Unique name on this machine; machine_parts carries no technical identity columns, so no equivalence can be evaluated. Record preserved unchanged."
MPP-000063,بيرنجات محرك فرن الديزل,cmunlyzry002qlc95gfn309jl,MCH_BR01_PF_MFG_01_04,cmum3jqh8001mf495zaankx05,cmum5dwmo0000ro95qq4day18,قطعة,0,1,1,INSUFFICIENT_SOURCE_EVIDENCE,,,partNumber; manufacturer; specification; verified productId,"Unique name on this machine; machine_parts carries no technical identity columns, so no equivalence can be evaluated. Record preserved unchanged."
MPP-000064,لمد محرك فرن الديزل,cmunlyzry002qlc95gfn309jl,MCH_BR01_PF_MFG_01_04,cmum3jqh8001mf495zaankx05,cmum5dwmo0000ro95qq4day18,قطعة,0,1,1,INSUFFICIENT_SOURCE_EVIDENCE,,,partNumber; manufacturer; specification; verified productId,"Unique name on this machine; machine_parts carries no technical identity columns, so no equivalence can be evaluated. Record preserved unchanged."
MPP-000065,جيربوكس محرك فرن الديزل,cmunlyzry002qlc95gfn309jl,MCH_BR01_PF_MFG_01_04,cmum3jqh8001mf495zaankx05,cmum5dwmo0000ro95qq4day18,قطعة,0,1,1,INSUFFICIENT_SOURCE_EVIDENCE,,,partNumber; manufacturer; specification; verified productId,"Unique name on this machine; machine_parts carries no technical identity columns, so no equivalence can be evaluated. Record preserved unchanged."
MPP-000066,بيرنجات جيربوكس محرك فرن الديزل,cmunlyzry002qlc95gfn309jl,MCH_BR01_PF_MFG_01_04,cmum3jqh8001mf495zaankx05,cmum5dwmo0000ro95qq4day18,قطعة,0,1,1,INSUFFICIENT_SOURCE_EVIDENCE,,,partNumber; manufacturer; specification; verified productId,"Unique name on this machine; machine_parts carries no technical identity columns, so no equivalence can be evaluated. Record preserved unchanged."
MPP-000067,لمد جيربوكس محرك فرن الديزل,cmunlyzry002qlc95gfn309jl,MCH_BR01_PF_MFG_01_04,cmum3jqh8001mf495zaankx05,cmum5dwmo0000ro95qq4day18,قطعة,0,1,1,INSUFFICIENT_SOURCE_EVIDENCE,,,partNumber; manufacturer; specification; verified productId,"Unique name on this machine; machine_parts carries no technical identity columns, so no equivalence can be evaluated. Record preserved unchanged."
MPP-000068,زيت جيربوكس محرك فرن الديزل,cmunlyzry002qlc95gfn309jl,MCH_BR01_PF_MFG_01_04,cmum3jqh8001mf495zaankx05,cmum5dwmo0000ro95qq4day18,قطعة,0,1,1,INSUFFICIENT_SOURCE_EVIDENCE,,,partNumber; manufacturer; specification; verified productId,"Unique name on this machine; machine_parts carries no technical identity columns, so no equivalence can be evaluated. Record preserved unchanged."
MPP-000069,الترس عمود المحرك الرئيسي للفرن,cmunlyzry002qlc95gfn309jl,MCH_BR01_PF_MFG_01_04,cmum3jqh8001mf495zaankx05,cmum5dwmo0000ro95qq4day18,قطعة,0,1,1,INSUFFICIENT_SOURCE_EVIDENCE,,,partNumber; manufacturer; specification; verified productId,"Unique name on this machine; machine_parts carries no technical identity columns, so no equivalence can be evaluated. Record preserved unchanged."
MPP-000070,عمود محرك فرن الديزل العلوي,cmunlyzry002qlc95gfn309jl,MCH_BR01_PF_MFG_01_04,cmum3jqh8001mf495zaankx05,cmum5dwmo0000ro95qq4day18,قطعة,0,1,1,INSUFFICIENT_SOURCE_EVIDENCE,,,partNumber; manufacturer; specification; verified productId,"Unique name on this machine; machine_parts carries no technical identity columns, so no equivalence can be evaluated. Record preserved unchanged."
MPP-000071,بيرنجات عمود فرن الديزل,cmunlyzry002qlc95gfn309jl,MCH_BR01_PF_MFG_01_04,cmum3jqh8001mf495zaankx05,cmum5dwmo0000ro95qq4day18,قطعة,0,1,1,INSUFFICIENT_SOURCE_EVIDENCE,,,partNumber; manufacturer; specification; verified productId,"Unique name on this machine; machine_parts carries no technical identity columns, so no equivalence can be evaluated. Record preserved unchanged."
MPP-000072,عمود سلسلة الفرن الأمامي العلوي,cmunlyzry002qlc95gfn309jl,MCH_BR01_PF_MFG_01_04,cmum3jqh8001mf495zaankx05,cmum5dwmo0000ro95qq4day18,قطعة,0,1,1,INSUFFICIENT_SOURCE_EVIDENCE,,,partNumber; manufacturer; specification; verified productId,"Unique name on this machine; machine_parts carries no technical identity columns, so no equivalence can be evaluated. Record preserved unchanged."
MPP-000073,بيرنجات عمود سلسلة الفرن الأمامي العلوي,cmunlyzry002qlc95gfn309jl,MCH_BR01_PF_MFG_01_04,cmum3jqh8001mf495zaankx05,cmum5dwmo0000ro95qq4day18,قطعة,0,1,1,INSUFFICIENT_SOURCE_EVIDENCE,,,partNumber; manufacturer; specification; verified productId,"Unique name on this machine; machine_parts carries no technical identity columns, so no equivalence can be evaluated. Record preserved unchanged."
MPP-000074,عمود سلسلة الفرن الخلفي العلوي,cmunlyzry002qlc95gfn309jl,MCH_BR01_PF_MFG_01_04,cmum3jqh8001mf495zaankx05,cmum5dwmo0000ro95qq4day18,قطعة,0,1,1,INSUFFICIENT_SOURCE_EVIDENCE,,,partNumber; manufacturer; specification; verified productId,"Unique name on this machine; machine_parts carries no technical identity columns, so no equivalence can be evaluated. Record preserved unchanged."
MPP-000075,بيرنجات عمود سلسلة الفرن الخلفي العلوي,cmunlyzry002qlc95gfn309jl,MCH_BR01_PF_MFG_01_04,cmum3jqh8001mf495zaankx05,cmum5dwmo0000ro95qq4day18,قطعة,0,1,1,INSUFFICIENT_SOURCE_EVIDENCE,,,partNumber; manufacturer; specification; verified productId,"Unique name on this machine; machine_parts carries no technical identity columns, so no equivalence can be evaluated. Record preserved unchanged."
MPP-000076,عمود سلسلة الفرن الأمامي الوسطي,cmunlyzry002qlc95gfn309jl,MCH_BR01_PF_MFG_01_04,cmum3jqh8001mf495zaankx05,cmum5dwmo0000ro95qq4day18,قطعة,0,1,1,INSUFFICIENT_SOURCE_EVIDENCE,,,partNumber; manufacturer; specification; verified productId,"Unique name on this machine; machine_parts carries no technical identity columns, so no equivalence can be evaluated. Record preserved unchanged."
MPP-000077,بيرنجات عمود سلسلة الفرن الأمامي الوسطي,cmunlyzry002qlc95gfn309jl,MCH_BR01_PF_MFG_01_04,cmum3jqh8001mf495zaankx05,cmum5dwmo0000ro95qq4day18,قطعة,0,1,1,INSUFFICIENT_SOURCE_EVIDENCE,,,partNumber; manufacturer; specification; verified productId,"Unique name on this machine; machine_parts carries no technical identity columns, so no equivalence can be evaluated. Record preserved unchanged."
MPP-000078,عمود سلسلة الفرن الخلفي الوسطي,cmunlyzry002qlc95gfn309jl,MCH_BR01_PF_MFG_01_04,cmum3jqh8001mf495zaankx05,cmum5dwmo0000ro95qq4day18,قطعة,0,1,1,INSUFFICIENT_SOURCE_EVIDENCE,,,partNumber; manufacturer; specification; verified productId,"Unique name on this machine; machine_parts carries no technical identity columns, so no equivalence can be evaluated. Record preserved unchanged."
MPP-000079,بيرنجات عمود سلسلة الفرن الخلفي الوسطي,cmunlyzry002qlc95gfn309jl,MCH_BR01_PF_MFG_01_04,cmum3jqh8001mf495zaankx05,cmum5dwmo0000ro95qq4day18,قطعة,0,1,1,INSUFFICIENT_SOURCE_EVIDENCE,,,partNumber; manufacturer; specification; verified productId,"Unique name on this machine; machine_parts carries no technical identity columns, so no equivalence can be evaluated. Record preserved unchanged."
MPP-000080,عمود سلسلة الفرن الأمامي السفلي,cmunlyzry002qlc95gfn309jl,MCH_BR01_PF_MFG_01_04,cmum3jqh8001mf495zaankx05,cmum5dwmo0000ro95qq4day18,قطعة,0,1,1,INSUFFICIENT_SOURCE_EVIDENCE,,,partNumber; manufacturer; specification; verified productId,"Unique name on this machine; machine_parts carries no technical identity columns, so no equivalence can be evaluated. Record preserved unchanged."
MPP-000081,بيرنجات عمود سلسلة الفرن الأمامي السفلي,cmunlyzry002qlc95gfn309jl,MCH_BR01_PF_MFG_01_04,cmum3jqh8001mf495zaankx05,cmum5dwmo0000ro95qq4day18,قطعة,0,1,1,INSUFFICIENT_SOURCE_EVIDENCE,,,partNumber; manufacturer; specification; verified productId,"Unique name on this machine; machine_parts carries no technical identity columns, so no equivalence can be evaluated. Record preserved unchanged."
MPP-000082,عمود سلسلة الفرن الخلفي السفلي,cmunlyzry002qlc95gfn309jl,MCH_BR01_PF_MFG_01_04,cmum3jqh8001mf495zaankx05,cmum5dwmo0000ro95qq4day18,قطعة,0,1,1,INSUFFICIENT_SOURCE_EVIDENCE,,,partNumber; manufacturer; specification; verified productId,"Unique name on this machine; machine_parts carries no technical identity columns, so no equivalence can be evaluated. Record preserved unchanged."
MPP-000083,بيرنجات عمود سلسلة الفرن الخلفي السفلي,cmunlyzry002qlc95gfn309jl,MCH_BR01_PF_MFG_01_04,cmum3jqh8001mf495zaankx05,cmum5dwmo0000ro95qq4day18,قطعة,0,1,1,INSUFFICIENT_SOURCE_EVIDENCE,,,partNumber; manufacturer; specification; verified productId,"Unique name on this machine; machine_parts carries no technical identity columns, so no equivalence can be evaluated. Record preserved unchanged."
MPP-000084,سير نقل المواد للفرن,cmunlyzry002qlc95gfn309jl,MCH_BR01_PF_MFG_01_04,cmum3jqh8001mf495zaankx05,cmum5dwmo0000ro95qq4day18,قطعة,0,1,1,INSUFFICIENT_SOURCE_EVIDENCE,,,partNumber; manufacturer; specification; verified productId,"Unique name on this machine; machine_parts carries no technical identity columns, so no equivalence can be evaluated. Record preserved unchanged."
MPP-000085,دينمة حراق SIMEL 0.37 KW,cmunlyzry002qlc95gfn309jl,MCH_BR01_PF_MFG_01_04,cmum3jqh8001mf495zaankx05,cmum5dwmo0000ro95qq4day18,قطعة,0,1,1,INSUFFICIENT_SOURCE_EVIDENCE,,,partNumber; manufacturer; specification; verified productId,"Unique name on this machine; machine_parts carries no technical identity columns, so no equivalence can be evaluated. Record preserved unchanged."
MPP-000086,بمب حراق ديزل AS47C /1538-6,cmunlyzry002qlc95gfn309jl,MCH_BR01_PF_MFG_01_04,cmum3jqh8001mf495zaankx05,cmum5dwmo0000ro95qq4day18,قطعة,0,1,1,INSUFFICIENT_SOURCE_EVIDENCE,,,partNumber; manufacturer; specification; verified productId,"Unique name on this machine; machine_parts carries no technical identity columns, so no equivalence can be evaluated. Record preserved unchanged."
MPP-000087,شرارة مفرد وكالة,cmunlyzry002qlc95gfn309jl,MCH_BR01_PF_MFG_01_04,cmum3jqh8001mf495zaankx05,cmum5dwmo0000ro95qq4day18,قطعة,0,1,1,INSUFFICIENT_SOURCE_EVIDENCE,,,partNumber; manufacturer; specification; verified productId,"Unique name on this machine; machine_parts carries no technical identity columns, so no equivalence can be evaluated. Record preserved unchanged."
MPP-000088,بيت نوزل نحاس للحراقات,cmunlyzry002qlc95gfn309jl,MCH_BR01_PF_MFG_01_04,cmum3jqh8001mf495zaankx05,cmum5dwmo0000ro95qq4day18,قطعة,0,1,1,INSUFFICIENT_SOURCE_EVIDENCE,,,partNumber; manufacturer; specification; verified productId,"Unique name on this machine; machine_parts carries no technical identity columns, so no equivalence can be evaluated. Record preserved unchanged."
MPP-000089,عيون سحرية حراق الديزل,cmunlyzry002qlc95gfn309jl,MCH_BR01_PF_MFG_01_04,cmum3jqh8001mf495zaankx05,cmum5dwmo0000ro95qq4day18,قطعة,0,1,1,INSUFFICIENT_SOURCE_EVIDENCE,,,partNumber; manufacturer; specification; verified productId,"Unique name on this machine; machine_parts carries no technical identity columns, so no equivalence can be evaluated. Record preserved unchanged."
MPP-000090,كنترول بولار ديزل ألماني LMO 14.111C2BT,cmunlyzry002qlc95gfn309jl,MCH_BR01_PF_MFG_01_04,cmum3jqh8001mf495zaankx05,cmum5dwmo0000ro95qq4day18,قطعة,0,1,1,INSUFFICIENT_SOURCE_EVIDENCE,,,partNumber; manufacturer; specification; verified productId,"Unique name on this machine; machine_parts carries no technical identity columns, so no equivalence can be evaluated. Record preserved unchanged."
MPP-000091,مروحة حراق وكالة,cmunlyzry002qlc95gfn309jl,MCH_BR01_PF_MFG_01_04,cmum3jqh8001mf495zaankx05,cmum5dwmo0000ro95qq4day18,قطعة,0,1,1,INSUFFICIENT_SOURCE_EVIDENCE,,,partNumber; manufacturer; specification; verified productId,"Unique name on this machine; machine_parts carries no technical identity columns, so no equivalence can be evaluated. Record preserved unchanged."
MPP-000092,قاعدة كرت كنترول بولار الديزل,cmunlyzry002qlc95gfn309jl,MCH_BR01_PF_MFG_01_04,cmum3jqh8001mf495zaankx05,cmum5dwmo0000ro95qq4day18,قطعة,0,1,1,INSUFFICIENT_SOURCE_EVIDENCE,,,partNumber; manufacturer; specification; verified productId,"Unique name on this machine; machine_parts carries no technical identity columns, so no equivalence can be evaluated. Record preserved unchanged."
MPP-000093,فراش نوزيلين حراق الديزل,cmunlyzry002qlc95gfn309jl,MCH_BR01_PF_MFG_01_04,cmum3jqh8001mf495zaankx05,cmum5dwmo0000ro95qq4day18,قطعة,0,1,1,INSUFFICIENT_SOURCE_EVIDENCE,,,partNumber; manufacturer; specification; verified productId,"Unique name on this machine; machine_parts carries no technical identity columns, so no equivalence can be evaluated. Record preserved unchanged."
MPP-000094,لمد زيت 22×8×6.4 للحراقات,cmunlyzry002qlc95gfn309jl,MCH_BR01_PF_MFG_01_04,cmum3jqh8001mf495zaankx05,cmum5dwmo0000ro95qq4day18,قطعة,0,1,1,INSUFFICIENT_SOURCE_EVIDENCE,,,partNumber; manufacturer; specification; verified productId,"Unique name on this machine; machine_parts carries no technical identity columns, so no equivalence can be evaluated. Record preserved unchanged."
MPP-000095,أصابع شرر مفرد حراق الديزل,cmunlyzry002qlc95gfn309jl,MCH_BR01_PF_MFG_01_04,cmum3jqh8001mf495zaankx05,cmum5dwmo0000ro95qq4day18,قطعة,0,1,1,INSUFFICIENT_SOURCE_EVIDENCE,,,partNumber; manufacturer; specification; verified productId,"Unique name on this machine; machine_parts carries no technical identity columns, so no equivalence can be evaluated. Record preserved unchanged."
MPP-000096,نوزلات بولار ديزل,cmunlyzry002qlc95gfn309jl,MCH_BR01_PF_MFG_01_04,cmum3jqh8001mf495zaankx05,cmum5dwmo0000ro95qq4day18,قطعة,0,1,1,INSUFFICIENT_SOURCE_EVIDENCE,,,partNumber; manufacturer; specification; verified productId,"Unique name on this machine; machine_parts carries no technical identity columns, so no equivalence can be evaluated. Record preserved unchanged."
MPP-000097,محرك الداعس,cmunlyzty002ulc95hg0pyswf,MCH_BR01_PF_MFG_01_05,cmum3jqh8001mf495zaankx05,cmum5dwmo0000ro95qq4day18,قطعة,0,6,5,AMBIGUOUS_TECHNICAL_IDENTITY,,name+unit+quantity (REJECTED as identity),partNumber; manufacturer; specification; verified productId,"Appears on 5 machines as ""محرك الداعس"" with a single consistent unit. Name, unit and quantity are display/usage attributes, not technical identity, so equivalence is unproven. Record preserved unchanged pending authoritative evidence."
MPP-000098,بيرنجات محرك الداعس,cmunlyzty002ulc95hg0pyswf,MCH_BR01_PF_MFG_01_05,cmum3jqh8001mf495zaankx05,cmum5dwmo0000ro95qq4day18,قطعة,0,6,5,AMBIGUOUS_TECHNICAL_IDENTITY,,name+unit+quantity (REJECTED as identity),partNumber; manufacturer; specification; verified productId,"Appears on 5 machines as ""بيرنجات محرك الداعس"" with a single consistent unit. Name, unit and quantity are display/usage attributes, not technical identity, so equivalence is unproven. Record preserved unchanged pending authoritative evidence."
MPP-000099,لمد محرك الداعس,cmunlyzty002ulc95hg0pyswf,MCH_BR01_PF_MFG_01_05,cmum3jqh8001mf495zaankx05,cmum5dwmo0000ro95qq4day18,قطعة,0,6,5,AMBIGUOUS_TECHNICAL_IDENTITY,,name+unit+quantity (REJECTED as identity),partNumber; manufacturer; specification; verified productId,"Appears on 5 machines as ""لمد محرك الداعس"" with a single consistent unit. Name, unit and quantity are display/usage attributes, not technical identity, so equivalence is unproven. Record preserved unchanged pending authoritative evidence."
MPP-000100,جيربوكس محرك الداعس,cmunlyzty002ulc95hg0pyswf,MCH_BR01_PF_MFG_01_05,cmum3jqh8001mf495zaankx05,cmum5dwmo0000ro95qq4day18,قطعة,0,6,5,AMBIGUOUS_TECHNICAL_IDENTITY,,name+unit+quantity (REJECTED as identity),partNumber; manufacturer; specification; verified productId,"Appears on 5 machines as ""جيربوكس محرك الداعس"" with a single consistent unit. Name, unit and quantity are display/usage attributes, not technical identity, so equivalence is unproven. Record preserved unchanged pending authoritative evidence."
MPP-000101,بيرنجات جيربوكس محرك الداعس,cmunlyzty002ulc95hg0pyswf,MCH_BR01_PF_MFG_01_05,cmum3jqh8001mf495zaankx05,cmum5dwmo0000ro95qq4day18,قطعة,0,6,5,AMBIGUOUS_TECHNICAL_IDENTITY,,name+unit+quantity (REJECTED as identity),partNumber; manufacturer; specification; verified productId,"Appears on 5 machines as ""بيرنجات جيربوكس محرك الداعس"" with a single consistent unit. Name, unit and quantity are display/usage attributes, not technical identity, so equivalence is unproven. Record preserved unchanged pending authoritative evidence."
MPP-000102,لمد جيربوكس محرك الداعس,cmunlyzty002ulc95hg0pyswf,MCH_BR01_PF_MFG_01_05,cmum3jqh8001mf495zaankx05,cmum5dwmo0000ro95qq4day18,قطعة,0,6,5,AMBIGUOUS_TECHNICAL_IDENTITY,,name+unit+quantity (REJECTED as identity),partNumber; manufacturer; specification; verified productId,"Appears on 5 machines as ""لمد جيربوكس محرك الداعس"" with a single consistent unit. Name, unit and quantity are display/usage attributes, not technical identity, so equivalence is unproven. Record preserved unchanged pending authoritative evidence."
MPP-000103,زيت جيربوكس محرك الداعس,cmunlyzty002ulc95hg0pyswf,MCH_BR01_PF_MFG_01_05,cmum3jqh8001mf495zaankx05,cmum5dwmo0000ro95qq4day18,قطعة,0,6,5,AMBIGUOUS_TECHNICAL_IDENTITY,,name+unit+quantity (REJECTED as identity),partNumber; manufacturer; specification; verified productId,"Appears on 5 machines as ""زيت جيربوكس محرك الداعس"" with a single consistent unit. Name, unit and quantity are display/usage attributes, not technical identity, so equivalence is unproven. Record preserved unchanged pending authoritative evidence."
MPP-000104,الداعس,cmunlyzty002ulc95hg0pyswf,MCH_BR01_PF_MFG_01_05,cmum3jqh8001mf495zaankx05,cmum5dwmo0000ro95qq4day18,قطعة,0,6,5,AMBIGUOUS_TECHNICAL_IDENTITY,,name+unit+quantity (REJECTED as identity),partNumber; manufacturer; specification; verified productId,"Appears on 5 machines as ""الداعس"" with a single consistent unit. Name, unit and quantity are display/usage attributes, not technical identity, so equivalence is unproven. Record preserved unchanged pending authoritative evidence."
MPP-000105,بيرنجات الداعس,cmunlyzty002ulc95hg0pyswf,MCH_BR01_PF_MFG_01_05,cmum3jqh8001mf495zaankx05,cmum5dwmo0000ro95qq4day18,قطعة,0,6,5,AMBIGUOUS_TECHNICAL_IDENTITY,,name+unit+quantity (REJECTED as identity),partNumber; manufacturer; specification; verified productId,"Appears on 5 machines as ""بيرنجات الداعس"" with a single consistent unit. Name, unit and quantity are display/usage attributes, not technical identity, so equivalence is unproven. Record preserved unchanged pending authoritative evidence."
MPP-000106,كفرات الداعس,cmunlyzty002ulc95hg0pyswf,MCH_BR01_PF_MFG_01_05,cmum3jqh8001mf495zaankx05,cmum5dwmo0000ro95qq4day18,قطعة,0,6,5,AMBIGUOUS_TECHNICAL_IDENTITY,,name+unit+quantity (REJECTED as identity),partNumber; manufacturer; specification; verified productId,"Appears on 5 machines as ""كفرات الداعس"" with a single consistent unit. Name, unit and quantity are display/usage attributes, not technical identity, so equivalence is unproven. Record preserved unchanged pending authoritative evidence."
MPP-000107,انفرتر محرك الداعس,cmunlyzty002ulc95hg0pyswf,MCH_BR01_PF_MFG_01_05,cmum3jqh8001mf495zaankx05,cmum5dwmo0000ro95qq4day18,قطعة,0,6,5,AMBIGUOUS_TECHNICAL_IDENTITY,,name+unit+quantity (REJECTED as identity),partNumber; manufacturer; specification; verified productId,"Appears on 5 machines as ""انفرتر محرك الداعس"" with a single consistent unit. Name, unit and quantity are display/usage attributes, not technical identity, so equivalence is unproven. Record preserved unchanged pending authoritative evidence."
MPP-000108,محرك خلاط النكهة 1,cmunlyzty002ulc95hg0pyswf,MCH_BR01_PF_MFG_01_05,cmum3jqh8001mf495zaankx05,cmum5dwmo0000ro95qq4day18,قطعة,0,6,5,AMBIGUOUS_TECHNICAL_IDENTITY,,name+unit+quantity (REJECTED as identity),partNumber; manufacturer; specification; verified productId,"Appears on 5 machines as ""محرك خلاط النكهة 1"" with a single consistent unit. Name, unit and quantity are display/usage attributes, not technical identity, so equivalence is unproven. Record preserved unchanged pending authoritative evidence."
MPP-000109,بيرنجات محرك خلاط النكهة 1,cmunlyzty002ulc95hg0pyswf,MCH_BR01_PF_MFG_01_05,cmum3jqh8001mf495zaankx05,cmum5dwmo0000ro95qq4day18,قطعة,0,6,5,AMBIGUOUS_TECHNICAL_IDENTITY,,name+unit+quantity (REJECTED as identity),partNumber; manufacturer; specification; verified productId,"Appears on 5 machines as ""بيرنجات محرك خلاط النكهة 1"" with a single consistent unit. Name, unit and quantity are display/usage attributes, not technical identity, so equivalence is unproven. Record preserved unchanged pending authoritative evidence."
MPP-000110,لمد محرك خلاط النكهة 1,cmunlyzty002ulc95hg0pyswf,MCH_BR01_PF_MFG_01_05,cmum3jqh8001mf495zaankx05,cmum5dwmo0000ro95qq4day18,قطعة,0,6,5,AMBIGUOUS_TECHNICAL_IDENTITY,,name+unit+quantity (REJECTED as identity),partNumber; manufacturer; specification; verified productId,"Appears on 5 machines as ""لمد محرك خلاط النكهة 1"" with a single consistent unit. Name, unit and quantity are display/usage attributes, not technical identity, so equivalence is unproven. Record preserved unchanged pending authoritative evidence."
MPP-000111,عمود خلاط النكهة 1,cmunlyzty002ulc95hg0pyswf,MCH_BR01_PF_MFG_01_05,cmum3jqh8001mf495zaankx05,cmum5dwmo0000ro95qq4day18,قطعة,0,6,5,AMBIGUOUS_TECHNICAL_IDENTITY,,name+unit+quantity (REJECTED as identity),partNumber; manufacturer; specification; verified productId,"Appears on 5 machines as ""عمود خلاط النكهة 1"" with a single consistent unit. Name, unit and quantity are display/usage attributes, not technical identity, so equivalence is unproven. Record preserved unchanged pending authoritative evidence."
MPP-000112,بيرنجات عمود خلاط النكهة 1,cmunlyzty002ulc95hg0pyswf,MCH_BR01_PF_MFG_01_05,cmum3jqh8001mf495zaankx05,cmum5dwmo0000ro95qq4day18,قطعة,0,6,5,AMBIGUOUS_TECHNICAL_IDENTITY,,name+unit+quantity (REJECTED as identity),partNumber; manufacturer; specification; verified productId,"Appears on 5 machines as ""بيرنجات عمود خلاط النكهة 1"" with a single consistent unit. Name, unit and quantity are display/usage attributes, not technical identity, so equivalence is unproven. Record preserved unchanged pending authoritative evidence."
MPP-000113,لمد عمود خلاط النكهة 1,cmunlyzty002ulc95hg0pyswf,MCH_BR01_PF_MFG_01_05,cmum3jqh8001mf495zaankx05,cmum5dwmo0000ro95qq4day18,قطعة,0,6,5,AMBIGUOUS_TECHNICAL_IDENTITY,,name+unit+quantity (REJECTED as identity),partNumber; manufacturer; specification; verified productId,"Appears on 5 machines as ""لمد عمود خلاط النكهة 1"" with a single consistent unit. Name, unit and quantity are display/usage attributes, not technical identity, so equivalence is unproven. Record preserved unchanged pending authoritative evidence."
MPP-000114,فيبرات محرك خلاط النكهة 1,cmunlyzty002ulc95hg0pyswf,MCH_BR01_PF_MFG_01_05,cmum3jqh8001mf495zaankx05,cmum5dwmo0000ro95qq4day18,قطعة,0,6,5,AMBIGUOUS_TECHNICAL_IDENTITY,,name+unit+quantity (REJECTED as identity),partNumber; manufacturer; specification; verified productId,"Appears on 5 machines as ""فيبرات محرك خلاط النكهة 1"" with a single consistent unit. Name, unit and quantity are display/usage attributes, not technical identity, so equivalence is unproven. Record preserved unchanged pending authoritative evidence."
MPP-000115,خزان خلاط النكهة 1,cmunlyzty002ulc95hg0pyswf,MCH_BR01_PF_MFG_01_05,cmum3jqh8001mf495zaankx05,cmum5dwmo0000ro95qq4day18,قطعة,0,6,5,AMBIGUOUS_TECHNICAL_IDENTITY,,name+unit+quantity (REJECTED as identity),partNumber; manufacturer; specification; verified productId,"Appears on 5 machines as ""خزان خلاط النكهة 1"" with a single consistent unit. Name, unit and quantity are display/usage attributes, not technical identity, so equivalence is unproven. Record preserved unchanged pending authoritative evidence."
MPP-000116,بيت سخان خزان خلاط النكهة 1,cmunlyzty002ulc95hg0pyswf,MCH_BR01_PF_MFG_01_05,cmum3jqh8001mf495zaankx05,cmum5dwmo0000ro95qq4day18,قطعة,0,6,5,AMBIGUOUS_TECHNICAL_IDENTITY,,name+unit+quantity (REJECTED as identity),partNumber; manufacturer; specification; verified productId,"Appears on 5 machines as ""بيت سخان خزان خلاط النكهة 1"" with a single consistent unit. Name, unit and quantity are display/usage attributes, not technical identity, so equivalence is unproven. Record preserved unchanged pending authoritative evidence."
MPP-000117,سخان خزان خلاط النكهة 1,cmunlyzty002ulc95hg0pyswf,MCH_BR01_PF_MFG_01_05,cmum3jqh8001mf495zaankx05,cmum5dwmo0000ro95qq4day18,قطعة,0,6,5,AMBIGUOUS_TECHNICAL_IDENTITY,,name+unit+quantity (REJECTED as identity),partNumber; manufacturer; specification; verified productId,"Appears on 5 machines as ""سخان خزان خلاط النكهة 1"" with a single consistent unit. Name, unit and quantity are display/usage attributes, not technical identity, so equivalence is unproven. Record preserved unchanged pending authoritative evidence."
MPP-000118,حساس سخان خزان خلاط النكهة 1,cmunlyzty002ulc95hg0pyswf,MCH_BR01_PF_MFG_01_05,cmum3jqh8001mf495zaankx05,cmum5dwmo0000ro95qq4day18,قطعة,0,6,5,AMBIGUOUS_TECHNICAL_IDENTITY,,name+unit+quantity (REJECTED as identity),partNumber; manufacturer; specification; verified productId,"Appears on 5 machines as ""حساس سخان خزان خلاط النكهة 1"" with a single consistent unit. Name, unit and quantity are display/usage attributes, not technical identity, so equivalence is unproven. Record preserved unchanged pending authoritative evidence."
MPP-000119,ساعة حرارة سخان خزان خلاط النكهة 1,cmunlyzty002ulc95hg0pyswf,MCH_BR01_PF_MFG_01_05,cmum3jqh8001mf495zaankx05,cmum5dwmo0000ro95qq4day18,قطعة,0,6,5,AMBIGUOUS_TECHNICAL_IDENTITY,,name+unit+quantity (REJECTED as identity),partNumber; manufacturer; specification; verified productId,"Appears on 5 machines as ""ساعة حرارة سخان خزان خلاط النكهة 1"" with a single consistent unit. Name, unit and quantity are display/usage attributes, not technical identity, so equivalence is unproven. Record preserved unchanged pending authoritative evidence."
MPP-000120,انفرتر محرك خلاط النكهة 1,cmunlyzty002ulc95hg0pyswf,MCH_BR01_PF_MFG_01_05,cmum3jqh8001mf495zaankx05,cmum5dwmo0000ro95qq4day18,قطعة,0,6,5,AMBIGUOUS_TECHNICAL_IDENTITY,,name+unit+quantity (REJECTED as identity),partNumber; manufacturer; specification; verified productId,"Appears on 5 machines as ""انفرتر محرك خلاط النكهة 1"" with a single consistent unit. Name, unit and quantity are display/usage attributes, not technical identity, so equivalence is unproven. Record preserved unchanged pending authoritative evidence."
MPP-000121,محرك خلاط النكهة 2,cmunlyzty002ulc95hg0pyswf,MCH_BR01_PF_MFG_01_05,cmum3jqh8001mf495zaankx05,cmum5dwmo0000ro95qq4day18,قطعة,0,6,5,AMBIGUOUS_TECHNICAL_IDENTITY,,name+unit+quantity (REJECTED as identity),partNumber; manufacturer; specification; verified productId,"Appears on 5 machines as ""محرك خلاط النكهة 2"" with a single consistent unit. Name, unit and quantity are display/usage attributes, not technical identity, so equivalence is unproven. Record preserved unchanged pending authoritative evidence."
MPP-000122,بيرنجات محرك خلاط النكهة 2,cmunlyzty002ulc95hg0pyswf,MCH_BR01_PF_MFG_01_05,cmum3jqh8001mf495zaankx05,cmum5dwmo0000ro95qq4day18,قطعة,0,6,5,AMBIGUOUS_TECHNICAL_IDENTITY,,name+unit+quantity (REJECTED as identity),partNumber; manufacturer; specification; verified productId,"Appears on 5 machines as ""بيرنجات محرك خلاط النكهة 2"" with a single consistent unit. Name, unit and quantity are display/usage attributes, not technical identity, so equivalence is unproven. Record preserved unchanged pending authoritative evidence."
MPP-000123,لمد محرك خلاط النكهة 2,cmunlyzty002ulc95hg0pyswf,MCH_BR01_PF_MFG_01_05,cmum3jqh8001mf495zaankx05,cmum5dwmo0000ro95qq4day18,قطعة,0,6,5,AMBIGUOUS_TECHNICAL_IDENTITY,,name+unit+quantity (REJECTED as identity),partNumber; manufacturer; specification; verified productId,"Appears on 5 machines as ""لمد محرك خلاط النكهة 2"" with a single consistent unit. Name, unit and quantity are display/usage attributes, not technical identity, so equivalence is unproven. Record preserved unchanged pending authoritative evidence."
MPP-000124,عمود خلاط النكهة 2,cmunlyzty002ulc95hg0pyswf,MCH_BR01_PF_MFG_01_05,cmum3jqh8001mf495zaankx05,cmum5dwmo0000ro95qq4day18,قطعة,0,6,5,AMBIGUOUS_TECHNICAL_IDENTITY,,name+unit+quantity (REJECTED as identity),partNumber; manufacturer; specification; verified productId,"Appears on 5 machines as ""عمود خلاط النكهة 2"" with a single consistent unit. Name, unit and quantity are display/usage attributes, not technical identity, so equivalence is unproven. Record preserved unchanged pending authoritative evidence."
MPP-000125,بيرنجات عمود خلاط النكهة 2,cmunlyzty002ulc95hg0pyswf,MCH_BR01_PF_MFG_01_05,cmum3jqh8001mf495zaankx05,cmum5dwmo0000ro95qq4day18,قطعة,0,6,5,AMBIGUOUS_TECHNICAL_IDENTITY,,name+unit+quantity (REJECTED as identity),partNumber; manufacturer; specification; verified productId,"Appears on 5 machines as ""بيرنجات عمود خلاط النكهة 2"" with a single consistent unit. Name, unit and quantity are display/usage attributes, not technical identity, so equivalence is unproven. Record preserved unchanged pending authoritative evidence."
MPP-000126,لمد عمود خلاط النكهة 2,cmunlyzty002ulc95hg0pyswf,MCH_BR01_PF_MFG_01_05,cmum3jqh8001mf495zaankx05,cmum5dwmo0000ro95qq4day18,قطعة,0,6,5,AMBIGUOUS_TECHNICAL_IDENTITY,,name+unit+quantity (REJECTED as identity),partNumber; manufacturer; specification; verified productId,"Appears on 5 machines as ""لمد عمود خلاط النكهة 2"" with a single consistent unit. Name, unit and quantity are display/usage attributes, not technical identity, so equivalence is unproven. Record preserved unchanged pending authoritative evidence."
MPP-000127,فيبرات محرك خلاط النكهة 2,cmunlyzty002ulc95hg0pyswf,MCH_BR01_PF_MFG_01_05,cmum3jqh8001mf495zaankx05,cmum5dwmo0000ro95qq4day18,قطعة,0,6,5,AMBIGUOUS_TECHNICAL_IDENTITY,,name+unit+quantity (REJECTED as identity),partNumber; manufacturer; specification; verified productId,"Appears on 5 machines as ""فيبرات محرك خلاط النكهة 2"" with a single consistent unit. Name, unit and quantity are display/usage attributes, not technical identity, so equivalence is unproven. Record preserved unchanged pending authoritative evidence."
MPP-000128,خزان خلاط النكهة 2,cmunlyzty002ulc95hg0pyswf,MCH_BR01_PF_MFG_01_05,cmum3jqh8001mf495zaankx05,cmum5dwmo0000ro95qq4day18,قطعة,0,6,5,AMBIGUOUS_TECHNICAL_IDENTITY,,name+unit+quantity (REJECTED as identity),partNumber; manufacturer; specification; verified productId,"Appears on 5 machines as ""خزان خلاط النكهة 2"" with a single consistent unit. Name, unit and quantity are display/usage attributes, not technical identity, so equivalence is unproven. Record preserved unchanged pending authoritative evidence."
MPP-000129,بيت سخان خزان خلاط النكهة 2,cmunlyzty002ulc95hg0pyswf,MCH_BR01_PF_MFG_01_05,cmum3jqh8001mf495zaankx05,cmum5dwmo0000ro95qq4day18,قطعة,0,6,5,AMBIGUOUS_TECHNICAL_IDENTITY,,name+unit+quantity (REJECTED as identity),partNumber; manufacturer; specification; verified productId,"Appears on 5 machines as ""بيت سخان خزان خلاط النكهة 2"" with a single consistent unit. Name, unit and quantity are display/usage attributes, not technical identity, so equivalence is unproven. Record preserved unchanged pending authoritative evidence."
MPP-000130,سخان خزان خلاط النكهة 2,cmunlyzty002ulc95hg0pyswf,MCH_BR01_PF_MFG_01_05,cmum3jqh8001mf495zaankx05,cmum5dwmo0000ro95qq4day18,قطعة,0,6,5,AMBIGUOUS_TECHNICAL_IDENTITY,,name+unit+quantity (REJECTED as identity),partNumber; manufacturer; specification; verified productId,"Appears on 5 machines as ""سخان خزان خلاط النكهة 2"" with a single consistent unit. Name, unit and quantity are display/usage attributes, not technical identity, so equivalence is unproven. Record preserved unchanged pending authoritative evidence."
MPP-000131,حساس سخان خزان خلاط النكهة 2,cmunlyzty002ulc95hg0pyswf,MCH_BR01_PF_MFG_01_05,cmum3jqh8001mf495zaankx05,cmum5dwmo0000ro95qq4day18,قطعة,0,6,5,AMBIGUOUS_TECHNICAL_IDENTITY,,name+unit+quantity (REJECTED as identity),partNumber; manufacturer; specification; verified productId,"Appears on 5 machines as ""حساس سخان خزان خلاط النكهة 2"" with a single consistent unit. Name, unit and quantity are display/usage attributes, not technical identity, so equivalence is unproven. Record preserved unchanged pending authoritative evidence."
MPP-000132,ساعة حرارة سخان خزان خلاط النكهة 2,cmunlyzty002ulc95hg0pyswf,MCH_BR01_PF_MFG_01_05,cmum3jqh8001mf495zaankx05,cmum5dwmo0000ro95qq4day18,قطعة,0,6,5,AMBIGUOUS_TECHNICAL_IDENTITY,,name+unit+quantity (REJECTED as identity),partNumber; manufacturer; specification; verified productId,"Appears on 5 machines as ""ساعة حرارة سخان خزان خلاط النكهة 2"" with a single consistent unit. Name, unit and quantity are display/usage attributes, not technical identity, so equivalence is unproven. Record preserved unchanged pending authoritative evidence."
MPP-000133,انفرتر محرك خلاط النكهة 2,cmunlyzty002ulc95hg0pyswf,MCH_BR01_PF_MFG_01_05,cmum3jqh8001mf495zaankx05,cmum5dwmo0000ro95qq4day18,قطعة,0,6,5,AMBIGUOUS_TECHNICAL_IDENTITY,,name+unit+quantity (REJECTED as identity),partNumber; manufacturer; specification; verified productId,"Appears on 5 machines as ""انفرتر محرك خلاط النكهة 2"" with a single consistent unit. Name, unit and quantity are display/usage attributes, not technical identity, so equivalence is unproven. Record preserved unchanged pending authoritative evidence."
MPP-000134,محرك المتنبل,cmunlyzvu002ylc95so7bk9il,MCH_BR01_PF_MFG_01_06,cmum3jqh8001mf495zaankx05,cmum5dwmo0000ro95qq4day18,قطعة,0,9,8,AMBIGUOUS_TECHNICAL_IDENTITY,,name+unit+quantity (REJECTED as identity),partNumber; manufacturer; specification; verified productId,"Appears on 8 machines as ""محرك المتنبل"" with a single consistent unit. Name, unit and quantity are display/usage attributes, not technical identity, so equivalence is unproven. Record preserved unchanged pending authoritative evidence."
MPP-000135,بيرنجات محرك المتنبل,cmunlyzvu002ylc95so7bk9il,MCH_BR01_PF_MFG_01_06,cmum3jqh8001mf495zaankx05,cmum5dwmo0000ro95qq4day18,قطعة,0,9,8,AMBIGUOUS_TECHNICAL_IDENTITY,,name+unit+quantity (REJECTED as identity),partNumber; manufacturer; specification; verified productId,"Appears on 8 machines as ""بيرنجات محرك المتنبل"" with a single consistent unit. Name, unit and quantity are display/usage attributes, not technical identity, so equivalence is unproven. Record preserved unchanged pending authoritative evidence."
MPP-000136,لمد محرك المتنبل,cmunlyzvu002ylc95so7bk9il,MCH_BR01_PF_MFG_01_06,cmum3jqh8001mf495zaankx05,cmum5dwmo0000ro95qq4day18,قطعة,0,9,8,AMBIGUOUS_TECHNICAL_IDENTITY,,name+unit+quantity (REJECTED as identity),partNumber; manufacturer; specification; verified productId,"Appears on 8 machines as ""لمد محرك المتنبل"" with a single consistent unit. Name, unit and quantity are display/usage attributes, not technical identity, so equivalence is unproven. Record preserved unchanged pending authoritative evidence."
MPP-000137,جيربوكس محرك المتنبل,cmunlyzvu002ylc95so7bk9il,MCH_BR01_PF_MFG_01_06,cmum3jqh8001mf495zaankx05,cmum5dwmo0000ro95qq4day18,قطعة,0,9,8,AMBIGUOUS_TECHNICAL_IDENTITY,,name+unit+quantity (REJECTED as identity),partNumber; manufacturer; specification; verified productId,"Appears on 8 machines as ""جيربوكس محرك المتنبل"" with a single consistent unit. Name, unit and quantity are display/usage attributes, not technical identity, so equivalence is unproven. Record preserved unchanged pending authoritative evidence."
MPP-000138,بيرنجات جيربوكس محرك المتنبل,cmunlyzvu002ylc95so7bk9il,MCH_BR01_PF_MFG_01_06,cmum3jqh8001mf495zaankx05,cmum5dwmo0000ro95qq4day18,قطعة,0,9,8,AMBIGUOUS_TECHNICAL_IDENTITY,,name+unit+quantity (REJECTED as identity),partNumber; manufacturer; specification; verified productId,"Appears on 8 machines as ""بيرنجات جيربوكس محرك المتنبل"" with a single consistent unit. Name, unit and quantity are display/usage attributes, not technical identity, so equivalence is unproven. Record preserved unchanged pending authoritative evidence."
MPP-000139,لمد جيربوكس محرك المتنبل,cmunlyzvu002ylc95so7bk9il,MCH_BR01_PF_MFG_01_06,cmum3jqh8001mf495zaankx05,cmum5dwmo0000ro95qq4day18,قطعة,0,9,8,AMBIGUOUS_TECHNICAL_IDENTITY,,name+unit+quantity (REJECTED as identity),partNumber; manufacturer; specification; verified productId,"Appears on 8 machines as ""لمد جيربوكس محرك المتنبل"" with a single consistent unit. Name, unit and quantity are display/usage attributes, not technical identity, so equivalence is unproven. Record preserved unchanged pending authoritative evidence."
MPP-000140,زيت جيربوكس محرك المتنبل,cmunlyzvu002ylc95so7bk9il,MCH_BR01_PF_MFG_01_06,cmum3jqh8001mf495zaankx05,cmum5dwmo0000ro95qq4day18,قطعة,0,9,8,AMBIGUOUS_TECHNICAL_IDENTITY,,name+unit+quantity (REJECTED as identity),partNumber; manufacturer; specification; verified productId,"Appears on 8 machines as ""زيت جيربوكس محرك المتنبل"" with a single consistent unit. Name, unit and quantity are display/usage attributes, not technical identity, so equivalence is unproven. Record preserved unchanged pending authoritative evidence."
MPP-000141,ترس جيربوكس محرك المتنبل,cmunlyzvu002ylc95so7bk9il,MCH_BR01_PF_MFG_01_06,cmum3jqh8001mf495zaankx05,cmum5dwmo0000ro95qq4day18,قطعة,0,9,8,AMBIGUOUS_TECHNICAL_IDENTITY,,name+unit+quantity (REJECTED as identity),partNumber; manufacturer; specification; verified productId,"Appears on 8 machines as ""ترس جيربوكس محرك المتنبل"" with a single consistent unit. Name, unit and quantity are display/usage attributes, not technical identity, so equivalence is unproven. Record preserved unchanged pending authoritative evidence."
MPP-000142,سلسلة ترس جيربوكس محرك المتنبل,cmunlyzvu002ylc95so7bk9il,MCH_BR01_PF_MFG_01_06,cmum3jqh8001mf495zaankx05,cmum5dwmo0000ro95qq4day18,قطعة,0,9,8,AMBIGUOUS_TECHNICAL_IDENTITY,,name+unit+quantity (REJECTED as identity),partNumber; manufacturer; specification; verified productId,"Appears on 8 machines as ""سلسلة ترس جيربوكس محرك المتنبل"" with a single consistent unit. Name, unit and quantity are display/usage attributes, not technical identity, so equivalence is unproven. Record preserved unchanged pending authoritative evidence."
MPP-000143,ترس عمود المتنبل,cmunlyzvu002ylc95so7bk9il,MCH_BR01_PF_MFG_01_06,cmum3jqh8001mf495zaankx05,cmum5dwmo0000ro95qq4day18,قطعة,0,9,8,AMBIGUOUS_TECHNICAL_IDENTITY,,name+unit+quantity (REJECTED as identity),partNumber; manufacturer; specification; verified productId,"Appears on 8 machines as ""ترس عمود المتنبل"" with a single consistent unit. Name, unit and quantity are display/usage attributes, not technical identity, so equivalence is unproven. Record preserved unchanged pending authoritative evidence."
MPP-000144,بيرنجات عمود المتنبل,cmunlyzvu002ylc95so7bk9il,MCH_BR01_PF_MFG_01_06,cmum3jqh8001mf495zaankx05,cmum5dwmo0000ro95qq4day18,قطعة,0,9,8,AMBIGUOUS_TECHNICAL_IDENTITY,,name+unit+quantity (REJECTED as identity),partNumber; manufacturer; specification; verified productId,"Appears on 8 machines as ""بيرنجات عمود المتنبل"" with a single consistent unit. Name, unit and quantity are display/usage attributes, not technical identity, so equivalence is unproven. Record preserved unchanged pending authoritative evidence."
MPP-000145,كفرات عمود المتنبل,cmunlyzvu002ylc95so7bk9il,MCH_BR01_PF_MFG_01_06,cmum3jqh8001mf495zaankx05,cmum5dwmo0000ro95qq4day18,قطعة,0,9,8,AMBIGUOUS_TECHNICAL_IDENTITY,,name+unit+quantity (REJECTED as identity),partNumber; manufacturer; specification; verified productId,"Appears on 8 machines as ""كفرات عمود المتنبل"" with a single consistent unit. Name, unit and quantity are display/usage attributes, not technical identity, so equivalence is unproven. Record preserved unchanged pending authoritative evidence."
MPP-000146,انفرتر محرك المتنبل,cmunlyzvu002ylc95so7bk9il,MCH_BR01_PF_MFG_01_06,cmum3jqh8001mf495zaankx05,cmum5dwmo0000ro95qq4day18,قطعة,0,9,8,AMBIGUOUS_TECHNICAL_IDENTITY,,name+unit+quantity (REJECTED as identity),partNumber; manufacturer; specification; verified productId,"Appears on 8 machines as ""انفرتر محرك المتنبل"" with a single consistent unit. Name, unit and quantity are display/usage attributes, not technical identity, so equivalence is unproven. Record preserved unchanged pending authoritative evidence."
MPP-000147,محرك خلاط الذرة,cmunlyzxs0032lc956ask817o,MCH_BR01_PF_MFG_02_01,cmum3jqh8001mf495zaankx05,cmum5dwmo0000ro95qq4day18,قطعة,0,5,5,AMBIGUOUS_TECHNICAL_IDENTITY,,name+unit+quantity (REJECTED as identity),partNumber; manufacturer; specification; verified productId,"Appears on 5 machines as ""محرك خلاط الذرة"" with a single consistent unit. Name, unit and quantity are display/usage attributes, not technical identity, so equivalence is unproven. Record preserved unchanged pending authoritative evidence."
MPP-000148,بيرنجات محرك خلاط الذرة,cmunlyzxs0032lc956ask817o,MCH_BR01_PF_MFG_02_01,cmum3jqh8001mf495zaankx05,cmum5dwmo0000ro95qq4day18,قطعة,0,5,5,AMBIGUOUS_TECHNICAL_IDENTITY,,name+unit+quantity (REJECTED as identity),partNumber; manufacturer; specification; verified productId,"Appears on 5 machines as ""بيرنجات محرك خلاط الذرة"" with a single consistent unit. Name, unit and quantity are display/usage attributes, not technical identity, so equivalence is unproven. Record preserved unchanged pending authoritative evidence."
MPP-000149,لمد محرك خلاط الذرة,cmunlyzxs0032lc956ask817o,MCH_BR01_PF_MFG_02_01,cmum3jqh8001mf495zaankx05,cmum5dwmo0000ro95qq4day18,قطعة,0,5,5,AMBIGUOUS_TECHNICAL_IDENTITY,,name+unit+quantity (REJECTED as identity),partNumber; manufacturer; specification; verified productId,"Appears on 5 machines as ""لمد محرك خلاط الذرة"" with a single consistent unit. Name, unit and quantity are display/usage attributes, not technical identity, so equivalence is unproven. Record preserved unchanged pending authoritative evidence."
MPP-000150,حلزون خلاط الذرة,cmunlyzxs0032lc956ask817o,MCH_BR01_PF_MFG_02_01,cmum3jqh8001mf495zaankx05,cmum5dwmo0000ro95qq4day18,قطعة,0,5,5,AMBIGUOUS_TECHNICAL_IDENTITY,,name+unit+quantity (REJECTED as identity),partNumber; manufacturer; specification; verified productId,"Appears on 5 machines as ""حلزون خلاط الذرة"" with a single consistent unit. Name, unit and quantity are display/usage attributes, not technical identity, so equivalence is unproven. Record preserved unchanged pending authoritative evidence."
MPP-000151,بيرنجات حلزون خلاط الذرة,cmunlyzxs0032lc956ask817o,MCH_BR01_PF_MFG_02_01,cmum3jqh8001mf495zaankx05,cmum5dwmo0000ro95qq4day18,قطعة,0,5,5,AMBIGUOUS_TECHNICAL_IDENTITY,,name+unit+quantity (REJECTED as identity),partNumber; manufacturer; specification; verified productId,"Appears on 5 machines as ""بيرنجات حلزون خلاط الذرة"" with a single consistent unit. Name, unit and quantity are display/usage attributes, not technical identity, so equivalence is unproven. Record preserved unchanged pending authoritative evidence."
MPP-000152,سيور النقل لخلاط الذرة,cmunlyzxs0032lc956ask817o,MCH_BR01_PF_MFG_02_01,cmum3jqh8001mf495zaankx05,cmum5dwmo0000ro95qq4day18,قطعة,0,5,5,AMBIGUOUS_TECHNICAL_IDENTITY,,name+unit+quantity (REJECTED as identity),partNumber; manufacturer; specification; verified productId,"Appears on 5 machines as ""سيور النقل لخلاط الذرة"" with a single consistent unit. Name, unit and quantity are display/usage attributes, not technical identity, so equivalence is unproven. Record preserved unchanged pending authoritative evidence."
MPP-000153,محرك الداعس,cmunlz05v003ilc95651rdzs4,MCH_BR01_PF_MFG_02_05,cmum3jqh8001mf495zaankx05,cmum5dwmo0000ro95qq4day18,قطعة,0,6,5,AMBIGUOUS_TECHNICAL_IDENTITY,,name+unit+quantity (REJECTED as identity),partNumber; manufacturer; specification; verified productId,"Appears on 5 machines as ""محرك الداعس"" with a single consistent unit. Name, unit and quantity are display/usage attributes, not technical identity, so equivalence is unproven. Record preserved unchanged pending authoritative evidence."
MPP-000154,بيرنجات محرك الداعس,cmunlz05v003ilc95651rdzs4,MCH_BR01_PF_MFG_02_05,cmum3jqh8001mf495zaankx05,cmum5dwmo0000ro95qq4day18,قطعة,0,6,5,AMBIGUOUS_TECHNICAL_IDENTITY,,name+unit+quantity (REJECTED as identity),partNumber; manufacturer; specification; verified productId,"Appears on 5 machines as ""بيرنجات محرك الداعس"" with a single consistent unit. Name, unit and quantity are display/usage attributes, not technical identity, so equivalence is unproven. Record preserved unchanged pending authoritative evidence."
MPP-000155,لمد محرك الداعس,cmunlz05v003ilc95651rdzs4,MCH_BR01_PF_MFG_02_05,cmum3jqh8001mf495zaankx05,cmum5dwmo0000ro95qq4day18,قطعة,0,6,5,AMBIGUOUS_TECHNICAL_IDENTITY,,name+unit+quantity (REJECTED as identity),partNumber; manufacturer; specification; verified productId,"Appears on 5 machines as ""لمد محرك الداعس"" with a single consistent unit. Name, unit and quantity are display/usage attributes, not technical identity, so equivalence is unproven. Record preserved unchanged pending authoritative evidence."
MPP-000156,جيربوكس محرك الداعس,cmunlz05v003ilc95651rdzs4,MCH_BR01_PF_MFG_02_05,cmum3jqh8001mf495zaankx05,cmum5dwmo0000ro95qq4day18,قطعة,0,6,5,AMBIGUOUS_TECHNICAL_IDENTITY,,name+unit+quantity (REJECTED as identity),partNumber; manufacturer; specification; verified productId,"Appears on 5 machines as ""جيربوكس محرك الداعس"" with a single consistent unit. Name, unit and quantity are display/usage attributes, not technical identity, so equivalence is unproven. Record preserved unchanged pending authoritative evidence."
MPP-000157,بيرنجات جيربوكس محرك الداعس,cmunlz05v003ilc95651rdzs4,MCH_BR01_PF_MFG_02_05,cmum3jqh8001mf495zaankx05,cmum5dwmo0000ro95qq4day18,قطعة,0,6,5,AMBIGUOUS_TECHNICAL_IDENTITY,,name+unit+quantity (REJECTED as identity),partNumber; manufacturer; specification; verified productId,"Appears on 5 machines as ""بيرنجات جيربوكس محرك الداعس"" with a single consistent unit. Name, unit and quantity are display/usage attributes, not technical identity, so equivalence is unproven. Record preserved unchanged pending authoritative evidence."
MPP-000158,لمد جيربوكس محرك الداعس,cmunlz05v003ilc95651rdzs4,MCH_BR01_PF_MFG_02_05,cmum3jqh8001mf495zaankx05,cmum5dwmo0000ro95qq4day18,قطعة,0,6,5,AMBIGUOUS_TECHNICAL_IDENTITY,,name+unit+quantity (REJECTED as identity),partNumber; manufacturer; specification; verified productId,"Appears on 5 machines as ""لمد جيربوكس محرك الداعس"" with a single consistent unit. Name, unit and quantity are display/usage attributes, not technical identity, so equivalence is unproven. Record preserved unchanged pending authoritative evidence."
MPP-000159,زيت جيربوكس محرك الداعس,cmunlz05v003ilc95651rdzs4,MCH_BR01_PF_MFG_02_05,cmum3jqh8001mf495zaankx05,cmum5dwmo0000ro95qq4day18,قطعة,0,6,5,AMBIGUOUS_TECHNICAL_IDENTITY,,name+unit+quantity (REJECTED as identity),partNumber; manufacturer; specification; verified productId,"Appears on 5 machines as ""زيت جيربوكس محرك الداعس"" with a single consistent unit. Name, unit and quantity are display/usage attributes, not technical identity, so equivalence is unproven. Record preserved unchanged pending authoritative evidence."
MPP-000160,الداعس,cmunlz05v003ilc95651rdzs4,MCH_BR01_PF_MFG_02_05,cmum3jqh8001mf495zaankx05,cmum5dwmo0000ro95qq4day18,قطعة,0,6,5,AMBIGUOUS_TECHNICAL_IDENTITY,,name+unit+quantity (REJECTED as identity),partNumber; manufacturer; specification; verified productId,"Appears on 5 machines as ""الداعس"" with a single consistent unit. Name, unit and quantity are display/usage attributes, not technical identity, so equivalence is unproven. Record preserved unchanged pending authoritative evidence."
MPP-000161,بيرنجات الداعس,cmunlz05v003ilc95651rdzs4,MCH_BR01_PF_MFG_02_05,cmum3jqh8001mf495zaankx05,cmum5dwmo0000ro95qq4day18,قطعة,0,6,5,AMBIGUOUS_TECHNICAL_IDENTITY,,name+unit+quantity (REJECTED as identity),partNumber; manufacturer; specification; verified productId,"Appears on 5 machines as ""بيرنجات الداعس"" with a single consistent unit. Name, unit and quantity are display/usage attributes, not technical identity, so equivalence is unproven. Record preserved unchanged pending authoritative evidence."
MPP-000162,كفرات الداعس,cmunlz05v003ilc95651rdzs4,MCH_BR01_PF_MFG_02_05,cmum3jqh8001mf495zaankx05,cmum5dwmo0000ro95qq4day18,قطعة,0,6,5,AMBIGUOUS_TECHNICAL_IDENTITY,,name+unit+quantity (REJECTED as identity),partNumber; manufacturer; specification; verified productId,"Appears on 5 machines as ""كفرات الداعس"" with a single consistent unit. Name, unit and quantity are display/usage attributes, not technical identity, so equivalence is unproven. Record preserved unchanged pending authoritative evidence."
MPP-000163,انفرتر محرك الداعس,cmunlz05v003ilc95651rdzs4,MCH_BR01_PF_MFG_02_05,cmum3jqh8001mf495zaankx05,cmum5dwmo0000ro95qq4day18,قطعة,0,6,5,AMBIGUOUS_TECHNICAL_IDENTITY,,name+unit+quantity (REJECTED as identity),partNumber; manufacturer; specification; verified productId,"Appears on 5 machines as ""انفرتر محرك الداعس"" with a single consistent unit. Name, unit and quantity are display/usage attributes, not technical identity, so equivalence is unproven. Record preserved unchanged pending authoritative evidence."
MPP-000164,محرك خلاط النكهة 1,cmunlz05v003ilc95651rdzs4,MCH_BR01_PF_MFG_02_05,cmum3jqh8001mf495zaankx05,cmum5dwmo0000ro95qq4day18,قطعة,0,6,5,AMBIGUOUS_TECHNICAL_IDENTITY,,name+unit+quantity (REJECTED as identity),partNumber; manufacturer; specification; verified productId,"Appears on 5 machines as ""محرك خلاط النكهة 1"" with a single consistent unit. Name, unit and quantity are display/usage attributes, not technical identity, so equivalence is unproven. Record preserved unchanged pending authoritative evidence."
MPP-000165,بيرنجات محرك خلاط النكهة 1,cmunlz05v003ilc95651rdzs4,MCH_BR01_PF_MFG_02_05,cmum3jqh8001mf495zaankx05,cmum5dwmo0000ro95qq4day18,قطعة,0,6,5,AMBIGUOUS_TECHNICAL_IDENTITY,,name+unit+quantity (REJECTED as identity),partNumber; manufacturer; specification; verified productId,"Appears on 5 machines as ""بيرنجات محرك خلاط النكهة 1"" with a single consistent unit. Name, unit and quantity are display/usage attributes, not technical identity, so equivalence is unproven. Record preserved unchanged pending authoritative evidence."
MPP-000166,لمد محرك خلاط النكهة 1,cmunlz05v003ilc95651rdzs4,MCH_BR01_PF_MFG_02_05,cmum3jqh8001mf495zaankx05,cmum5dwmo0000ro95qq4day18,قطعة,0,6,5,AMBIGUOUS_TECHNICAL_IDENTITY,,name+unit+quantity (REJECTED as identity),partNumber; manufacturer; specification; verified productId,"Appears on 5 machines as ""لمد محرك خلاط النكهة 1"" with a single consistent unit. Name, unit and quantity are display/usage attributes, not technical identity, so equivalence is unproven. Record preserved unchanged pending authoritative evidence."
MPP-000167,عمود خلاط النكهة 1,cmunlz05v003ilc95651rdzs4,MCH_BR01_PF_MFG_02_05,cmum3jqh8001mf495zaankx05,cmum5dwmo0000ro95qq4day18,قطعة,0,6,5,AMBIGUOUS_TECHNICAL_IDENTITY,,name+unit+quantity (REJECTED as identity),partNumber; manufacturer; specification; verified productId,"Appears on 5 machines as ""عمود خلاط النكهة 1"" with a single consistent unit. Name, unit and quantity are display/usage attributes, not technical identity, so equivalence is unproven. Record preserved unchanged pending authoritative evidence."
MPP-000168,بيرنجات عمود خلاط النكهة 1,cmunlz05v003ilc95651rdzs4,MCH_BR01_PF_MFG_02_05,cmum3jqh8001mf495zaankx05,cmum5dwmo0000ro95qq4day18,قطعة,0,6,5,AMBIGUOUS_TECHNICAL_IDENTITY,,name+unit+quantity (REJECTED as identity),partNumber; manufacturer; specification; verified productId,"Appears on 5 machines as ""بيرنجات عمود خلاط النكهة 1"" with a single consistent unit. Name, unit and quantity are display/usage attributes, not technical identity, so equivalence is unproven. Record preserved unchanged pending authoritative evidence."
MPP-000169,لمد عمود خلاط النكهة 1,cmunlz05v003ilc95651rdzs4,MCH_BR01_PF_MFG_02_05,cmum3jqh8001mf495zaankx05,cmum5dwmo0000ro95qq4day18,قطعة,0,6,5,AMBIGUOUS_TECHNICAL_IDENTITY,,name+unit+quantity (REJECTED as identity),partNumber; manufacturer; specification; verified productId,"Appears on 5 machines as ""لمد عمود خلاط النكهة 1"" with a single consistent unit. Name, unit and quantity are display/usage attributes, not technical identity, so equivalence is unproven. Record preserved unchanged pending authoritative evidence."
MPP-000170,فيبرات محرك خلاط النكهة 1,cmunlz05v003ilc95651rdzs4,MCH_BR01_PF_MFG_02_05,cmum3jqh8001mf495zaankx05,cmum5dwmo0000ro95qq4day18,قطعة,0,6,5,AMBIGUOUS_TECHNICAL_IDENTITY,,name+unit+quantity (REJECTED as identity),partNumber; manufacturer; specification; verified productId,"Appears on 5 machines as ""فيبرات محرك خلاط النكهة 1"" with a single consistent unit. Name, unit and quantity are display/usage attributes, not technical identity, so equivalence is unproven. Record preserved unchanged pending authoritative evidence."
MPP-000171,خزان خلاط النكهة 1,cmunlz05v003ilc95651rdzs4,MCH_BR01_PF_MFG_02_05,cmum3jqh8001mf495zaankx05,cmum5dwmo0000ro95qq4day18,قطعة,0,6,5,AMBIGUOUS_TECHNICAL_IDENTITY,,name+unit+quantity (REJECTED as identity),partNumber; manufacturer; specification; verified productId,"Appears on 5 machines as ""خزان خلاط النكهة 1"" with a single consistent unit. Name, unit and quantity are display/usage attributes, not technical identity, so equivalence is unproven. Record preserved unchanged pending authoritative evidence."
MPP-000172,بيت سخان خزان خلاط النكهة 1,cmunlz05v003ilc95651rdzs4,MCH_BR01_PF_MFG_02_05,cmum3jqh8001mf495zaankx05,cmum5dwmo0000ro95qq4day18,قطعة,0,6,5,AMBIGUOUS_TECHNICAL_IDENTITY,,name+unit+quantity (REJECTED as identity),partNumber; manufacturer; specification; verified productId,"Appears on 5 machines as ""بيت سخان خزان خلاط النكهة 1"" with a single consistent unit. Name, unit and quantity are display/usage attributes, not technical identity, so equivalence is unproven. Record preserved unchanged pending authoritative evidence."
MPP-000173,سخان خزان خلاط النكهة 1,cmunlz05v003ilc95651rdzs4,MCH_BR01_PF_MFG_02_05,cmum3jqh8001mf495zaankx05,cmum5dwmo0000ro95qq4day18,قطعة,0,6,5,AMBIGUOUS_TECHNICAL_IDENTITY,,name+unit+quantity (REJECTED as identity),partNumber; manufacturer; specification; verified productId,"Appears on 5 machines as ""سخان خزان خلاط النكهة 1"" with a single consistent unit. Name, unit and quantity are display/usage attributes, not technical identity, so equivalence is unproven. Record preserved unchanged pending authoritative evidence."
MPP-000174,حساس سخان خزان خلاط النكهة 1,cmunlz05v003ilc95651rdzs4,MCH_BR01_PF_MFG_02_05,cmum3jqh8001mf495zaankx05,cmum5dwmo0000ro95qq4day18,قطعة,0,6,5,AMBIGUOUS_TECHNICAL_IDENTITY,,name+unit+quantity (REJECTED as identity),partNumber; manufacturer; specification; verified productId,"Appears on 5 machines as ""حساس سخان خزان خلاط النكهة 1"" with a single consistent unit. Name, unit and quantity are display/usage attributes, not technical identity, so equivalence is unproven. Record preserved unchanged pending authoritative evidence."
MPP-000175,ساعة حرارة سخان خزان خلاط النكهة 1,cmunlz05v003ilc95651rdzs4,MCH_BR01_PF_MFG_02_05,cmum3jqh8001mf495zaankx05,cmum5dwmo0000ro95qq4day18,قطعة,0,6,5,AMBIGUOUS_TECHNICAL_IDENTITY,,name+unit+quantity (REJECTED as identity),partNumber; manufacturer; specification; verified productId,"Appears on 5 machines as ""ساعة حرارة سخان خزان خلاط النكهة 1"" with a single consistent unit. Name, unit and quantity are display/usage attributes, not technical identity, so equivalence is unproven. Record preserved unchanged pending authoritative evidence."
MPP-000176,انفرتر محرك خلاط النكهة 1,cmunlz05v003ilc95651rdzs4,MCH_BR01_PF_MFG_02_05,cmum3jqh8001mf495zaankx05,cmum5dwmo0000ro95qq4day18,قطعة,0,6,5,AMBIGUOUS_TECHNICAL_IDENTITY,,name+unit+quantity (REJECTED as identity),partNumber; manufacturer; specification; verified productId,"Appears on 5 machines as ""انفرتر محرك خلاط النكهة 1"" with a single consistent unit. Name, unit and quantity are display/usage attributes, not technical identity, so equivalence is unproven. Record preserved unchanged pending authoritative evidence."
MPP-000177,محرك خلاط النكهة 2,cmunlz05v003ilc95651rdzs4,MCH_BR01_PF_MFG_02_05,cmum3jqh8001mf495zaankx05,cmum5dwmo0000ro95qq4day18,قطعة,0,6,5,AMBIGUOUS_TECHNICAL_IDENTITY,,name+unit+quantity (REJECTED as identity),partNumber; manufacturer; specification; verified productId,"Appears on 5 machines as ""محرك خلاط النكهة 2"" with a single consistent unit. Name, unit and quantity are display/usage attributes, not technical identity, so equivalence is unproven. Record preserved unchanged pending authoritative evidence."
MPP-000178,بيرنجات محرك خلاط النكهة 2,cmunlz05v003ilc95651rdzs4,MCH_BR01_PF_MFG_02_05,cmum3jqh8001mf495zaankx05,cmum5dwmo0000ro95qq4day18,قطعة,0,6,5,AMBIGUOUS_TECHNICAL_IDENTITY,,name+unit+quantity (REJECTED as identity),partNumber; manufacturer; specification; verified productId,"Appears on 5 machines as ""بيرنجات محرك خلاط النكهة 2"" with a single consistent unit. Name, unit and quantity are display/usage attributes, not technical identity, so equivalence is unproven. Record preserved unchanged pending authoritative evidence."
MPP-000179,لمد محرك خلاط النكهة 2,cmunlz05v003ilc95651rdzs4,MCH_BR01_PF_MFG_02_05,cmum3jqh8001mf495zaankx05,cmum5dwmo0000ro95qq4day18,قطعة,0,6,5,AMBIGUOUS_TECHNICAL_IDENTITY,,name+unit+quantity (REJECTED as identity),partNumber; manufacturer; specification; verified productId,"Appears on 5 machines as ""لمد محرك خلاط النكهة 2"" with a single consistent unit. Name, unit and quantity are display/usage attributes, not technical identity, so equivalence is unproven. Record preserved unchanged pending authoritative evidence."
MPP-000180,عمود خلاط النكهة 2,cmunlz05v003ilc95651rdzs4,MCH_BR01_PF_MFG_02_05,cmum3jqh8001mf495zaankx05,cmum5dwmo0000ro95qq4day18,قطعة,0,6,5,AMBIGUOUS_TECHNICAL_IDENTITY,,name+unit+quantity (REJECTED as identity),partNumber; manufacturer; specification; verified productId,"Appears on 5 machines as ""عمود خلاط النكهة 2"" with a single consistent unit. Name, unit and quantity are display/usage attributes, not technical identity, so equivalence is unproven. Record preserved unchanged pending authoritative evidence."
MPP-000181,بيرنجات عمود خلاط النكهة 2,cmunlz05v003ilc95651rdzs4,MCH_BR01_PF_MFG_02_05,cmum3jqh8001mf495zaankx05,cmum5dwmo0000ro95qq4day18,قطعة,0,6,5,AMBIGUOUS_TECHNICAL_IDENTITY,,name+unit+quantity (REJECTED as identity),partNumber; manufacturer; specification; verified productId,"Appears on 5 machines as ""بيرنجات عمود خلاط النكهة 2"" with a single consistent unit. Name, unit and quantity are display/usage attributes, not technical identity, so equivalence is unproven. Record preserved unchanged pending authoritative evidence."
MPP-000182,لمد عمود خلاط النكهة 2,cmunlz05v003ilc95651rdzs4,MCH_BR01_PF_MFG_02_05,cmum3jqh8001mf495zaankx05,cmum5dwmo0000ro95qq4day18,قطعة,0,6,5,AMBIGUOUS_TECHNICAL_IDENTITY,,name+unit+quantity (REJECTED as identity),partNumber; manufacturer; specification; verified productId,"Appears on 5 machines as ""لمد عمود خلاط النكهة 2"" with a single consistent unit. Name, unit and quantity are display/usage attributes, not technical identity, so equivalence is unproven. Record preserved unchanged pending authoritative evidence."
MPP-000183,فيبرات محرك خلاط النكهة 2,cmunlz05v003ilc95651rdzs4,MCH_BR01_PF_MFG_02_05,cmum3jqh8001mf495zaankx05,cmum5dwmo0000ro95qq4day18,قطعة,0,6,5,AMBIGUOUS_TECHNICAL_IDENTITY,,name+unit+quantity (REJECTED as identity),partNumber; manufacturer; specification; verified productId,"Appears on 5 machines as ""فيبرات محرك خلاط النكهة 2"" with a single consistent unit. Name, unit and quantity are display/usage attributes, not technical identity, so equivalence is unproven. Record preserved unchanged pending authoritative evidence."
MPP-000184,خزان خلاط النكهة 2,cmunlz05v003ilc95651rdzs4,MCH_BR01_PF_MFG_02_05,cmum3jqh8001mf495zaankx05,cmum5dwmo0000ro95qq4day18,قطعة,0,6,5,AMBIGUOUS_TECHNICAL_IDENTITY,,name+unit+quantity (REJECTED as identity),partNumber; manufacturer; specification; verified productId,"Appears on 5 machines as ""خزان خلاط النكهة 2"" with a single consistent unit. Name, unit and quantity are display/usage attributes, not technical identity, so equivalence is unproven. Record preserved unchanged pending authoritative evidence."
MPP-000185,بيت سخان خزان خلاط النكهة 2,cmunlz05v003ilc95651rdzs4,MCH_BR01_PF_MFG_02_05,cmum3jqh8001mf495zaankx05,cmum5dwmo0000ro95qq4day18,قطعة,0,6,5,AMBIGUOUS_TECHNICAL_IDENTITY,,name+unit+quantity (REJECTED as identity),partNumber; manufacturer; specification; verified productId,"Appears on 5 machines as ""بيت سخان خزان خلاط النكهة 2"" with a single consistent unit. Name, unit and quantity are display/usage attributes, not technical identity, so equivalence is unproven. Record preserved unchanged pending authoritative evidence."
MPP-000186,سخان خزان خلاط النكهة 2,cmunlz05v003ilc95651rdzs4,MCH_BR01_PF_MFG_02_05,cmum3jqh8001mf495zaankx05,cmum5dwmo0000ro95qq4day18,قطعة,0,6,5,AMBIGUOUS_TECHNICAL_IDENTITY,,name+unit+quantity (REJECTED as identity),partNumber; manufacturer; specification; verified productId,"Appears on 5 machines as ""سخان خزان خلاط النكهة 2"" with a single consistent unit. Name, unit and quantity are display/usage attributes, not technical identity, so equivalence is unproven. Record preserved unchanged pending authoritative evidence."
MPP-000187,حساس سخان خزان خلاط النكهة 2,cmunlz05v003ilc95651rdzs4,MCH_BR01_PF_MFG_02_05,cmum3jqh8001mf495zaankx05,cmum5dwmo0000ro95qq4day18,قطعة,0,6,5,AMBIGUOUS_TECHNICAL_IDENTITY,,name+unit+quantity (REJECTED as identity),partNumber; manufacturer; specification; verified productId,"Appears on 5 machines as ""حساس سخان خزان خلاط النكهة 2"" with a single consistent unit. Name, unit and quantity are display/usage attributes, not technical identity, so equivalence is unproven. Record preserved unchanged pending authoritative evidence."
MPP-000188,ساعة حرارة سخان خزان خلاط النكهة 2,cmunlz05v003ilc95651rdzs4,MCH_BR01_PF_MFG_02_05,cmum3jqh8001mf495zaankx05,cmum5dwmo0000ro95qq4day18,قطعة,0,6,5,AMBIGUOUS_TECHNICAL_IDENTITY,,name+unit+quantity (REJECTED as identity),partNumber; manufacturer; specification; verified productId,"Appears on 5 machines as ""ساعة حرارة سخان خزان خلاط النكهة 2"" with a single consistent unit. Name, unit and quantity are display/usage attributes, not technical identity, so equivalence is unproven. Record preserved unchanged pending authoritative evidence."
MPP-000189,انفرتر محرك خلاط النكهة 2,cmunlz05v003ilc95651rdzs4,MCH_BR01_PF_MFG_02_05,cmum3jqh8001mf495zaankx05,cmum5dwmo0000ro95qq4day18,قطعة,0,6,5,AMBIGUOUS_TECHNICAL_IDENTITY,,name+unit+quantity (REJECTED as identity),partNumber; manufacturer; specification; verified productId,"Appears on 5 machines as ""انفرتر محرك خلاط النكهة 2"" with a single consistent unit. Name, unit and quantity are display/usage attributes, not technical identity, so equivalence is unproven. Record preserved unchanged pending authoritative evidence."
MPP-000190,محرك المتنبل,cmunlz087003mlc95jpqs83ux,MCH_BR01_PF_MFG_02_06,cmum3jqh8001mf495zaankx05,cmum5dwmo0000ro95qq4day18,قطعة,0,9,8,AMBIGUOUS_TECHNICAL_IDENTITY,,name+unit+quantity (REJECTED as identity),partNumber; manufacturer; specification; verified productId,"Appears on 8 machines as ""محرك المتنبل"" with a single consistent unit. Name, unit and quantity are display/usage attributes, not technical identity, so equivalence is unproven. Record preserved unchanged pending authoritative evidence."
MPP-000191,بيرنجات محرك المتنبل,cmunlz087003mlc95jpqs83ux,MCH_BR01_PF_MFG_02_06,cmum3jqh8001mf495zaankx05,cmum5dwmo0000ro95qq4day18,قطعة,0,9,8,AMBIGUOUS_TECHNICAL_IDENTITY,,name+unit+quantity (REJECTED as identity),partNumber; manufacturer; specification; verified productId,"Appears on 8 machines as ""بيرنجات محرك المتنبل"" with a single consistent unit. Name, unit and quantity are display/usage attributes, not technical identity, so equivalence is unproven. Record preserved unchanged pending authoritative evidence."
MPP-000192,لمد محرك المتنبل,cmunlz087003mlc95jpqs83ux,MCH_BR01_PF_MFG_02_06,cmum3jqh8001mf495zaankx05,cmum5dwmo0000ro95qq4day18,قطعة,0,9,8,AMBIGUOUS_TECHNICAL_IDENTITY,,name+unit+quantity (REJECTED as identity),partNumber; manufacturer; specification; verified productId,"Appears on 8 machines as ""لمد محرك المتنبل"" with a single consistent unit. Name, unit and quantity are display/usage attributes, not technical identity, so equivalence is unproven. Record preserved unchanged pending authoritative evidence."
MPP-000193,جيربوكس محرك المتنبل,cmunlz087003mlc95jpqs83ux,MCH_BR01_PF_MFG_02_06,cmum3jqh8001mf495zaankx05,cmum5dwmo0000ro95qq4day18,قطعة,0,9,8,AMBIGUOUS_TECHNICAL_IDENTITY,,name+unit+quantity (REJECTED as identity),partNumber; manufacturer; specification; verified productId,"Appears on 8 machines as ""جيربوكس محرك المتنبل"" with a single consistent unit. Name, unit and quantity are display/usage attributes, not technical identity, so equivalence is unproven. Record preserved unchanged pending authoritative evidence."
MPP-000194,بيرنجات جيربوكس محرك المتنبل,cmunlz087003mlc95jpqs83ux,MCH_BR01_PF_MFG_02_06,cmum3jqh8001mf495zaankx05,cmum5dwmo0000ro95qq4day18,قطعة,0,9,8,AMBIGUOUS_TECHNICAL_IDENTITY,,name+unit+quantity (REJECTED as identity),partNumber; manufacturer; specification; verified productId,"Appears on 8 machines as ""بيرنجات جيربوكس محرك المتنبل"" with a single consistent unit. Name, unit and quantity are display/usage attributes, not technical identity, so equivalence is unproven. Record preserved unchanged pending authoritative evidence."
MPP-000195,لمد جيربوكس محرك المتنبل,cmunlz087003mlc95jpqs83ux,MCH_BR01_PF_MFG_02_06,cmum3jqh8001mf495zaankx05,cmum5dwmo0000ro95qq4day18,قطعة,0,9,8,AMBIGUOUS_TECHNICAL_IDENTITY,,name+unit+quantity (REJECTED as identity),partNumber; manufacturer; specification; verified productId,"Appears on 8 machines as ""لمد جيربوكس محرك المتنبل"" with a single consistent unit. Name, unit and quantity are display/usage attributes, not technical identity, so equivalence is unproven. Record preserved unchanged pending authoritative evidence."
MPP-000196,زيت جيربوكس محرك المتنبل,cmunlz087003mlc95jpqs83ux,MCH_BR01_PF_MFG_02_06,cmum3jqh8001mf495zaankx05,cmum5dwmo0000ro95qq4day18,قطعة,0,9,8,AMBIGUOUS_TECHNICAL_IDENTITY,,name+unit+quantity (REJECTED as identity),partNumber; manufacturer; specification; verified productId,"Appears on 8 machines as ""زيت جيربوكس محرك المتنبل"" with a single consistent unit. Name, unit and quantity are display/usage attributes, not technical identity, so equivalence is unproven. Record preserved unchanged pending authoritative evidence."
MPP-000197,ترس جيربوكس محرك المتنبل,cmunlz087003mlc95jpqs83ux,MCH_BR01_PF_MFG_02_06,cmum3jqh8001mf495zaankx05,cmum5dwmo0000ro95qq4day18,قطعة,0,9,8,AMBIGUOUS_TECHNICAL_IDENTITY,,name+unit+quantity (REJECTED as identity),partNumber; manufacturer; specification; verified productId,"Appears on 8 machines as ""ترس جيربوكس محرك المتنبل"" with a single consistent unit. Name, unit and quantity are display/usage attributes, not technical identity, so equivalence is unproven. Record preserved unchanged pending authoritative evidence."
MPP-000198,سلسلة ترس جيربوكس محرك المتنبل,cmunlz087003mlc95jpqs83ux,MCH_BR01_PF_MFG_02_06,cmum3jqh8001mf495zaankx05,cmum5dwmo0000ro95qq4day18,قطعة,0,9,8,AMBIGUOUS_TECHNICAL_IDENTITY,,name+unit+quantity (REJECTED as identity),partNumber; manufacturer; specification; verified productId,"Appears on 8 machines as ""سلسلة ترس جيربوكس محرك المتنبل"" with a single consistent unit. Name, unit and quantity are display/usage attributes, not technical identity, so equivalence is unproven. Record preserved unchanged pending authoritative evidence."
MPP-000199,ترس عمود المتنبل,cmunlz087003mlc95jpqs83ux,MCH_BR01_PF_MFG_02_06,cmum3jqh8001mf495zaankx05,cmum5dwmo0000ro95qq4day18,قطعة,0,9,8,AMBIGUOUS_TECHNICAL_IDENTITY,,name+unit+quantity (REJECTED as identity),partNumber; manufacturer; specification; verified productId,"Appears on 8 machines as ""ترس عمود المتنبل"" with a single consistent unit. Name, unit and quantity are display/usage attributes, not technical identity, so equivalence is unproven. Record preserved unchanged pending authoritative evidence."
MPP-000200,بيرنجات عمود المتنبل,cmunlz087003mlc95jpqs83ux,MCH_BR01_PF_MFG_02_06,cmum3jqh8001mf495zaankx05,cmum5dwmo0000ro95qq4day18,قطعة,0,9,8,AMBIGUOUS_TECHNICAL_IDENTITY,,name+unit+quantity (REJECTED as identity),partNumber; manufacturer; specification; verified productId,"Appears on 8 machines as ""بيرنجات عمود المتنبل"" with a single consistent unit. Name, unit and quantity are display/usage attributes, not technical identity, so equivalence is unproven. Record preserved unchanged pending authoritative evidence."
MPP-000201,كفرات عمود المتنبل,cmunlz087003mlc95jpqs83ux,MCH_BR01_PF_MFG_02_06,cmum3jqh8001mf495zaankx05,cmum5dwmo0000ro95qq4day18,قطعة,0,9,8,AMBIGUOUS_TECHNICAL_IDENTITY,,name+unit+quantity (REJECTED as identity),partNumber; manufacturer; specification; verified productId,"Appears on 8 machines as ""كفرات عمود المتنبل"" with a single consistent unit. Name, unit and quantity are display/usage attributes, not technical identity, so equivalence is unproven. Record preserved unchanged pending authoritative evidence."
MPP-000202,انفرتر محرك المتنبل,cmunlz087003mlc95jpqs83ux,MCH_BR01_PF_MFG_02_06,cmum3jqh8001mf495zaankx05,cmum5dwmo0000ro95qq4day18,قطعة,0,9,8,AMBIGUOUS_TECHNICAL_IDENTITY,,name+unit+quantity (REJECTED as identity),partNumber; manufacturer; specification; verified productId,"Appears on 8 machines as ""انفرتر محرك المتنبل"" with a single consistent unit. Name, unit and quantity are display/usage attributes, not technical identity, so equivalence is unproven. Record preserved unchanged pending authoritative evidence."
MPP-000203,محرك خلاط الذرة,cmunlz0a7003qlc95ww4o60ep,MCH_BR01_PF_MFG_03_01,cmum3jqh8001mf495zaankx05,cmum5dwmo0000ro95qq4day18,قطعة,0,5,5,AMBIGUOUS_TECHNICAL_IDENTITY,,name+unit+quantity (REJECTED as identity),partNumber; manufacturer; specification; verified productId,"Appears on 5 machines as ""محرك خلاط الذرة"" with a single consistent unit. Name, unit and quantity are display/usage attributes, not technical identity, so equivalence is unproven. Record preserved unchanged pending authoritative evidence."
MPP-000204,بيرنجات محرك خلاط الذرة,cmunlz0a7003qlc95ww4o60ep,MCH_BR01_PF_MFG_03_01,cmum3jqh8001mf495zaankx05,cmum5dwmo0000ro95qq4day18,قطعة,0,5,5,AMBIGUOUS_TECHNICAL_IDENTITY,,name+unit+quantity (REJECTED as identity),partNumber; manufacturer; specification; verified productId,"Appears on 5 machines as ""بيرنجات محرك خلاط الذرة"" with a single consistent unit. Name, unit and quantity are display/usage attributes, not technical identity, so equivalence is unproven. Record preserved unchanged pending authoritative evidence."
MPP-000205,لمد محرك خلاط الذرة,cmunlz0a7003qlc95ww4o60ep,MCH_BR01_PF_MFG_03_01,cmum3jqh8001mf495zaankx05,cmum5dwmo0000ro95qq4day18,قطعة,0,5,5,AMBIGUOUS_TECHNICAL_IDENTITY,,name+unit+quantity (REJECTED as identity),partNumber; manufacturer; specification; verified productId,"Appears on 5 machines as ""لمد محرك خلاط الذرة"" with a single consistent unit. Name, unit and quantity are display/usage attributes, not technical identity, so equivalence is unproven. Record preserved unchanged pending authoritative evidence."
MPP-000206,حلزون خلاط الذرة,cmunlz0a7003qlc95ww4o60ep,MCH_BR01_PF_MFG_03_01,cmum3jqh8001mf495zaankx05,cmum5dwmo0000ro95qq4day18,قطعة,0,5,5,AMBIGUOUS_TECHNICAL_IDENTITY,,name+unit+quantity (REJECTED as identity),partNumber; manufacturer; specification; verified productId,"Appears on 5 machines as ""حلزون خلاط الذرة"" with a single consistent unit. Name, unit and quantity are display/usage attributes, not technical identity, so equivalence is unproven. Record preserved unchanged pending authoritative evidence."
MPP-000207,بيرنجات حلزون خلاط الذرة,cmunlz0a7003qlc95ww4o60ep,MCH_BR01_PF_MFG_03_01,cmum3jqh8001mf495zaankx05,cmum5dwmo0000ro95qq4day18,قطعة,0,5,5,AMBIGUOUS_TECHNICAL_IDENTITY,,name+unit+quantity (REJECTED as identity),partNumber; manufacturer; specification; verified productId,"Appears on 5 machines as ""بيرنجات حلزون خلاط الذرة"" with a single consistent unit. Name, unit and quantity are display/usage attributes, not technical identity, so equivalence is unproven. Record preserved unchanged pending authoritative evidence."
MPP-000208,سيور النقل لخلاط الذرة,cmunlz0a7003qlc95ww4o60ep,MCH_BR01_PF_MFG_03_01,cmum3jqh8001mf495zaankx05,cmum5dwmo0000ro95qq4day18,قطعة,0,5,5,AMBIGUOUS_TECHNICAL_IDENTITY,,name+unit+quantity (REJECTED as identity),partNumber; manufacturer; specification; verified productId,"Appears on 5 machines as ""سيور النقل لخلاط الذرة"" with a single consistent unit. Name, unit and quantity are display/usage attributes, not technical identity, so equivalence is unproven. Record preserved unchanged pending authoritative evidence."
MPP-000209,محرك الداعس,cmunlz0hk0046lc959a7h2k0o,MCH_BR01_PF_MFG_03_05,cmum3jqh8001mf495zaankx05,cmum5dwmo0000ro95qq4day18,قطعة,0,6,5,AMBIGUOUS_TECHNICAL_IDENTITY,,name+unit+quantity (REJECTED as identity),partNumber; manufacturer; specification; verified productId,"Appears on 5 machines as ""محرك الداعس"" with a single consistent unit. Name, unit and quantity are display/usage attributes, not technical identity, so equivalence is unproven. Record preserved unchanged pending authoritative evidence."
MPP-000210,بيرنجات محرك الداعس,cmunlz0hk0046lc959a7h2k0o,MCH_BR01_PF_MFG_03_05,cmum3jqh8001mf495zaankx05,cmum5dwmo0000ro95qq4day18,قطعة,0,6,5,AMBIGUOUS_TECHNICAL_IDENTITY,,name+unit+quantity (REJECTED as identity),partNumber; manufacturer; specification; verified productId,"Appears on 5 machines as ""بيرنجات محرك الداعس"" with a single consistent unit. Name, unit and quantity are display/usage attributes, not technical identity, so equivalence is unproven. Record preserved unchanged pending authoritative evidence."
MPP-000211,لمد محرك الداعس,cmunlz0hk0046lc959a7h2k0o,MCH_BR01_PF_MFG_03_05,cmum3jqh8001mf495zaankx05,cmum5dwmo0000ro95qq4day18,قطعة,0,6,5,AMBIGUOUS_TECHNICAL_IDENTITY,,name+unit+quantity (REJECTED as identity),partNumber; manufacturer; specification; verified productId,"Appears on 5 machines as ""لمد محرك الداعس"" with a single consistent unit. Name, unit and quantity are display/usage attributes, not technical identity, so equivalence is unproven. Record preserved unchanged pending authoritative evidence."
MPP-000212,جيربوكس محرك الداعس,cmunlz0hk0046lc959a7h2k0o,MCH_BR01_PF_MFG_03_05,cmum3jqh8001mf495zaankx05,cmum5dwmo0000ro95qq4day18,قطعة,0,6,5,AMBIGUOUS_TECHNICAL_IDENTITY,,name+unit+quantity (REJECTED as identity),partNumber; manufacturer; specification; verified productId,"Appears on 5 machines as ""جيربوكس محرك الداعس"" with a single consistent unit. Name, unit and quantity are display/usage attributes, not technical identity, so equivalence is unproven. Record preserved unchanged pending authoritative evidence."
MPP-000213,بيرنجات جيربوكس محرك الداعس,cmunlz0hk0046lc959a7h2k0o,MCH_BR01_PF_MFG_03_05,cmum3jqh8001mf495zaankx05,cmum5dwmo0000ro95qq4day18,قطعة,0,6,5,AMBIGUOUS_TECHNICAL_IDENTITY,,name+unit+quantity (REJECTED as identity),partNumber; manufacturer; specification; verified productId,"Appears on 5 machines as ""بيرنجات جيربوكس محرك الداعس"" with a single consistent unit. Name, unit and quantity are display/usage attributes, not technical identity, so equivalence is unproven. Record preserved unchanged pending authoritative evidence."
MPP-000214,لمد جيربوكس محرك الداعس,cmunlz0hk0046lc959a7h2k0o,MCH_BR01_PF_MFG_03_05,cmum3jqh8001mf495zaankx05,cmum5dwmo0000ro95qq4day18,قطعة,0,6,5,AMBIGUOUS_TECHNICAL_IDENTITY,,name+unit+quantity (REJECTED as identity),partNumber; manufacturer; specification; verified productId,"Appears on 5 machines as ""لمد جيربوكس محرك الداعس"" with a single consistent unit. Name, unit and quantity are display/usage attributes, not technical identity, so equivalence is unproven. Record preserved unchanged pending authoritative evidence."
MPP-000215,زيت جيربوكس محرك الداعس,cmunlz0hk0046lc959a7h2k0o,MCH_BR01_PF_MFG_03_05,cmum3jqh8001mf495zaankx05,cmum5dwmo0000ro95qq4day18,قطعة,0,6,5,AMBIGUOUS_TECHNICAL_IDENTITY,,name+unit+quantity (REJECTED as identity),partNumber; manufacturer; specification; verified productId,"Appears on 5 machines as ""زيت جيربوكس محرك الداعس"" with a single consistent unit. Name, unit and quantity are display/usage attributes, not technical identity, so equivalence is unproven. Record preserved unchanged pending authoritative evidence."
MPP-000216,الداعس,cmunlz0hk0046lc959a7h2k0o,MCH_BR01_PF_MFG_03_05,cmum3jqh8001mf495zaankx05,cmum5dwmo0000ro95qq4day18,قطعة,0,6,5,AMBIGUOUS_TECHNICAL_IDENTITY,,name+unit+quantity (REJECTED as identity),partNumber; manufacturer; specification; verified productId,"Appears on 5 machines as ""الداعس"" with a single consistent unit. Name, unit and quantity are display/usage attributes, not technical identity, so equivalence is unproven. Record preserved unchanged pending authoritative evidence."
MPP-000217,بيرنجات الداعس,cmunlz0hk0046lc959a7h2k0o,MCH_BR01_PF_MFG_03_05,cmum3jqh8001mf495zaankx05,cmum5dwmo0000ro95qq4day18,قطعة,0,6,5,AMBIGUOUS_TECHNICAL_IDENTITY,,name+unit+quantity (REJECTED as identity),partNumber; manufacturer; specification; verified productId,"Appears on 5 machines as ""بيرنجات الداعس"" with a single consistent unit. Name, unit and quantity are display/usage attributes, not technical identity, so equivalence is unproven. Record preserved unchanged pending authoritative evidence."
MPP-000218,كفرات الداعس,cmunlz0hk0046lc959a7h2k0o,MCH_BR01_PF_MFG_03_05,cmum3jqh8001mf495zaankx05,cmum5dwmo0000ro95qq4day18,قطعة,0,6,5,AMBIGUOUS_TECHNICAL_IDENTITY,,name+unit+quantity (REJECTED as identity),partNumber; manufacturer; specification; verified productId,"Appears on 5 machines as ""كفرات الداعس"" with a single consistent unit. Name, unit and quantity are display/usage attributes, not technical identity, so equivalence is unproven. Record preserved unchanged pending authoritative evidence."
MPP-000219,انفرتر محرك الداعس,cmunlz0hk0046lc959a7h2k0o,MCH_BR01_PF_MFG_03_05,cmum3jqh8001mf495zaankx05,cmum5dwmo0000ro95qq4day18,قطعة,0,6,5,AMBIGUOUS_TECHNICAL_IDENTITY,,name+unit+quantity (REJECTED as identity),partNumber; manufacturer; specification; verified productId,"Appears on 5 machines as ""انفرتر محرك الداعس"" with a single consistent unit. Name, unit and quantity are display/usage attributes, not technical identity, so equivalence is unproven. Record preserved unchanged pending authoritative evidence."
MPP-000220,محرك خلاط النكهة 1,cmunlz0hk0046lc959a7h2k0o,MCH_BR01_PF_MFG_03_05,cmum3jqh8001mf495zaankx05,cmum5dwmo0000ro95qq4day18,قطعة,0,6,5,AMBIGUOUS_TECHNICAL_IDENTITY,,name+unit+quantity (REJECTED as identity),partNumber; manufacturer; specification; verified productId,"Appears on 5 machines as ""محرك خلاط النكهة 1"" with a single consistent unit. Name, unit and quantity are display/usage attributes, not technical identity, so equivalence is unproven. Record preserved unchanged pending authoritative evidence."
MPP-000221,بيرنجات محرك خلاط النكهة 1,cmunlz0hk0046lc959a7h2k0o,MCH_BR01_PF_MFG_03_05,cmum3jqh8001mf495zaankx05,cmum5dwmo0000ro95qq4day18,قطعة,0,6,5,AMBIGUOUS_TECHNICAL_IDENTITY,,name+unit+quantity (REJECTED as identity),partNumber; manufacturer; specification; verified productId,"Appears on 5 machines as ""بيرنجات محرك خلاط النكهة 1"" with a single consistent unit. Name, unit and quantity are display/usage attributes, not technical identity, so equivalence is unproven. Record preserved unchanged pending authoritative evidence."
MPP-000222,لمد محرك خلاط النكهة 1,cmunlz0hk0046lc959a7h2k0o,MCH_BR01_PF_MFG_03_05,cmum3jqh8001mf495zaankx05,cmum5dwmo0000ro95qq4day18,قطعة,0,6,5,AMBIGUOUS_TECHNICAL_IDENTITY,,name+unit+quantity (REJECTED as identity),partNumber; manufacturer; specification; verified productId,"Appears on 5 machines as ""لمد محرك خلاط النكهة 1"" with a single consistent unit. Name, unit and quantity are display/usage attributes, not technical identity, so equivalence is unproven. Record preserved unchanged pending authoritative evidence."
MPP-000223,عمود خلاط النكهة 1,cmunlz0hk0046lc959a7h2k0o,MCH_BR01_PF_MFG_03_05,cmum3jqh8001mf495zaankx05,cmum5dwmo0000ro95qq4day18,قطعة,0,6,5,AMBIGUOUS_TECHNICAL_IDENTITY,,name+unit+quantity (REJECTED as identity),partNumber; manufacturer; specification; verified productId,"Appears on 5 machines as ""عمود خلاط النكهة 1"" with a single consistent unit. Name, unit and quantity are display/usage attributes, not technical identity, so equivalence is unproven. Record preserved unchanged pending authoritative evidence."
MPP-000224,بيرنجات عمود خلاط النكهة 1,cmunlz0hk0046lc959a7h2k0o,MCH_BR01_PF_MFG_03_05,cmum3jqh8001mf495zaankx05,cmum5dwmo0000ro95qq4day18,قطعة,0,6,5,AMBIGUOUS_TECHNICAL_IDENTITY,,name+unit+quantity (REJECTED as identity),partNumber; manufacturer; specification; verified productId,"Appears on 5 machines as ""بيرنجات عمود خلاط النكهة 1"" with a single consistent unit. Name, unit and quantity are display/usage attributes, not technical identity, so equivalence is unproven. Record preserved unchanged pending authoritative evidence."
MPP-000225,لمد عمود خلاط النكهة 1,cmunlz0hk0046lc959a7h2k0o,MCH_BR01_PF_MFG_03_05,cmum3jqh8001mf495zaankx05,cmum5dwmo0000ro95qq4day18,قطعة,0,6,5,AMBIGUOUS_TECHNICAL_IDENTITY,,name+unit+quantity (REJECTED as identity),partNumber; manufacturer; specification; verified productId,"Appears on 5 machines as ""لمد عمود خلاط النكهة 1"" with a single consistent unit. Name, unit and quantity are display/usage attributes, not technical identity, so equivalence is unproven. Record preserved unchanged pending authoritative evidence."
MPP-000226,فيبرات محرك خلاط النكهة 1,cmunlz0hk0046lc959a7h2k0o,MCH_BR01_PF_MFG_03_05,cmum3jqh8001mf495zaankx05,cmum5dwmo0000ro95qq4day18,قطعة,0,6,5,AMBIGUOUS_TECHNICAL_IDENTITY,,name+unit+quantity (REJECTED as identity),partNumber; manufacturer; specification; verified productId,"Appears on 5 machines as ""فيبرات محرك خلاط النكهة 1"" with a single consistent unit. Name, unit and quantity are display/usage attributes, not technical identity, so equivalence is unproven. Record preserved unchanged pending authoritative evidence."
MPP-000227,خزان خلاط النكهة 1,cmunlz0hk0046lc959a7h2k0o,MCH_BR01_PF_MFG_03_05,cmum3jqh8001mf495zaankx05,cmum5dwmo0000ro95qq4day18,قطعة,0,6,5,AMBIGUOUS_TECHNICAL_IDENTITY,,name+unit+quantity (REJECTED as identity),partNumber; manufacturer; specification; verified productId,"Appears on 5 machines as ""خزان خلاط النكهة 1"" with a single consistent unit. Name, unit and quantity are display/usage attributes, not technical identity, so equivalence is unproven. Record preserved unchanged pending authoritative evidence."
MPP-000228,بيت سخان خزان خلاط النكهة 1,cmunlz0hk0046lc959a7h2k0o,MCH_BR01_PF_MFG_03_05,cmum3jqh8001mf495zaankx05,cmum5dwmo0000ro95qq4day18,قطعة,0,6,5,AMBIGUOUS_TECHNICAL_IDENTITY,,name+unit+quantity (REJECTED as identity),partNumber; manufacturer; specification; verified productId,"Appears on 5 machines as ""بيت سخان خزان خلاط النكهة 1"" with a single consistent unit. Name, unit and quantity are display/usage attributes, not technical identity, so equivalence is unproven. Record preserved unchanged pending authoritative evidence."
MPP-000229,سخان خزان خلاط النكهة 1,cmunlz0hk0046lc959a7h2k0o,MCH_BR01_PF_MFG_03_05,cmum3jqh8001mf495zaankx05,cmum5dwmo0000ro95qq4day18,قطعة,0,6,5,AMBIGUOUS_TECHNICAL_IDENTITY,,name+unit+quantity (REJECTED as identity),partNumber; manufacturer; specification; verified productId,"Appears on 5 machines as ""سخان خزان خلاط النكهة 1"" with a single consistent unit. Name, unit and quantity are display/usage attributes, not technical identity, so equivalence is unproven. Record preserved unchanged pending authoritative evidence."
MPP-000230,حساس سخان خزان خلاط النكهة 1,cmunlz0hk0046lc959a7h2k0o,MCH_BR01_PF_MFG_03_05,cmum3jqh8001mf495zaankx05,cmum5dwmo0000ro95qq4day18,قطعة,0,6,5,AMBIGUOUS_TECHNICAL_IDENTITY,,name+unit+quantity (REJECTED as identity),partNumber; manufacturer; specification; verified productId,"Appears on 5 machines as ""حساس سخان خزان خلاط النكهة 1"" with a single consistent unit. Name, unit and quantity are display/usage attributes, not technical identity, so equivalence is unproven. Record preserved unchanged pending authoritative evidence."
MPP-000231,ساعة حرارة سخان خزان خلاط النكهة 1,cmunlz0hk0046lc959a7h2k0o,MCH_BR01_PF_MFG_03_05,cmum3jqh8001mf495zaankx05,cmum5dwmo0000ro95qq4day18,قطعة,0,6,5,AMBIGUOUS_TECHNICAL_IDENTITY,,name+unit+quantity (REJECTED as identity),partNumber; manufacturer; specification; verified productId,"Appears on 5 machines as ""ساعة حرارة سخان خزان خلاط النكهة 1"" with a single consistent unit. Name, unit and quantity are display/usage attributes, not technical identity, so equivalence is unproven. Record preserved unchanged pending authoritative evidence."
MPP-000232,انفرتر محرك خلاط النكهة 1,cmunlz0hk0046lc959a7h2k0o,MCH_BR01_PF_MFG_03_05,cmum3jqh8001mf495zaankx05,cmum5dwmo0000ro95qq4day18,قطعة,0,6,5,AMBIGUOUS_TECHNICAL_IDENTITY,,name+unit+quantity (REJECTED as identity),partNumber; manufacturer; specification; verified productId,"Appears on 5 machines as ""انفرتر محرك خلاط النكهة 1"" with a single consistent unit. Name, unit and quantity are display/usage attributes, not technical identity, so equivalence is unproven. Record preserved unchanged pending authoritative evidence."
MPP-000233,محرك خلاط النكهة 2,cmunlz0hk0046lc959a7h2k0o,MCH_BR01_PF_MFG_03_05,cmum3jqh8001mf495zaankx05,cmum5dwmo0000ro95qq4day18,قطعة,0,6,5,AMBIGUOUS_TECHNICAL_IDENTITY,,name+unit+quantity (REJECTED as identity),partNumber; manufacturer; specification; verified productId,"Appears on 5 machines as ""محرك خلاط النكهة 2"" with a single consistent unit. Name, unit and quantity are display/usage attributes, not technical identity, so equivalence is unproven. Record preserved unchanged pending authoritative evidence."
MPP-000234,بيرنجات محرك خلاط النكهة 2,cmunlz0hk0046lc959a7h2k0o,MCH_BR01_PF_MFG_03_05,cmum3jqh8001mf495zaankx05,cmum5dwmo0000ro95qq4day18,قطعة,0,6,5,AMBIGUOUS_TECHNICAL_IDENTITY,,name+unit+quantity (REJECTED as identity),partNumber; manufacturer; specification; verified productId,"Appears on 5 machines as ""بيرنجات محرك خلاط النكهة 2"" with a single consistent unit. Name, unit and quantity are display/usage attributes, not technical identity, so equivalence is unproven. Record preserved unchanged pending authoritative evidence."
MPP-000235,لمد محرك خلاط النكهة 2,cmunlz0hk0046lc959a7h2k0o,MCH_BR01_PF_MFG_03_05,cmum3jqh8001mf495zaankx05,cmum5dwmo0000ro95qq4day18,قطعة,0,6,5,AMBIGUOUS_TECHNICAL_IDENTITY,,name+unit+quantity (REJECTED as identity),partNumber; manufacturer; specification; verified productId,"Appears on 5 machines as ""لمد محرك خلاط النكهة 2"" with a single consistent unit. Name, unit and quantity are display/usage attributes, not technical identity, so equivalence is unproven. Record preserved unchanged pending authoritative evidence."
MPP-000236,عمود خلاط النكهة 2,cmunlz0hk0046lc959a7h2k0o,MCH_BR01_PF_MFG_03_05,cmum3jqh8001mf495zaankx05,cmum5dwmo0000ro95qq4day18,قطعة,0,6,5,AMBIGUOUS_TECHNICAL_IDENTITY,,name+unit+quantity (REJECTED as identity),partNumber; manufacturer; specification; verified productId,"Appears on 5 machines as ""عمود خلاط النكهة 2"" with a single consistent unit. Name, unit and quantity are display/usage attributes, not technical identity, so equivalence is unproven. Record preserved unchanged pending authoritative evidence."
MPP-000237,بيرنجات عمود خلاط النكهة 2,cmunlz0hk0046lc959a7h2k0o,MCH_BR01_PF_MFG_03_05,cmum3jqh8001mf495zaankx05,cmum5dwmo0000ro95qq4day18,قطعة,0,6,5,AMBIGUOUS_TECHNICAL_IDENTITY,,name+unit+quantity (REJECTED as identity),partNumber; manufacturer; specification; verified productId,"Appears on 5 machines as ""بيرنجات عمود خلاط النكهة 2"" with a single consistent unit. Name, unit and quantity are display/usage attributes, not technical identity, so equivalence is unproven. Record preserved unchanged pending authoritative evidence."
MPP-000238,لمد عمود خلاط النكهة 2,cmunlz0hk0046lc959a7h2k0o,MCH_BR01_PF_MFG_03_05,cmum3jqh8001mf495zaankx05,cmum5dwmo0000ro95qq4day18,قطعة,0,6,5,AMBIGUOUS_TECHNICAL_IDENTITY,,name+unit+quantity (REJECTED as identity),partNumber; manufacturer; specification; verified productId,"Appears on 5 machines as ""لمد عمود خلاط النكهة 2"" with a single consistent unit. Name, unit and quantity are display/usage attributes, not technical identity, so equivalence is unproven. Record preserved unchanged pending authoritative evidence."
MPP-000239,فيبرات محرك خلاط النكهة 2,cmunlz0hk0046lc959a7h2k0o,MCH_BR01_PF_MFG_03_05,cmum3jqh8001mf495zaankx05,cmum5dwmo0000ro95qq4day18,قطعة,0,6,5,AMBIGUOUS_TECHNICAL_IDENTITY,,name+unit+quantity (REJECTED as identity),partNumber; manufacturer; specification; verified productId,"Appears on 5 machines as ""فيبرات محرك خلاط النكهة 2"" with a single consistent unit. Name, unit and quantity are display/usage attributes, not technical identity, so equivalence is unproven. Record preserved unchanged pending authoritative evidence."
MPP-000240,خزان خلاط النكهة 2,cmunlz0hk0046lc959a7h2k0o,MCH_BR01_PF_MFG_03_05,cmum3jqh8001mf495zaankx05,cmum5dwmo0000ro95qq4day18,قطعة,0,6,5,AMBIGUOUS_TECHNICAL_IDENTITY,,name+unit+quantity (REJECTED as identity),partNumber; manufacturer; specification; verified productId,"Appears on 5 machines as ""خزان خلاط النكهة 2"" with a single consistent unit. Name, unit and quantity are display/usage attributes, not technical identity, so equivalence is unproven. Record preserved unchanged pending authoritative evidence."
MPP-000241,بيت سخان خزان خلاط النكهة 2,cmunlz0hk0046lc959a7h2k0o,MCH_BR01_PF_MFG_03_05,cmum3jqh8001mf495zaankx05,cmum5dwmo0000ro95qq4day18,قطعة,0,6,5,AMBIGUOUS_TECHNICAL_IDENTITY,,name+unit+quantity (REJECTED as identity),partNumber; manufacturer; specification; verified productId,"Appears on 5 machines as ""بيت سخان خزان خلاط النكهة 2"" with a single consistent unit. Name, unit and quantity are display/usage attributes, not technical identity, so equivalence is unproven. Record preserved unchanged pending authoritative evidence."
MPP-000242,سخان خزان خلاط النكهة 2,cmunlz0hk0046lc959a7h2k0o,MCH_BR01_PF_MFG_03_05,cmum3jqh8001mf495zaankx05,cmum5dwmo0000ro95qq4day18,قطعة,0,6,5,AMBIGUOUS_TECHNICAL_IDENTITY,,name+unit+quantity (REJECTED as identity),partNumber; manufacturer; specification; verified productId,"Appears on 5 machines as ""سخان خزان خلاط النكهة 2"" with a single consistent unit. Name, unit and quantity are display/usage attributes, not technical identity, so equivalence is unproven. Record preserved unchanged pending authoritative evidence."
MPP-000243,حساس سخان خزان خلاط النكهة 2,cmunlz0hk0046lc959a7h2k0o,MCH_BR01_PF_MFG_03_05,cmum3jqh8001mf495zaankx05,cmum5dwmo0000ro95qq4day18,قطعة,0,6,5,AMBIGUOUS_TECHNICAL_IDENTITY,,name+unit+quantity (REJECTED as identity),partNumber; manufacturer; specification; verified productId,"Appears on 5 machines as ""حساس سخان خزان خلاط النكهة 2"" with a single consistent unit. Name, unit and quantity are display/usage attributes, not technical identity, so equivalence is unproven. Record preserved unchanged pending authoritative evidence."
MPP-000244,ساعة حرارة سخان خزان خلاط النكهة 2,cmunlz0hk0046lc959a7h2k0o,MCH_BR01_PF_MFG_03_05,cmum3jqh8001mf495zaankx05,cmum5dwmo0000ro95qq4day18,قطعة,0,6,5,AMBIGUOUS_TECHNICAL_IDENTITY,,name+unit+quantity (REJECTED as identity),partNumber; manufacturer; specification; verified productId,"Appears on 5 machines as ""ساعة حرارة سخان خزان خلاط النكهة 2"" with a single consistent unit. Name, unit and quantity are display/usage attributes, not technical identity, so equivalence is unproven. Record preserved unchanged pending authoritative evidence."
MPP-000245,انفرتر محرك خلاط النكهة 2,cmunlz0hk0046lc959a7h2k0o,MCH_BR01_PF_MFG_03_05,cmum3jqh8001mf495zaankx05,cmum5dwmo0000ro95qq4day18,قطعة,0,6,5,AMBIGUOUS_TECHNICAL_IDENTITY,,name+unit+quantity (REJECTED as identity),partNumber; manufacturer; specification; verified productId,"Appears on 5 machines as ""انفرتر محرك خلاط النكهة 2"" with a single consistent unit. Name, unit and quantity are display/usage attributes, not technical identity, so equivalence is unproven. Record preserved unchanged pending authoritative evidence."
MPP-000246,محرك المتنبل,cmunlz0jb004alc9508rc4g2n,MCH_BR01_PF_MFG_03_06,cmum3jqh8001mf495zaankx05,cmum5dwmo0000ro95qq4day18,قطعة,0,9,8,AMBIGUOUS_TECHNICAL_IDENTITY,,name+unit+quantity (REJECTED as identity),partNumber; manufacturer; specification; verified productId,"Appears on 8 machines as ""محرك المتنبل"" with a single consistent unit. Name, unit and quantity are display/usage attributes, not technical identity, so equivalence is unproven. Record preserved unchanged pending authoritative evidence."
MPP-000247,بيرنجات محرك المتنبل,cmunlz0jb004alc9508rc4g2n,MCH_BR01_PF_MFG_03_06,cmum3jqh8001mf495zaankx05,cmum5dwmo0000ro95qq4day18,قطعة,0,9,8,AMBIGUOUS_TECHNICAL_IDENTITY,,name+unit+quantity (REJECTED as identity),partNumber; manufacturer; specification; verified productId,"Appears on 8 machines as ""بيرنجات محرك المتنبل"" with a single consistent unit. Name, unit and quantity are display/usage attributes, not technical identity, so equivalence is unproven. Record preserved unchanged pending authoritative evidence."
MPP-000248,لمد محرك المتنبل,cmunlz0jb004alc9508rc4g2n,MCH_BR01_PF_MFG_03_06,cmum3jqh8001mf495zaankx05,cmum5dwmo0000ro95qq4day18,قطعة,0,9,8,AMBIGUOUS_TECHNICAL_IDENTITY,,name+unit+quantity (REJECTED as identity),partNumber; manufacturer; specification; verified productId,"Appears on 8 machines as ""لمد محرك المتنبل"" with a single consistent unit. Name, unit and quantity are display/usage attributes, not technical identity, so equivalence is unproven. Record preserved unchanged pending authoritative evidence."
MPP-000249,جيربوكس محرك المتنبل,cmunlz0jb004alc9508rc4g2n,MCH_BR01_PF_MFG_03_06,cmum3jqh8001mf495zaankx05,cmum5dwmo0000ro95qq4day18,قطعة,0,9,8,AMBIGUOUS_TECHNICAL_IDENTITY,,name+unit+quantity (REJECTED as identity),partNumber; manufacturer; specification; verified productId,"Appears on 8 machines as ""جيربوكس محرك المتنبل"" with a single consistent unit. Name, unit and quantity are display/usage attributes, not technical identity, so equivalence is unproven. Record preserved unchanged pending authoritative evidence."
MPP-000250,بيرنجات جيربوكس محرك المتنبل,cmunlz0jb004alc9508rc4g2n,MCH_BR01_PF_MFG_03_06,cmum3jqh8001mf495zaankx05,cmum5dwmo0000ro95qq4day18,قطعة,0,9,8,AMBIGUOUS_TECHNICAL_IDENTITY,,name+unit+quantity (REJECTED as identity),partNumber; manufacturer; specification; verified productId,"Appears on 8 machines as ""بيرنجات جيربوكس محرك المتنبل"" with a single consistent unit. Name, unit and quantity are display/usage attributes, not technical identity, so equivalence is unproven. Record preserved unchanged pending authoritative evidence."
MPP-000251,لمد جيربوكس محرك المتنبل,cmunlz0jb004alc9508rc4g2n,MCH_BR01_PF_MFG_03_06,cmum3jqh8001mf495zaankx05,cmum5dwmo0000ro95qq4day18,قطعة,0,9,8,AMBIGUOUS_TECHNICAL_IDENTITY,,name+unit+quantity (REJECTED as identity),partNumber; manufacturer; specification; verified productId,"Appears on 8 machines as ""لمد جيربوكس محرك المتنبل"" with a single consistent unit. Name, unit and quantity are display/usage attributes, not technical identity, so equivalence is unproven. Record preserved unchanged pending authoritative evidence."
MPP-000252,زيت جيربوكس محرك المتنبل,cmunlz0jb004alc9508rc4g2n,MCH_BR01_PF_MFG_03_06,cmum3jqh8001mf495zaankx05,cmum5dwmo0000ro95qq4day18,قطعة,0,9,8,AMBIGUOUS_TECHNICAL_IDENTITY,,name+unit+quantity (REJECTED as identity),partNumber; manufacturer; specification; verified productId,"Appears on 8 machines as ""زيت جيربوكس محرك المتنبل"" with a single consistent unit. Name, unit and quantity are display/usage attributes, not technical identity, so equivalence is unproven. Record preserved unchanged pending authoritative evidence."
MPP-000253,ترس جيربوكس محرك المتنبل,cmunlz0jb004alc9508rc4g2n,MCH_BR01_PF_MFG_03_06,cmum3jqh8001mf495zaankx05,cmum5dwmo0000ro95qq4day18,قطعة,0,9,8,AMBIGUOUS_TECHNICAL_IDENTITY,,name+unit+quantity (REJECTED as identity),partNumber; manufacturer; specification; verified productId,"Appears on 8 machines as ""ترس جيربوكس محرك المتنبل"" with a single consistent unit. Name, unit and quantity are display/usage attributes, not technical identity, so equivalence is unproven. Record preserved unchanged pending authoritative evidence."
MPP-000254,سلسلة ترس جيربوكس محرك المتنبل,cmunlz0jb004alc9508rc4g2n,MCH_BR01_PF_MFG_03_06,cmum3jqh8001mf495zaankx05,cmum5dwmo0000ro95qq4day18,قطعة,0,9,8,AMBIGUOUS_TECHNICAL_IDENTITY,,name+unit+quantity (REJECTED as identity),partNumber; manufacturer; specification; verified productId,"Appears on 8 machines as ""سلسلة ترس جيربوكس محرك المتنبل"" with a single consistent unit. Name, unit and quantity are display/usage attributes, not technical identity, so equivalence is unproven. Record preserved unchanged pending authoritative evidence."
MPP-000255,ترس عمود المتنبل,cmunlz0jb004alc9508rc4g2n,MCH_BR01_PF_MFG_03_06,cmum3jqh8001mf495zaankx05,cmum5dwmo0000ro95qq4day18,قطعة,0,9,8,AMBIGUOUS_TECHNICAL_IDENTITY,,name+unit+quantity (REJECTED as identity),partNumber; manufacturer; specification; verified productId,"Appears on 8 machines as ""ترس عمود المتنبل"" with a single consistent unit. Name, unit and quantity are display/usage attributes, not technical identity, so equivalence is unproven. Record preserved unchanged pending authoritative evidence."
MPP-000256,بيرنجات عمود المتنبل,cmunlz0jb004alc9508rc4g2n,MCH_BR01_PF_MFG_03_06,cmum3jqh8001mf495zaankx05,cmum5dwmo0000ro95qq4day18,قطعة,0,9,8,AMBIGUOUS_TECHNICAL_IDENTITY,,name+unit+quantity (REJECTED as identity),partNumber; manufacturer; specification; verified productId,"Appears on 8 machines as ""بيرنجات عمود المتنبل"" with a single consistent unit. Name, unit and quantity are display/usage attributes, not technical identity, so equivalence is unproven. Record preserved unchanged pending authoritative evidence."
MPP-000257,كفرات عمود المتنبل,cmunlz0jb004alc9508rc4g2n,MCH_BR01_PF_MFG_03_06,cmum3jqh8001mf495zaankx05,cmum5dwmo0000ro95qq4day18,قطعة,0,9,8,AMBIGUOUS_TECHNICAL_IDENTITY,,name+unit+quantity (REJECTED as identity),partNumber; manufacturer; specification; verified productId,"Appears on 8 machines as ""كفرات عمود المتنبل"" with a single consistent unit. Name, unit and quantity are display/usage attributes, not technical identity, so equivalence is unproven. Record preserved unchanged pending authoritative evidence."
MPP-000258,انفرتر محرك المتنبل,cmunlz0jb004alc9508rc4g2n,MCH_BR01_PF_MFG_03_06,cmum3jqh8001mf495zaankx05,cmum5dwmo0000ro95qq4day18,قطعة,0,9,8,AMBIGUOUS_TECHNICAL_IDENTITY,,name+unit+quantity (REJECTED as identity),partNumber; manufacturer; specification; verified productId,"Appears on 8 machines as ""انفرتر محرك المتنبل"" with a single consistent unit. Name, unit and quantity are display/usage attributes, not technical identity, so equivalence is unproven. Record preserved unchanged pending authoritative evidence."
MPP-000259,محرك خلاط الذرة,cmunlz0l1004elc95bbgtbv72,MCH_BR01_PF_MFG_04_01,cmum3jqh8001mf495zaankx05,cmum5dwmo0000ro95qq4day18,قطعة,0,5,5,AMBIGUOUS_TECHNICAL_IDENTITY,,name+unit+quantity (REJECTED as identity),partNumber; manufacturer; specification; verified productId,"Appears on 5 machines as ""محرك خلاط الذرة"" with a single consistent unit. Name, unit and quantity are display/usage attributes, not technical identity, so equivalence is unproven. Record preserved unchanged pending authoritative evidence."
MPP-000260,بيرنجات محرك خلاط الذرة,cmunlz0l1004elc95bbgtbv72,MCH_BR01_PF_MFG_04_01,cmum3jqh8001mf495zaankx05,cmum5dwmo0000ro95qq4day18,قطعة,0,5,5,AMBIGUOUS_TECHNICAL_IDENTITY,,name+unit+quantity (REJECTED as identity),partNumber; manufacturer; specification; verified productId,"Appears on 5 machines as ""بيرنجات محرك خلاط الذرة"" with a single consistent unit. Name, unit and quantity are display/usage attributes, not technical identity, so equivalence is unproven. Record preserved unchanged pending authoritative evidence."
MPP-000261,لمد محرك خلاط الذرة,cmunlz0l1004elc95bbgtbv72,MCH_BR01_PF_MFG_04_01,cmum3jqh8001mf495zaankx05,cmum5dwmo0000ro95qq4day18,قطعة,0,5,5,AMBIGUOUS_TECHNICAL_IDENTITY,,name+unit+quantity (REJECTED as identity),partNumber; manufacturer; specification; verified productId,"Appears on 5 machines as ""لمد محرك خلاط الذرة"" with a single consistent unit. Name, unit and quantity are display/usage attributes, not technical identity, so equivalence is unproven. Record preserved unchanged pending authoritative evidence."
MPP-000262,حلزون خلاط الذرة,cmunlz0l1004elc95bbgtbv72,MCH_BR01_PF_MFG_04_01,cmum3jqh8001mf495zaankx05,cmum5dwmo0000ro95qq4day18,قطعة,0,5,5,AMBIGUOUS_TECHNICAL_IDENTITY,,name+unit+quantity (REJECTED as identity),partNumber; manufacturer; specification; verified productId,"Appears on 5 machines as ""حلزون خلاط الذرة"" with a single consistent unit. Name, unit and quantity are display/usage attributes, not technical identity, so equivalence is unproven. Record preserved unchanged pending authoritative evidence."
MPP-000263,بيرنجات حلزون خلاط الذرة,cmunlz0l1004elc95bbgtbv72,MCH_BR01_PF_MFG_04_01,cmum3jqh8001mf495zaankx05,cmum5dwmo0000ro95qq4day18,قطعة,0,5,5,AMBIGUOUS_TECHNICAL_IDENTITY,,name+unit+quantity (REJECTED as identity),partNumber; manufacturer; specification; verified productId,"Appears on 5 machines as ""بيرنجات حلزون خلاط الذرة"" with a single consistent unit. Name, unit and quantity are display/usage attributes, not technical identity, so equivalence is unproven. Record preserved unchanged pending authoritative evidence."
MPP-000264,سيور النقل لخلاط الذرة,cmunlz0l1004elc95bbgtbv72,MCH_BR01_PF_MFG_04_01,cmum3jqh8001mf495zaankx05,cmum5dwmo0000ro95qq4day18,قطعة,0,5,5,AMBIGUOUS_TECHNICAL_IDENTITY,,name+unit+quantity (REJECTED as identity),partNumber; manufacturer; specification; verified productId,"Appears on 5 machines as ""سيور النقل لخلاط الذرة"" with a single consistent unit. Name, unit and quantity are display/usage attributes, not technical identity, so equivalence is unproven. Record preserved unchanged pending authoritative evidence."
MPP-000265,محرك الداعس,cmunlz0st004ulc95vba0bdag,MCH_BR01_PF_MFG_04_05,cmum3jqh8001mf495zaankx05,cmum5dwmo0000ro95qq4day18,قطعة,0,6,5,AMBIGUOUS_TECHNICAL_IDENTITY,,name+unit+quantity (REJECTED as identity),partNumber; manufacturer; specification; verified productId,"Appears on 5 machines as ""محرك الداعس"" with a single consistent unit. Name, unit and quantity are display/usage attributes, not technical identity, so equivalence is unproven. Record preserved unchanged pending authoritative evidence."
MPP-000266,بيرنجات محرك الداعس,cmunlz0st004ulc95vba0bdag,MCH_BR01_PF_MFG_04_05,cmum3jqh8001mf495zaankx05,cmum5dwmo0000ro95qq4day18,قطعة,0,6,5,AMBIGUOUS_TECHNICAL_IDENTITY,,name+unit+quantity (REJECTED as identity),partNumber; manufacturer; specification; verified productId,"Appears on 5 machines as ""بيرنجات محرك الداعس"" with a single consistent unit. Name, unit and quantity are display/usage attributes, not technical identity, so equivalence is unproven. Record preserved unchanged pending authoritative evidence."
MPP-000267,لمد محرك الداعس,cmunlz0st004ulc95vba0bdag,MCH_BR01_PF_MFG_04_05,cmum3jqh8001mf495zaankx05,cmum5dwmo0000ro95qq4day18,قطعة,0,6,5,AMBIGUOUS_TECHNICAL_IDENTITY,,name+unit+quantity (REJECTED as identity),partNumber; manufacturer; specification; verified productId,"Appears on 5 machines as ""لمد محرك الداعس"" with a single consistent unit. Name, unit and quantity are display/usage attributes, not technical identity, so equivalence is unproven. Record preserved unchanged pending authoritative evidence."
MPP-000268,جيربوكس محرك الداعس,cmunlz0st004ulc95vba0bdag,MCH_BR01_PF_MFG_04_05,cmum3jqh8001mf495zaankx05,cmum5dwmo0000ro95qq4day18,قطعة,0,6,5,AMBIGUOUS_TECHNICAL_IDENTITY,,name+unit+quantity (REJECTED as identity),partNumber; manufacturer; specification; verified productId,"Appears on 5 machines as ""جيربوكس محرك الداعس"" with a single consistent unit. Name, unit and quantity are display/usage attributes, not technical identity, so equivalence is unproven. Record preserved unchanged pending authoritative evidence."
MPP-000269,بيرنجات جيربوكس محرك الداعس,cmunlz0st004ulc95vba0bdag,MCH_BR01_PF_MFG_04_05,cmum3jqh8001mf495zaankx05,cmum5dwmo0000ro95qq4day18,قطعة,0,6,5,AMBIGUOUS_TECHNICAL_IDENTITY,,name+unit+quantity (REJECTED as identity),partNumber; manufacturer; specification; verified productId,"Appears on 5 machines as ""بيرنجات جيربوكس محرك الداعس"" with a single consistent unit. Name, unit and quantity are display/usage attributes, not technical identity, so equivalence is unproven. Record preserved unchanged pending authoritative evidence."
MPP-000270,لمد جيربوكس محرك الداعس,cmunlz0st004ulc95vba0bdag,MCH_BR01_PF_MFG_04_05,cmum3jqh8001mf495zaankx05,cmum5dwmo0000ro95qq4day18,قطعة,0,6,5,AMBIGUOUS_TECHNICAL_IDENTITY,,name+unit+quantity (REJECTED as identity),partNumber; manufacturer; specification; verified productId,"Appears on 5 machines as ""لمد جيربوكس محرك الداعس"" with a single consistent unit. Name, unit and quantity are display/usage attributes, not technical identity, so equivalence is unproven. Record preserved unchanged pending authoritative evidence."
MPP-000271,زيت جيربوكس محرك الداعس,cmunlz0st004ulc95vba0bdag,MCH_BR01_PF_MFG_04_05,cmum3jqh8001mf495zaankx05,cmum5dwmo0000ro95qq4day18,قطعة,0,6,5,AMBIGUOUS_TECHNICAL_IDENTITY,,name+unit+quantity (REJECTED as identity),partNumber; manufacturer; specification; verified productId,"Appears on 5 machines as ""زيت جيربوكس محرك الداعس"" with a single consistent unit. Name, unit and quantity are display/usage attributes, not technical identity, so equivalence is unproven. Record preserved unchanged pending authoritative evidence."
MPP-000272,الداعس,cmunlz0st004ulc95vba0bdag,MCH_BR01_PF_MFG_04_05,cmum3jqh8001mf495zaankx05,cmum5dwmo0000ro95qq4day18,قطعة,0,6,5,AMBIGUOUS_TECHNICAL_IDENTITY,,name+unit+quantity (REJECTED as identity),partNumber; manufacturer; specification; verified productId,"Appears on 5 machines as ""الداعس"" with a single consistent unit. Name, unit and quantity are display/usage attributes, not technical identity, so equivalence is unproven. Record preserved unchanged pending authoritative evidence."
MPP-000273,بيرنجات الداعس,cmunlz0st004ulc95vba0bdag,MCH_BR01_PF_MFG_04_05,cmum3jqh8001mf495zaankx05,cmum5dwmo0000ro95qq4day18,قطعة,0,6,5,AMBIGUOUS_TECHNICAL_IDENTITY,,name+unit+quantity (REJECTED as identity),partNumber; manufacturer; specification; verified productId,"Appears on 5 machines as ""بيرنجات الداعس"" with a single consistent unit. Name, unit and quantity are display/usage attributes, not technical identity, so equivalence is unproven. Record preserved unchanged pending authoritative evidence."
MPP-000274,كفرات الداعس,cmunlz0st004ulc95vba0bdag,MCH_BR01_PF_MFG_04_05,cmum3jqh8001mf495zaankx05,cmum5dwmo0000ro95qq4day18,قطعة,0,6,5,AMBIGUOUS_TECHNICAL_IDENTITY,,name+unit+quantity (REJECTED as identity),partNumber; manufacturer; specification; verified productId,"Appears on 5 machines as ""كفرات الداعس"" with a single consistent unit. Name, unit and quantity are display/usage attributes, not technical identity, so equivalence is unproven. Record preserved unchanged pending authoritative evidence."
MPP-000275,انفرتر محرك الداعس,cmunlz0st004ulc95vba0bdag,MCH_BR01_PF_MFG_04_05,cmum3jqh8001mf495zaankx05,cmum5dwmo0000ro95qq4day18,قطعة,0,6,5,AMBIGUOUS_TECHNICAL_IDENTITY,,name+unit+quantity (REJECTED as identity),partNumber; manufacturer; specification; verified productId,"Appears on 5 machines as ""انفرتر محرك الداعس"" with a single consistent unit. Name, unit and quantity are display/usage attributes, not technical identity, so equivalence is unproven. Record preserved unchanged pending authoritative evidence."
MPP-000276,محرك خلاط النكهة 1,cmunlz0st004ulc95vba0bdag,MCH_BR01_PF_MFG_04_05,cmum3jqh8001mf495zaankx05,cmum5dwmo0000ro95qq4day18,قطعة,0,6,5,AMBIGUOUS_TECHNICAL_IDENTITY,,name+unit+quantity (REJECTED as identity),partNumber; manufacturer; specification; verified productId,"Appears on 5 machines as ""محرك خلاط النكهة 1"" with a single consistent unit. Name, unit and quantity are display/usage attributes, not technical identity, so equivalence is unproven. Record preserved unchanged pending authoritative evidence."
MPP-000277,بيرنجات محرك خلاط النكهة 1,cmunlz0st004ulc95vba0bdag,MCH_BR01_PF_MFG_04_05,cmum3jqh8001mf495zaankx05,cmum5dwmo0000ro95qq4day18,قطعة,0,6,5,AMBIGUOUS_TECHNICAL_IDENTITY,,name+unit+quantity (REJECTED as identity),partNumber; manufacturer; specification; verified productId,"Appears on 5 machines as ""بيرنجات محرك خلاط النكهة 1"" with a single consistent unit. Name, unit and quantity are display/usage attributes, not technical identity, so equivalence is unproven. Record preserved unchanged pending authoritative evidence."
MPP-000278,لمد محرك خلاط النكهة 1,cmunlz0st004ulc95vba0bdag,MCH_BR01_PF_MFG_04_05,cmum3jqh8001mf495zaankx05,cmum5dwmo0000ro95qq4day18,قطعة,0,6,5,AMBIGUOUS_TECHNICAL_IDENTITY,,name+unit+quantity (REJECTED as identity),partNumber; manufacturer; specification; verified productId,"Appears on 5 machines as ""لمد محرك خلاط النكهة 1"" with a single consistent unit. Name, unit and quantity are display/usage attributes, not technical identity, so equivalence is unproven. Record preserved unchanged pending authoritative evidence."
MPP-000279,عمود خلاط النكهة 1,cmunlz0st004ulc95vba0bdag,MCH_BR01_PF_MFG_04_05,cmum3jqh8001mf495zaankx05,cmum5dwmo0000ro95qq4day18,قطعة,0,6,5,AMBIGUOUS_TECHNICAL_IDENTITY,,name+unit+quantity (REJECTED as identity),partNumber; manufacturer; specification; verified productId,"Appears on 5 machines as ""عمود خلاط النكهة 1"" with a single consistent unit. Name, unit and quantity are display/usage attributes, not technical identity, so equivalence is unproven. Record preserved unchanged pending authoritative evidence."
MPP-000280,بيرنجات عمود خلاط النكهة 1,cmunlz0st004ulc95vba0bdag,MCH_BR01_PF_MFG_04_05,cmum3jqh8001mf495zaankx05,cmum5dwmo0000ro95qq4day18,قطعة,0,6,5,AMBIGUOUS_TECHNICAL_IDENTITY,,name+unit+quantity (REJECTED as identity),partNumber; manufacturer; specification; verified productId,"Appears on 5 machines as ""بيرنجات عمود خلاط النكهة 1"" with a single consistent unit. Name, unit and quantity are display/usage attributes, not technical identity, so equivalence is unproven. Record preserved unchanged pending authoritative evidence."
MPP-000281,لمد عمود خلاط النكهة 1,cmunlz0st004ulc95vba0bdag,MCH_BR01_PF_MFG_04_05,cmum3jqh8001mf495zaankx05,cmum5dwmo0000ro95qq4day18,قطعة,0,6,5,AMBIGUOUS_TECHNICAL_IDENTITY,,name+unit+quantity (REJECTED as identity),partNumber; manufacturer; specification; verified productId,"Appears on 5 machines as ""لمد عمود خلاط النكهة 1"" with a single consistent unit. Name, unit and quantity are display/usage attributes, not technical identity, so equivalence is unproven. Record preserved unchanged pending authoritative evidence."
MPP-000282,فيبرات محرك خلاط النكهة 1,cmunlz0st004ulc95vba0bdag,MCH_BR01_PF_MFG_04_05,cmum3jqh8001mf495zaankx05,cmum5dwmo0000ro95qq4day18,قطعة,0,6,5,AMBIGUOUS_TECHNICAL_IDENTITY,,name+unit+quantity (REJECTED as identity),partNumber; manufacturer; specification; verified productId,"Appears on 5 machines as ""فيبرات محرك خلاط النكهة 1"" with a single consistent unit. Name, unit and quantity are display/usage attributes, not technical identity, so equivalence is unproven. Record preserved unchanged pending authoritative evidence."
MPP-000283,خزان خلاط النكهة 1,cmunlz0st004ulc95vba0bdag,MCH_BR01_PF_MFG_04_05,cmum3jqh8001mf495zaankx05,cmum5dwmo0000ro95qq4day18,قطعة,0,6,5,AMBIGUOUS_TECHNICAL_IDENTITY,,name+unit+quantity (REJECTED as identity),partNumber; manufacturer; specification; verified productId,"Appears on 5 machines as ""خزان خلاط النكهة 1"" with a single consistent unit. Name, unit and quantity are display/usage attributes, not technical identity, so equivalence is unproven. Record preserved unchanged pending authoritative evidence."
MPP-000284,بيت سخان خزان خلاط النكهة 1,cmunlz0st004ulc95vba0bdag,MCH_BR01_PF_MFG_04_05,cmum3jqh8001mf495zaankx05,cmum5dwmo0000ro95qq4day18,قطعة,0,6,5,AMBIGUOUS_TECHNICAL_IDENTITY,,name+unit+quantity (REJECTED as identity),partNumber; manufacturer; specification; verified productId,"Appears on 5 machines as ""بيت سخان خزان خلاط النكهة 1"" with a single consistent unit. Name, unit and quantity are display/usage attributes, not technical identity, so equivalence is unproven. Record preserved unchanged pending authoritative evidence."
MPP-000285,سخان خزان خلاط النكهة 1,cmunlz0st004ulc95vba0bdag,MCH_BR01_PF_MFG_04_05,cmum3jqh8001mf495zaankx05,cmum5dwmo0000ro95qq4day18,قطعة,0,6,5,AMBIGUOUS_TECHNICAL_IDENTITY,,name+unit+quantity (REJECTED as identity),partNumber; manufacturer; specification; verified productId,"Appears on 5 machines as ""سخان خزان خلاط النكهة 1"" with a single consistent unit. Name, unit and quantity are display/usage attributes, not technical identity, so equivalence is unproven. Record preserved unchanged pending authoritative evidence."
MPP-000286,حساس سخان خزان خلاط النكهة 1,cmunlz0st004ulc95vba0bdag,MCH_BR01_PF_MFG_04_05,cmum3jqh8001mf495zaankx05,cmum5dwmo0000ro95qq4day18,قطعة,0,6,5,AMBIGUOUS_TECHNICAL_IDENTITY,,name+unit+quantity (REJECTED as identity),partNumber; manufacturer; specification; verified productId,"Appears on 5 machines as ""حساس سخان خزان خلاط النكهة 1"" with a single consistent unit. Name, unit and quantity are display/usage attributes, not technical identity, so equivalence is unproven. Record preserved unchanged pending authoritative evidence."
MPP-000287,ساعة حرارة سخان خزان خلاط النكهة 1,cmunlz0st004ulc95vba0bdag,MCH_BR01_PF_MFG_04_05,cmum3jqh8001mf495zaankx05,cmum5dwmo0000ro95qq4day18,قطعة,0,6,5,AMBIGUOUS_TECHNICAL_IDENTITY,,name+unit+quantity (REJECTED as identity),partNumber; manufacturer; specification; verified productId,"Appears on 5 machines as ""ساعة حرارة سخان خزان خلاط النكهة 1"" with a single consistent unit. Name, unit and quantity are display/usage attributes, not technical identity, so equivalence is unproven. Record preserved unchanged pending authoritative evidence."
MPP-000288,انفرتر محرك خلاط النكهة 1,cmunlz0st004ulc95vba0bdag,MCH_BR01_PF_MFG_04_05,cmum3jqh8001mf495zaankx05,cmum5dwmo0000ro95qq4day18,قطعة,0,6,5,AMBIGUOUS_TECHNICAL_IDENTITY,,name+unit+quantity (REJECTED as identity),partNumber; manufacturer; specification; verified productId,"Appears on 5 machines as ""انفرتر محرك خلاط النكهة 1"" with a single consistent unit. Name, unit and quantity are display/usage attributes, not technical identity, so equivalence is unproven. Record preserved unchanged pending authoritative evidence."
MPP-000289,محرك خلاط النكهة 2,cmunlz0st004ulc95vba0bdag,MCH_BR01_PF_MFG_04_05,cmum3jqh8001mf495zaankx05,cmum5dwmo0000ro95qq4day18,قطعة,0,6,5,AMBIGUOUS_TECHNICAL_IDENTITY,,name+unit+quantity (REJECTED as identity),partNumber; manufacturer; specification; verified productId,"Appears on 5 machines as ""محرك خلاط النكهة 2"" with a single consistent unit. Name, unit and quantity are display/usage attributes, not technical identity, so equivalence is unproven. Record preserved unchanged pending authoritative evidence."
MPP-000290,بيرنجات محرك خلاط النكهة 2,cmunlz0st004ulc95vba0bdag,MCH_BR01_PF_MFG_04_05,cmum3jqh8001mf495zaankx05,cmum5dwmo0000ro95qq4day18,قطعة,0,6,5,AMBIGUOUS_TECHNICAL_IDENTITY,,name+unit+quantity (REJECTED as identity),partNumber; manufacturer; specification; verified productId,"Appears on 5 machines as ""بيرنجات محرك خلاط النكهة 2"" with a single consistent unit. Name, unit and quantity are display/usage attributes, not technical identity, so equivalence is unproven. Record preserved unchanged pending authoritative evidence."
MPP-000291,لمد محرك خلاط النكهة 2,cmunlz0st004ulc95vba0bdag,MCH_BR01_PF_MFG_04_05,cmum3jqh8001mf495zaankx05,cmum5dwmo0000ro95qq4day18,قطعة,0,6,5,AMBIGUOUS_TECHNICAL_IDENTITY,,name+unit+quantity (REJECTED as identity),partNumber; manufacturer; specification; verified productId,"Appears on 5 machines as ""لمد محرك خلاط النكهة 2"" with a single consistent unit. Name, unit and quantity are display/usage attributes, not technical identity, so equivalence is unproven. Record preserved unchanged pending authoritative evidence."
MPP-000292,عمود خلاط النكهة 2,cmunlz0st004ulc95vba0bdag,MCH_BR01_PF_MFG_04_05,cmum3jqh8001mf495zaankx05,cmum5dwmo0000ro95qq4day18,قطعة,0,6,5,AMBIGUOUS_TECHNICAL_IDENTITY,,name+unit+quantity (REJECTED as identity),partNumber; manufacturer; specification; verified productId,"Appears on 5 machines as ""عمود خلاط النكهة 2"" with a single consistent unit. Name, unit and quantity are display/usage attributes, not technical identity, so equivalence is unproven. Record preserved unchanged pending authoritative evidence."
MPP-000293,بيرنجات عمود خلاط النكهة 2,cmunlz0st004ulc95vba0bdag,MCH_BR01_PF_MFG_04_05,cmum3jqh8001mf495zaankx05,cmum5dwmo0000ro95qq4day18,قطعة,0,6,5,AMBIGUOUS_TECHNICAL_IDENTITY,,name+unit+quantity (REJECTED as identity),partNumber; manufacturer; specification; verified productId,"Appears on 5 machines as ""بيرنجات عمود خلاط النكهة 2"" with a single consistent unit. Name, unit and quantity are display/usage attributes, not technical identity, so equivalence is unproven. Record preserved unchanged pending authoritative evidence."
MPP-000294,لمد عمود خلاط النكهة 2,cmunlz0st004ulc95vba0bdag,MCH_BR01_PF_MFG_04_05,cmum3jqh8001mf495zaankx05,cmum5dwmo0000ro95qq4day18,قطعة,0,6,5,AMBIGUOUS_TECHNICAL_IDENTITY,,name+unit+quantity (REJECTED as identity),partNumber; manufacturer; specification; verified productId,"Appears on 5 machines as ""لمد عمود خلاط النكهة 2"" with a single consistent unit. Name, unit and quantity are display/usage attributes, not technical identity, so equivalence is unproven. Record preserved unchanged pending authoritative evidence."
MPP-000295,فيبرات محرك خلاط النكهة 2,cmunlz0st004ulc95vba0bdag,MCH_BR01_PF_MFG_04_05,cmum3jqh8001mf495zaankx05,cmum5dwmo0000ro95qq4day18,قطعة,0,6,5,AMBIGUOUS_TECHNICAL_IDENTITY,,name+unit+quantity (REJECTED as identity),partNumber; manufacturer; specification; verified productId,"Appears on 5 machines as ""فيبرات محرك خلاط النكهة 2"" with a single consistent unit. Name, unit and quantity are display/usage attributes, not technical identity, so equivalence is unproven. Record preserved unchanged pending authoritative evidence."
MPP-000296,خزان خلاط النكهة 2,cmunlz0st004ulc95vba0bdag,MCH_BR01_PF_MFG_04_05,cmum3jqh8001mf495zaankx05,cmum5dwmo0000ro95qq4day18,قطعة,0,6,5,AMBIGUOUS_TECHNICAL_IDENTITY,,name+unit+quantity (REJECTED as identity),partNumber; manufacturer; specification; verified productId,"Appears on 5 machines as ""خزان خلاط النكهة 2"" with a single consistent unit. Name, unit and quantity are display/usage attributes, not technical identity, so equivalence is unproven. Record preserved unchanged pending authoritative evidence."
MPP-000297,بيت سخان خزان خلاط النكهة 2,cmunlz0st004ulc95vba0bdag,MCH_BR01_PF_MFG_04_05,cmum3jqh8001mf495zaankx05,cmum5dwmo0000ro95qq4day18,قطعة,0,6,5,AMBIGUOUS_TECHNICAL_IDENTITY,,name+unit+quantity (REJECTED as identity),partNumber; manufacturer; specification; verified productId,"Appears on 5 machines as ""بيت سخان خزان خلاط النكهة 2"" with a single consistent unit. Name, unit and quantity are display/usage attributes, not technical identity, so equivalence is unproven. Record preserved unchanged pending authoritative evidence."
MPP-000298,سخان خزان خلاط النكهة 2,cmunlz0st004ulc95vba0bdag,MCH_BR01_PF_MFG_04_05,cmum3jqh8001mf495zaankx05,cmum5dwmo0000ro95qq4day18,قطعة,0,6,5,AMBIGUOUS_TECHNICAL_IDENTITY,,name+unit+quantity (REJECTED as identity),partNumber; manufacturer; specification; verified productId,"Appears on 5 machines as ""سخان خزان خلاط النكهة 2"" with a single consistent unit. Name, unit and quantity are display/usage attributes, not technical identity, so equivalence is unproven. Record preserved unchanged pending authoritative evidence."
MPP-000299,حساس سخان خزان خلاط النكهة 2,cmunlz0st004ulc95vba0bdag,MCH_BR01_PF_MFG_04_05,cmum3jqh8001mf495zaankx05,cmum5dwmo0000ro95qq4day18,قطعة,0,6,5,AMBIGUOUS_TECHNICAL_IDENTITY,,name+unit+quantity (REJECTED as identity),partNumber; manufacturer; specification; verified productId,"Appears on 5 machines as ""حساس سخان خزان خلاط النكهة 2"" with a single consistent unit. Name, unit and quantity are display/usage attributes, not technical identity, so equivalence is unproven. Record preserved unchanged pending authoritative evidence."
MPP-000300,ساعة حرارة سخان خزان خلاط النكهة 2,cmunlz0st004ulc95vba0bdag,MCH_BR01_PF_MFG_04_05,cmum3jqh8001mf495zaankx05,cmum5dwmo0000ro95qq4day18,قطعة,0,6,5,AMBIGUOUS_TECHNICAL_IDENTITY,,name+unit+quantity (REJECTED as identity),partNumber; manufacturer; specification; verified productId,"Appears on 5 machines as ""ساعة حرارة سخان خزان خلاط النكهة 2"" with a single consistent unit. Name, unit and quantity are display/usage attributes, not technical identity, so equivalence is unproven. Record preserved unchanged pending authoritative evidence."
MPP-000301,انفرتر محرك خلاط النكهة 2,cmunlz0st004ulc95vba0bdag,MCH_BR01_PF_MFG_04_05,cmum3jqh8001mf495zaankx05,cmum5dwmo0000ro95qq4day18,قطعة,0,6,5,AMBIGUOUS_TECHNICAL_IDENTITY,,name+unit+quantity (REJECTED as identity),partNumber; manufacturer; specification; verified productId,"Appears on 5 machines as ""انفرتر محرك خلاط النكهة 2"" with a single consistent unit. Name, unit and quantity are display/usage attributes, not technical identity, so equivalence is unproven. Record preserved unchanged pending authoritative evidence."
MPP-000302,محرك المتنبل,cmunlz0ul004ylc95t4xv95o1,MCH_BR01_PF_MFG_04_06,cmum3jqh8001mf495zaankx05,cmum5dwmo0000ro95qq4day18,قطعة,0,9,8,AMBIGUOUS_TECHNICAL_IDENTITY,,name+unit+quantity (REJECTED as identity),partNumber; manufacturer; specification; verified productId,"Appears on 8 machines as ""محرك المتنبل"" with a single consistent unit. Name, unit and quantity are display/usage attributes, not technical identity, so equivalence is unproven. Record preserved unchanged pending authoritative evidence."
MPP-000303,بيرنجات محرك المتنبل,cmunlz0ul004ylc95t4xv95o1,MCH_BR01_PF_MFG_04_06,cmum3jqh8001mf495zaankx05,cmum5dwmo0000ro95qq4day18,قطعة,0,9,8,AMBIGUOUS_TECHNICAL_IDENTITY,,name+unit+quantity (REJECTED as identity),partNumber; manufacturer; specification; verified productId,"Appears on 8 machines as ""بيرنجات محرك المتنبل"" with a single consistent unit. Name, unit and quantity are display/usage attributes, not technical identity, so equivalence is unproven. Record preserved unchanged pending authoritative evidence."
MPP-000304,لمد محرك المتنبل,cmunlz0ul004ylc95t4xv95o1,MCH_BR01_PF_MFG_04_06,cmum3jqh8001mf495zaankx05,cmum5dwmo0000ro95qq4day18,قطعة,0,9,8,AMBIGUOUS_TECHNICAL_IDENTITY,,name+unit+quantity (REJECTED as identity),partNumber; manufacturer; specification; verified productId,"Appears on 8 machines as ""لمد محرك المتنبل"" with a single consistent unit. Name, unit and quantity are display/usage attributes, not technical identity, so equivalence is unproven. Record preserved unchanged pending authoritative evidence."
MPP-000305,جيربوكس محرك المتنبل,cmunlz0ul004ylc95t4xv95o1,MCH_BR01_PF_MFG_04_06,cmum3jqh8001mf495zaankx05,cmum5dwmo0000ro95qq4day18,قطعة,0,9,8,AMBIGUOUS_TECHNICAL_IDENTITY,,name+unit+quantity (REJECTED as identity),partNumber; manufacturer; specification; verified productId,"Appears on 8 machines as ""جيربوكس محرك المتنبل"" with a single consistent unit. Name, unit and quantity are display/usage attributes, not technical identity, so equivalence is unproven. Record preserved unchanged pending authoritative evidence."
MPP-000306,بيرنجات جيربوكس محرك المتنبل,cmunlz0ul004ylc95t4xv95o1,MCH_BR01_PF_MFG_04_06,cmum3jqh8001mf495zaankx05,cmum5dwmo0000ro95qq4day18,قطعة,0,9,8,AMBIGUOUS_TECHNICAL_IDENTITY,,name+unit+quantity (REJECTED as identity),partNumber; manufacturer; specification; verified productId,"Appears on 8 machines as ""بيرنجات جيربوكس محرك المتنبل"" with a single consistent unit. Name, unit and quantity are display/usage attributes, not technical identity, so equivalence is unproven. Record preserved unchanged pending authoritative evidence."
MPP-000307,لمد جيربوكس محرك المتنبل,cmunlz0ul004ylc95t4xv95o1,MCH_BR01_PF_MFG_04_06,cmum3jqh8001mf495zaankx05,cmum5dwmo0000ro95qq4day18,قطعة,0,9,8,AMBIGUOUS_TECHNICAL_IDENTITY,,name+unit+quantity (REJECTED as identity),partNumber; manufacturer; specification; verified productId,"Appears on 8 machines as ""لمد جيربوكس محرك المتنبل"" with a single consistent unit. Name, unit and quantity are display/usage attributes, not technical identity, so equivalence is unproven. Record preserved unchanged pending authoritative evidence."
MPP-000308,زيت جيربوكس محرك المتنبل,cmunlz0ul004ylc95t4xv95o1,MCH_BR01_PF_MFG_04_06,cmum3jqh8001mf495zaankx05,cmum5dwmo0000ro95qq4day18,قطعة,0,9,8,AMBIGUOUS_TECHNICAL_IDENTITY,,name+unit+quantity (REJECTED as identity),partNumber; manufacturer; specification; verified productId,"Appears on 8 machines as ""زيت جيربوكس محرك المتنبل"" with a single consistent unit. Name, unit and quantity are display/usage attributes, not technical identity, so equivalence is unproven. Record preserved unchanged pending authoritative evidence."
MPP-000309,ترس جيربوكس محرك المتنبل,cmunlz0ul004ylc95t4xv95o1,MCH_BR01_PF_MFG_04_06,cmum3jqh8001mf495zaankx05,cmum5dwmo0000ro95qq4day18,قطعة,0,9,8,AMBIGUOUS_TECHNICAL_IDENTITY,,name+unit+quantity (REJECTED as identity),partNumber; manufacturer; specification; verified productId,"Appears on 8 machines as ""ترس جيربوكس محرك المتنبل"" with a single consistent unit. Name, unit and quantity are display/usage attributes, not technical identity, so equivalence is unproven. Record preserved unchanged pending authoritative evidence."
MPP-000310,سلسلة ترس جيربوكس محرك المتنبل,cmunlz0ul004ylc95t4xv95o1,MCH_BR01_PF_MFG_04_06,cmum3jqh8001mf495zaankx05,cmum5dwmo0000ro95qq4day18,قطعة,0,9,8,AMBIGUOUS_TECHNICAL_IDENTITY,,name+unit+quantity (REJECTED as identity),partNumber; manufacturer; specification; verified productId,"Appears on 8 machines as ""سلسلة ترس جيربوكس محرك المتنبل"" with a single consistent unit. Name, unit and quantity are display/usage attributes, not technical identity, so equivalence is unproven. Record preserved unchanged pending authoritative evidence."
MPP-000311,ترس عمود المتنبل,cmunlz0ul004ylc95t4xv95o1,MCH_BR01_PF_MFG_04_06,cmum3jqh8001mf495zaankx05,cmum5dwmo0000ro95qq4day18,قطعة,0,9,8,AMBIGUOUS_TECHNICAL_IDENTITY,,name+unit+quantity (REJECTED as identity),partNumber; manufacturer; specification; verified productId,"Appears on 8 machines as ""ترس عمود المتنبل"" with a single consistent unit. Name, unit and quantity are display/usage attributes, not technical identity, so equivalence is unproven. Record preserved unchanged pending authoritative evidence."
MPP-000312,بيرنجات عمود المتنبل,cmunlz0ul004ylc95t4xv95o1,MCH_BR01_PF_MFG_04_06,cmum3jqh8001mf495zaankx05,cmum5dwmo0000ro95qq4day18,قطعة,0,9,8,AMBIGUOUS_TECHNICAL_IDENTITY,,name+unit+quantity (REJECTED as identity),partNumber; manufacturer; specification; verified productId,"Appears on 8 machines as ""بيرنجات عمود المتنبل"" with a single consistent unit. Name, unit and quantity are display/usage attributes, not technical identity, so equivalence is unproven. Record preserved unchanged pending authoritative evidence."
MPP-000313,كفرات عمود المتنبل,cmunlz0ul004ylc95t4xv95o1,MCH_BR01_PF_MFG_04_06,cmum3jqh8001mf495zaankx05,cmum5dwmo0000ro95qq4day18,قطعة,0,9,8,AMBIGUOUS_TECHNICAL_IDENTITY,,name+unit+quantity (REJECTED as identity),partNumber; manufacturer; specification; verified productId,"Appears on 8 machines as ""كفرات عمود المتنبل"" with a single consistent unit. Name, unit and quantity are display/usage attributes, not technical identity, so equivalence is unproven. Record preserved unchanged pending authoritative evidence."
MPP-000314,انفرتر محرك المتنبل,cmunlz0ul004ylc95t4xv95o1,MCH_BR01_PF_MFG_04_06,cmum3jqh8001mf495zaankx05,cmum5dwmo0000ro95qq4day18,قطعة,0,9,8,AMBIGUOUS_TECHNICAL_IDENTITY,,name+unit+quantity (REJECTED as identity),partNumber; manufacturer; specification; verified productId,"Appears on 8 machines as ""انفرتر محرك المتنبل"" with a single consistent unit. Name, unit and quantity are display/usage attributes, not technical identity, so equivalence is unproven. Record preserved unchanged pending authoritative evidence."
MPP-000315,محرك خلاط الذرة,cmunlz0wf0052lc959o2aapg1,MCH_BR01_PF_MFG_05_01,cmum3jqh8001mf495zaankx05,cmum5dwmo0000ro95qq4day18,قطعة,0,5,5,AMBIGUOUS_TECHNICAL_IDENTITY,,name+unit+quantity (REJECTED as identity),partNumber; manufacturer; specification; verified productId,"Appears on 5 machines as ""محرك خلاط الذرة"" with a single consistent unit. Name, unit and quantity are display/usage attributes, not technical identity, so equivalence is unproven. Record preserved unchanged pending authoritative evidence."
MPP-000316,بيرنجات محرك خلاط الذرة,cmunlz0wf0052lc959o2aapg1,MCH_BR01_PF_MFG_05_01,cmum3jqh8001mf495zaankx05,cmum5dwmo0000ro95qq4day18,قطعة,0,5,5,AMBIGUOUS_TECHNICAL_IDENTITY,,name+unit+quantity (REJECTED as identity),partNumber; manufacturer; specification; verified productId,"Appears on 5 machines as ""بيرنجات محرك خلاط الذرة"" with a single consistent unit. Name, unit and quantity are display/usage attributes, not technical identity, so equivalence is unproven. Record preserved unchanged pending authoritative evidence."
MPP-000317,لمد محرك خلاط الذرة,cmunlz0wf0052lc959o2aapg1,MCH_BR01_PF_MFG_05_01,cmum3jqh8001mf495zaankx05,cmum5dwmo0000ro95qq4day18,قطعة,0,5,5,AMBIGUOUS_TECHNICAL_IDENTITY,,name+unit+quantity (REJECTED as identity),partNumber; manufacturer; specification; verified productId,"Appears on 5 machines as ""لمد محرك خلاط الذرة"" with a single consistent unit. Name, unit and quantity are display/usage attributes, not technical identity, so equivalence is unproven. Record preserved unchanged pending authoritative evidence."
MPP-000318,حلزون خلاط الذرة,cmunlz0wf0052lc959o2aapg1,MCH_BR01_PF_MFG_05_01,cmum3jqh8001mf495zaankx05,cmum5dwmo0000ro95qq4day18,قطعة,0,5,5,AMBIGUOUS_TECHNICAL_IDENTITY,,name+unit+quantity (REJECTED as identity),partNumber; manufacturer; specification; verified productId,"Appears on 5 machines as ""حلزون خلاط الذرة"" with a single consistent unit. Name, unit and quantity are display/usage attributes, not technical identity, so equivalence is unproven. Record preserved unchanged pending authoritative evidence."
MPP-000319,بيرنجات حلزون خلاط الذرة,cmunlz0wf0052lc959o2aapg1,MCH_BR01_PF_MFG_05_01,cmum3jqh8001mf495zaankx05,cmum5dwmo0000ro95qq4day18,قطعة,0,5,5,AMBIGUOUS_TECHNICAL_IDENTITY,,name+unit+quantity (REJECTED as identity),partNumber; manufacturer; specification; verified productId,"Appears on 5 machines as ""بيرنجات حلزون خلاط الذرة"" with a single consistent unit. Name, unit and quantity are display/usage attributes, not technical identity, so equivalence is unproven. Record preserved unchanged pending authoritative evidence."
MPP-000320,سيور النقل لخلاط الذرة,cmunlz0wf0052lc959o2aapg1,MCH_BR01_PF_MFG_05_01,cmum3jqh8001mf495zaankx05,cmum5dwmo0000ro95qq4day18,قطعة,0,5,5,AMBIGUOUS_TECHNICAL_IDENTITY,,name+unit+quantity (REJECTED as identity),partNumber; manufacturer; specification; verified productId,"Appears on 5 machines as ""سيور النقل لخلاط الذرة"" with a single consistent unit. Name, unit and quantity are display/usage attributes, not technical identity, so equivalence is unproven. Record preserved unchanged pending authoritative evidence."
MPP-000321,محرك الداعس,cmunlz14e005ilc95vwhotnpy,MCH_BR01_PF_MFG_05_05,cmum3jqh8001mf495zaankx05,cmum5dwmo0000ro95qq4day18,قطعة,0,6,5,AMBIGUOUS_TECHNICAL_IDENTITY,,name+unit+quantity (REJECTED as identity),partNumber; manufacturer; specification; verified productId,"Appears on 5 machines as ""محرك الداعس"" with a single consistent unit. Name, unit and quantity are display/usage attributes, not technical identity, so equivalence is unproven. Record preserved unchanged pending authoritative evidence."
MPP-000322,بيرنجات محرك الداعس,cmunlz14e005ilc95vwhotnpy,MCH_BR01_PF_MFG_05_05,cmum3jqh8001mf495zaankx05,cmum5dwmo0000ro95qq4day18,قطعة,0,6,5,AMBIGUOUS_TECHNICAL_IDENTITY,,name+unit+quantity (REJECTED as identity),partNumber; manufacturer; specification; verified productId,"Appears on 5 machines as ""بيرنجات محرك الداعس"" with a single consistent unit. Name, unit and quantity are display/usage attributes, not technical identity, so equivalence is unproven. Record preserved unchanged pending authoritative evidence."
MPP-000323,لمد محرك الداعس,cmunlz14e005ilc95vwhotnpy,MCH_BR01_PF_MFG_05_05,cmum3jqh8001mf495zaankx05,cmum5dwmo0000ro95qq4day18,قطعة,0,6,5,AMBIGUOUS_TECHNICAL_IDENTITY,,name+unit+quantity (REJECTED as identity),partNumber; manufacturer; specification; verified productId,"Appears on 5 machines as ""لمد محرك الداعس"" with a single consistent unit. Name, unit and quantity are display/usage attributes, not technical identity, so equivalence is unproven. Record preserved unchanged pending authoritative evidence."
MPP-000324,جيربوكس محرك الداعس,cmunlz14e005ilc95vwhotnpy,MCH_BR01_PF_MFG_05_05,cmum3jqh8001mf495zaankx05,cmum5dwmo0000ro95qq4day18,قطعة,0,6,5,AMBIGUOUS_TECHNICAL_IDENTITY,,name+unit+quantity (REJECTED as identity),partNumber; manufacturer; specification; verified productId,"Appears on 5 machines as ""جيربوكس محرك الداعس"" with a single consistent unit. Name, unit and quantity are display/usage attributes, not technical identity, so equivalence is unproven. Record preserved unchanged pending authoritative evidence."
MPP-000325,بيرنجات جيربوكس محرك الداعس,cmunlz14e005ilc95vwhotnpy,MCH_BR01_PF_MFG_05_05,cmum3jqh8001mf495zaankx05,cmum5dwmo0000ro95qq4day18,قطعة,0,6,5,AMBIGUOUS_TECHNICAL_IDENTITY,,name+unit+quantity (REJECTED as identity),partNumber; manufacturer; specification; verified productId,"Appears on 5 machines as ""بيرنجات جيربوكس محرك الداعس"" with a single consistent unit. Name, unit and quantity are display/usage attributes, not technical identity, so equivalence is unproven. Record preserved unchanged pending authoritative evidence."
MPP-000326,لمد جيربوكس محرك الداعس,cmunlz14e005ilc95vwhotnpy,MCH_BR01_PF_MFG_05_05,cmum3jqh8001mf495zaankx05,cmum5dwmo0000ro95qq4day18,قطعة,0,6,5,AMBIGUOUS_TECHNICAL_IDENTITY,,name+unit+quantity (REJECTED as identity),partNumber; manufacturer; specification; verified productId,"Appears on 5 machines as ""لمد جيربوكس محرك الداعس"" with a single consistent unit. Name, unit and quantity are display/usage attributes, not technical identity, so equivalence is unproven. Record preserved unchanged pending authoritative evidence."
MPP-000327,زيت جيربوكس محرك الداعس,cmunlz14e005ilc95vwhotnpy,MCH_BR01_PF_MFG_05_05,cmum3jqh8001mf495zaankx05,cmum5dwmo0000ro95qq4day18,قطعة,0,6,5,AMBIGUOUS_TECHNICAL_IDENTITY,,name+unit+quantity (REJECTED as identity),partNumber; manufacturer; specification; verified productId,"Appears on 5 machines as ""زيت جيربوكس محرك الداعس"" with a single consistent unit. Name, unit and quantity are display/usage attributes, not technical identity, so equivalence is unproven. Record preserved unchanged pending authoritative evidence."
MPP-000328,الداعس,cmunlz14e005ilc95vwhotnpy,MCH_BR01_PF_MFG_05_05,cmum3jqh8001mf495zaankx05,cmum5dwmo0000ro95qq4day18,قطعة,0,6,5,AMBIGUOUS_TECHNICAL_IDENTITY,,name+unit+quantity (REJECTED as identity),partNumber; manufacturer; specification; verified productId,"Appears on 5 machines as ""الداعس"" with a single consistent unit. Name, unit and quantity are display/usage attributes, not technical identity, so equivalence is unproven. Record preserved unchanged pending authoritative evidence."
MPP-000329,بيرنجات الداعس,cmunlz14e005ilc95vwhotnpy,MCH_BR01_PF_MFG_05_05,cmum3jqh8001mf495zaankx05,cmum5dwmo0000ro95qq4day18,قطعة,0,6,5,AMBIGUOUS_TECHNICAL_IDENTITY,,name+unit+quantity (REJECTED as identity),partNumber; manufacturer; specification; verified productId,"Appears on 5 machines as ""بيرنجات الداعس"" with a single consistent unit. Name, unit and quantity are display/usage attributes, not technical identity, so equivalence is unproven. Record preserved unchanged pending authoritative evidence."
MPP-000330,كفرات الداعس,cmunlz14e005ilc95vwhotnpy,MCH_BR01_PF_MFG_05_05,cmum3jqh8001mf495zaankx05,cmum5dwmo0000ro95qq4day18,قطعة,0,6,5,AMBIGUOUS_TECHNICAL_IDENTITY,,name+unit+quantity (REJECTED as identity),partNumber; manufacturer; specification; verified productId,"Appears on 5 machines as ""كفرات الداعس"" with a single consistent unit. Name, unit and quantity are display/usage attributes, not technical identity, so equivalence is unproven. Record preserved unchanged pending authoritative evidence."
MPP-000331,انفرتر محرك الداعس,cmunlz14e005ilc95vwhotnpy,MCH_BR01_PF_MFG_05_05,cmum3jqh8001mf495zaankx05,cmum5dwmo0000ro95qq4day18,قطعة,0,6,5,AMBIGUOUS_TECHNICAL_IDENTITY,,name+unit+quantity (REJECTED as identity),partNumber; manufacturer; specification; verified productId,"Appears on 5 machines as ""انفرتر محرك الداعس"" with a single consistent unit. Name, unit and quantity are display/usage attributes, not technical identity, so equivalence is unproven. Record preserved unchanged pending authoritative evidence."
MPP-000332,محرك خلاط النكهة 1,cmunlz14e005ilc95vwhotnpy,MCH_BR01_PF_MFG_05_05,cmum3jqh8001mf495zaankx05,cmum5dwmo0000ro95qq4day18,قطعة,0,6,5,AMBIGUOUS_TECHNICAL_IDENTITY,,name+unit+quantity (REJECTED as identity),partNumber; manufacturer; specification; verified productId,"Appears on 5 machines as ""محرك خلاط النكهة 1"" with a single consistent unit. Name, unit and quantity are display/usage attributes, not technical identity, so equivalence is unproven. Record preserved unchanged pending authoritative evidence."
MPP-000333,بيرنجات محرك خلاط النكهة 1,cmunlz14e005ilc95vwhotnpy,MCH_BR01_PF_MFG_05_05,cmum3jqh8001mf495zaankx05,cmum5dwmo0000ro95qq4day18,قطعة,0,6,5,AMBIGUOUS_TECHNICAL_IDENTITY,,name+unit+quantity (REJECTED as identity),partNumber; manufacturer; specification; verified productId,"Appears on 5 machines as ""بيرنجات محرك خلاط النكهة 1"" with a single consistent unit. Name, unit and quantity are display/usage attributes, not technical identity, so equivalence is unproven. Record preserved unchanged pending authoritative evidence."
MPP-000334,لمد محرك خلاط النكهة 1,cmunlz14e005ilc95vwhotnpy,MCH_BR01_PF_MFG_05_05,cmum3jqh8001mf495zaankx05,cmum5dwmo0000ro95qq4day18,قطعة,0,6,5,AMBIGUOUS_TECHNICAL_IDENTITY,,name+unit+quantity (REJECTED as identity),partNumber; manufacturer; specification; verified productId,"Appears on 5 machines as ""لمد محرك خلاط النكهة 1"" with a single consistent unit. Name, unit and quantity are display/usage attributes, not technical identity, so equivalence is unproven. Record preserved unchanged pending authoritative evidence."
MPP-000335,عمود خلاط النكهة 1,cmunlz14e005ilc95vwhotnpy,MCH_BR01_PF_MFG_05_05,cmum3jqh8001mf495zaankx05,cmum5dwmo0000ro95qq4day18,قطعة,0,6,5,AMBIGUOUS_TECHNICAL_IDENTITY,,name+unit+quantity (REJECTED as identity),partNumber; manufacturer; specification; verified productId,"Appears on 5 machines as ""عمود خلاط النكهة 1"" with a single consistent unit. Name, unit and quantity are display/usage attributes, not technical identity, so equivalence is unproven. Record preserved unchanged pending authoritative evidence."
MPP-000336,بيرنجات عمود خلاط النكهة 1,cmunlz14e005ilc95vwhotnpy,MCH_BR01_PF_MFG_05_05,cmum3jqh8001mf495zaankx05,cmum5dwmo0000ro95qq4day18,قطعة,0,6,5,AMBIGUOUS_TECHNICAL_IDENTITY,,name+unit+quantity (REJECTED as identity),partNumber; manufacturer; specification; verified productId,"Appears on 5 machines as ""بيرنجات عمود خلاط النكهة 1"" with a single consistent unit. Name, unit and quantity are display/usage attributes, not technical identity, so equivalence is unproven. Record preserved unchanged pending authoritative evidence."
MPP-000337,لمد عمود خلاط النكهة 1,cmunlz14e005ilc95vwhotnpy,MCH_BR01_PF_MFG_05_05,cmum3jqh8001mf495zaankx05,cmum5dwmo0000ro95qq4day18,قطعة,0,6,5,AMBIGUOUS_TECHNICAL_IDENTITY,,name+unit+quantity (REJECTED as identity),partNumber; manufacturer; specification; verified productId,"Appears on 5 machines as ""لمد عمود خلاط النكهة 1"" with a single consistent unit. Name, unit and quantity are display/usage attributes, not technical identity, so equivalence is unproven. Record preserved unchanged pending authoritative evidence."
MPP-000338,فيبرات محرك خلاط النكهة 1,cmunlz14e005ilc95vwhotnpy,MCH_BR01_PF_MFG_05_05,cmum3jqh8001mf495zaankx05,cmum5dwmo0000ro95qq4day18,قطعة,0,6,5,AMBIGUOUS_TECHNICAL_IDENTITY,,name+unit+quantity (REJECTED as identity),partNumber; manufacturer; specification; verified productId,"Appears on 5 machines as ""فيبرات محرك خلاط النكهة 1"" with a single consistent unit. Name, unit and quantity are display/usage attributes, not technical identity, so equivalence is unproven. Record preserved unchanged pending authoritative evidence."
MPP-000339,خزان خلاط النكهة 1,cmunlz14e005ilc95vwhotnpy,MCH_BR01_PF_MFG_05_05,cmum3jqh8001mf495zaankx05,cmum5dwmo0000ro95qq4day18,قطعة,0,6,5,AMBIGUOUS_TECHNICAL_IDENTITY,,name+unit+quantity (REJECTED as identity),partNumber; manufacturer; specification; verified productId,"Appears on 5 machines as ""خزان خلاط النكهة 1"" with a single consistent unit. Name, unit and quantity are display/usage attributes, not technical identity, so equivalence is unproven. Record preserved unchanged pending authoritative evidence."
MPP-000340,بيت سخان خزان خلاط النكهة 1,cmunlz14e005ilc95vwhotnpy,MCH_BR01_PF_MFG_05_05,cmum3jqh8001mf495zaankx05,cmum5dwmo0000ro95qq4day18,قطعة,0,6,5,AMBIGUOUS_TECHNICAL_IDENTITY,,name+unit+quantity (REJECTED as identity),partNumber; manufacturer; specification; verified productId,"Appears on 5 machines as ""بيت سخان خزان خلاط النكهة 1"" with a single consistent unit. Name, unit and quantity are display/usage attributes, not technical identity, so equivalence is unproven. Record preserved unchanged pending authoritative evidence."
MPP-000341,سخان خزان خلاط النكهة 1,cmunlz14e005ilc95vwhotnpy,MCH_BR01_PF_MFG_05_05,cmum3jqh8001mf495zaankx05,cmum5dwmo0000ro95qq4day18,قطعة,0,6,5,AMBIGUOUS_TECHNICAL_IDENTITY,,name+unit+quantity (REJECTED as identity),partNumber; manufacturer; specification; verified productId,"Appears on 5 machines as ""سخان خزان خلاط النكهة 1"" with a single consistent unit. Name, unit and quantity are display/usage attributes, not technical identity, so equivalence is unproven. Record preserved unchanged pending authoritative evidence."
MPP-000342,حساس سخان خزان خلاط النكهة 1,cmunlz14e005ilc95vwhotnpy,MCH_BR01_PF_MFG_05_05,cmum3jqh8001mf495zaankx05,cmum5dwmo0000ro95qq4day18,قطعة,0,6,5,AMBIGUOUS_TECHNICAL_IDENTITY,,name+unit+quantity (REJECTED as identity),partNumber; manufacturer; specification; verified productId,"Appears on 5 machines as ""حساس سخان خزان خلاط النكهة 1"" with a single consistent unit. Name, unit and quantity are display/usage attributes, not technical identity, so equivalence is unproven. Record preserved unchanged pending authoritative evidence."
MPP-000343,ساعة حرارة سخان خزان خلاط النكهة 1,cmunlz14e005ilc95vwhotnpy,MCH_BR01_PF_MFG_05_05,cmum3jqh8001mf495zaankx05,cmum5dwmo0000ro95qq4day18,قطعة,0,6,5,AMBIGUOUS_TECHNICAL_IDENTITY,,name+unit+quantity (REJECTED as identity),partNumber; manufacturer; specification; verified productId,"Appears on 5 machines as ""ساعة حرارة سخان خزان خلاط النكهة 1"" with a single consistent unit. Name, unit and quantity are display/usage attributes, not technical identity, so equivalence is unproven. Record preserved unchanged pending authoritative evidence."
MPP-000344,انفرتر محرك خلاط النكهة 1,cmunlz14e005ilc95vwhotnpy,MCH_BR01_PF_MFG_05_05,cmum3jqh8001mf495zaankx05,cmum5dwmo0000ro95qq4day18,قطعة,0,6,5,AMBIGUOUS_TECHNICAL_IDENTITY,,name+unit+quantity (REJECTED as identity),partNumber; manufacturer; specification; verified productId,"Appears on 5 machines as ""انفرتر محرك خلاط النكهة 1"" with a single consistent unit. Name, unit and quantity are display/usage attributes, not technical identity, so equivalence is unproven. Record preserved unchanged pending authoritative evidence."
MPP-000345,محرك خلاط النكهة 2,cmunlz14e005ilc95vwhotnpy,MCH_BR01_PF_MFG_05_05,cmum3jqh8001mf495zaankx05,cmum5dwmo0000ro95qq4day18,قطعة,0,6,5,AMBIGUOUS_TECHNICAL_IDENTITY,,name+unit+quantity (REJECTED as identity),partNumber; manufacturer; specification; verified productId,"Appears on 5 machines as ""محرك خلاط النكهة 2"" with a single consistent unit. Name, unit and quantity are display/usage attributes, not technical identity, so equivalence is unproven. Record preserved unchanged pending authoritative evidence."
MPP-000346,بيرنجات محرك خلاط النكهة 2,cmunlz14e005ilc95vwhotnpy,MCH_BR01_PF_MFG_05_05,cmum3jqh8001mf495zaankx05,cmum5dwmo0000ro95qq4day18,قطعة,0,6,5,AMBIGUOUS_TECHNICAL_IDENTITY,,name+unit+quantity (REJECTED as identity),partNumber; manufacturer; specification; verified productId,"Appears on 5 machines as ""بيرنجات محرك خلاط النكهة 2"" with a single consistent unit. Name, unit and quantity are display/usage attributes, not technical identity, so equivalence is unproven. Record preserved unchanged pending authoritative evidence."
MPP-000347,لمد محرك خلاط النكهة 2,cmunlz14e005ilc95vwhotnpy,MCH_BR01_PF_MFG_05_05,cmum3jqh8001mf495zaankx05,cmum5dwmo0000ro95qq4day18,قطعة,0,6,5,AMBIGUOUS_TECHNICAL_IDENTITY,,name+unit+quantity (REJECTED as identity),partNumber; manufacturer; specification; verified productId,"Appears on 5 machines as ""لمد محرك خلاط النكهة 2"" with a single consistent unit. Name, unit and quantity are display/usage attributes, not technical identity, so equivalence is unproven. Record preserved unchanged pending authoritative evidence."
MPP-000348,عمود خلاط النكهة 2,cmunlz14e005ilc95vwhotnpy,MCH_BR01_PF_MFG_05_05,cmum3jqh8001mf495zaankx05,cmum5dwmo0000ro95qq4day18,قطعة,0,6,5,AMBIGUOUS_TECHNICAL_IDENTITY,,name+unit+quantity (REJECTED as identity),partNumber; manufacturer; specification; verified productId,"Appears on 5 machines as ""عمود خلاط النكهة 2"" with a single consistent unit. Name, unit and quantity are display/usage attributes, not technical identity, so equivalence is unproven. Record preserved unchanged pending authoritative evidence."
MPP-000349,بيرنجات عمود خلاط النكهة 2,cmunlz14e005ilc95vwhotnpy,MCH_BR01_PF_MFG_05_05,cmum3jqh8001mf495zaankx05,cmum5dwmo0000ro95qq4day18,قطعة,0,6,5,AMBIGUOUS_TECHNICAL_IDENTITY,,name+unit+quantity (REJECTED as identity),partNumber; manufacturer; specification; verified productId,"Appears on 5 machines as ""بيرنجات عمود خلاط النكهة 2"" with a single consistent unit. Name, unit and quantity are display/usage attributes, not technical identity, so equivalence is unproven. Record preserved unchanged pending authoritative evidence."
MPP-000350,لمد عمود خلاط النكهة 2,cmunlz14e005ilc95vwhotnpy,MCH_BR01_PF_MFG_05_05,cmum3jqh8001mf495zaankx05,cmum5dwmo0000ro95qq4day18,قطعة,0,6,5,AMBIGUOUS_TECHNICAL_IDENTITY,,name+unit+quantity (REJECTED as identity),partNumber; manufacturer; specification; verified productId,"Appears on 5 machines as ""لمد عمود خلاط النكهة 2"" with a single consistent unit. Name, unit and quantity are display/usage attributes, not technical identity, so equivalence is unproven. Record preserved unchanged pending authoritative evidence."
MPP-000351,فيبرات محرك خلاط النكهة 2,cmunlz14e005ilc95vwhotnpy,MCH_BR01_PF_MFG_05_05,cmum3jqh8001mf495zaankx05,cmum5dwmo0000ro95qq4day18,قطعة,0,6,5,AMBIGUOUS_TECHNICAL_IDENTITY,,name+unit+quantity (REJECTED as identity),partNumber; manufacturer; specification; verified productId,"Appears on 5 machines as ""فيبرات محرك خلاط النكهة 2"" with a single consistent unit. Name, unit and quantity are display/usage attributes, not technical identity, so equivalence is unproven. Record preserved unchanged pending authoritative evidence."
MPP-000352,خزان خلاط النكهة 2,cmunlz14e005ilc95vwhotnpy,MCH_BR01_PF_MFG_05_05,cmum3jqh8001mf495zaankx05,cmum5dwmo0000ro95qq4day18,قطعة,0,6,5,AMBIGUOUS_TECHNICAL_IDENTITY,,name+unit+quantity (REJECTED as identity),partNumber; manufacturer; specification; verified productId,"Appears on 5 machines as ""خزان خلاط النكهة 2"" with a single consistent unit. Name, unit and quantity are display/usage attributes, not technical identity, so equivalence is unproven. Record preserved unchanged pending authoritative evidence."
MPP-000353,بيت سخان خزان خلاط النكهة 2,cmunlz14e005ilc95vwhotnpy,MCH_BR01_PF_MFG_05_05,cmum3jqh8001mf495zaankx05,cmum5dwmo0000ro95qq4day18,قطعة,0,6,5,AMBIGUOUS_TECHNICAL_IDENTITY,,name+unit+quantity (REJECTED as identity),partNumber; manufacturer; specification; verified productId,"Appears on 5 machines as ""بيت سخان خزان خلاط النكهة 2"" with a single consistent unit. Name, unit and quantity are display/usage attributes, not technical identity, so equivalence is unproven. Record preserved unchanged pending authoritative evidence."
MPP-000354,سخان خزان خلاط النكهة 2,cmunlz14e005ilc95vwhotnpy,MCH_BR01_PF_MFG_05_05,cmum3jqh8001mf495zaankx05,cmum5dwmo0000ro95qq4day18,قطعة,0,6,5,AMBIGUOUS_TECHNICAL_IDENTITY,,name+unit+quantity (REJECTED as identity),partNumber; manufacturer; specification; verified productId,"Appears on 5 machines as ""سخان خزان خلاط النكهة 2"" with a single consistent unit. Name, unit and quantity are display/usage attributes, not technical identity, so equivalence is unproven. Record preserved unchanged pending authoritative evidence."
MPP-000355,حساس سخان خزان خلاط النكهة 2,cmunlz14e005ilc95vwhotnpy,MCH_BR01_PF_MFG_05_05,cmum3jqh8001mf495zaankx05,cmum5dwmo0000ro95qq4day18,قطعة,0,6,5,AMBIGUOUS_TECHNICAL_IDENTITY,,name+unit+quantity (REJECTED as identity),partNumber; manufacturer; specification; verified productId,"Appears on 5 machines as ""حساس سخان خزان خلاط النكهة 2"" with a single consistent unit. Name, unit and quantity are display/usage attributes, not technical identity, so equivalence is unproven. Record preserved unchanged pending authoritative evidence."
MPP-000356,ساعة حرارة سخان خزان خلاط النكهة 2,cmunlz14e005ilc95vwhotnpy,MCH_BR01_PF_MFG_05_05,cmum3jqh8001mf495zaankx05,cmum5dwmo0000ro95qq4day18,قطعة,0,6,5,AMBIGUOUS_TECHNICAL_IDENTITY,,name+unit+quantity (REJECTED as identity),partNumber; manufacturer; specification; verified productId,"Appears on 5 machines as ""ساعة حرارة سخان خزان خلاط النكهة 2"" with a single consistent unit. Name, unit and quantity are display/usage attributes, not technical identity, so equivalence is unproven. Record preserved unchanged pending authoritative evidence."
MPP-000357,انفرتر محرك خلاط النكهة 2,cmunlz14e005ilc95vwhotnpy,MCH_BR01_PF_MFG_05_05,cmum3jqh8001mf495zaankx05,cmum5dwmo0000ro95qq4day18,قطعة,0,6,5,AMBIGUOUS_TECHNICAL_IDENTITY,,name+unit+quantity (REJECTED as identity),partNumber; manufacturer; specification; verified productId,"Appears on 5 machines as ""انفرتر محرك خلاط النكهة 2"" with a single consistent unit. Name, unit and quantity are display/usage attributes, not technical identity, so equivalence is unproven. Record preserved unchanged pending authoritative evidence."
MPP-000358,محرك المتنبل,cmunlz169005mlc95hrv23d7x,MCH_BR01_PF_MFG_05_06,cmum3jqh8001mf495zaankx05,cmum5dwmo0000ro95qq4day18,قطعة,0,9,8,AMBIGUOUS_TECHNICAL_IDENTITY,,name+unit+quantity (REJECTED as identity),partNumber; manufacturer; specification; verified productId,"Appears on 8 machines as ""محرك المتنبل"" with a single consistent unit. Name, unit and quantity are display/usage attributes, not technical identity, so equivalence is unproven. Record preserved unchanged pending authoritative evidence."
MPP-000359,بيرنجات محرك المتنبل,cmunlz169005mlc95hrv23d7x,MCH_BR01_PF_MFG_05_06,cmum3jqh8001mf495zaankx05,cmum5dwmo0000ro95qq4day18,قطعة,0,9,8,AMBIGUOUS_TECHNICAL_IDENTITY,,name+unit+quantity (REJECTED as identity),partNumber; manufacturer; specification; verified productId,"Appears on 8 machines as ""بيرنجات محرك المتنبل"" with a single consistent unit. Name, unit and quantity are display/usage attributes, not technical identity, so equivalence is unproven. Record preserved unchanged pending authoritative evidence."
MPP-000360,لمد محرك المتنبل,cmunlz169005mlc95hrv23d7x,MCH_BR01_PF_MFG_05_06,cmum3jqh8001mf495zaankx05,cmum5dwmo0000ro95qq4day18,قطعة,0,9,8,AMBIGUOUS_TECHNICAL_IDENTITY,,name+unit+quantity (REJECTED as identity),partNumber; manufacturer; specification; verified productId,"Appears on 8 machines as ""لمد محرك المتنبل"" with a single consistent unit. Name, unit and quantity are display/usage attributes, not technical identity, so equivalence is unproven. Record preserved unchanged pending authoritative evidence."
MPP-000361,جيربوكس محرك المتنبل,cmunlz169005mlc95hrv23d7x,MCH_BR01_PF_MFG_05_06,cmum3jqh8001mf495zaankx05,cmum5dwmo0000ro95qq4day18,قطعة,0,9,8,AMBIGUOUS_TECHNICAL_IDENTITY,,name+unit+quantity (REJECTED as identity),partNumber; manufacturer; specification; verified productId,"Appears on 8 machines as ""جيربوكس محرك المتنبل"" with a single consistent unit. Name, unit and quantity are display/usage attributes, not technical identity, so equivalence is unproven. Record preserved unchanged pending authoritative evidence."
MPP-000362,بيرنجات جيربوكس محرك المتنبل,cmunlz169005mlc95hrv23d7x,MCH_BR01_PF_MFG_05_06,cmum3jqh8001mf495zaankx05,cmum5dwmo0000ro95qq4day18,قطعة,0,9,8,AMBIGUOUS_TECHNICAL_IDENTITY,,name+unit+quantity (REJECTED as identity),partNumber; manufacturer; specification; verified productId,"Appears on 8 machines as ""بيرنجات جيربوكس محرك المتنبل"" with a single consistent unit. Name, unit and quantity are display/usage attributes, not technical identity, so equivalence is unproven. Record preserved unchanged pending authoritative evidence."
MPP-000363,لمد جيربوكس محرك المتنبل,cmunlz169005mlc95hrv23d7x,MCH_BR01_PF_MFG_05_06,cmum3jqh8001mf495zaankx05,cmum5dwmo0000ro95qq4day18,قطعة,0,9,8,AMBIGUOUS_TECHNICAL_IDENTITY,,name+unit+quantity (REJECTED as identity),partNumber; manufacturer; specification; verified productId,"Appears on 8 machines as ""لمد جيربوكس محرك المتنبل"" with a single consistent unit. Name, unit and quantity are display/usage attributes, not technical identity, so equivalence is unproven. Record preserved unchanged pending authoritative evidence."
MPP-000364,زيت جيربوكس محرك المتنبل,cmunlz169005mlc95hrv23d7x,MCH_BR01_PF_MFG_05_06,cmum3jqh8001mf495zaankx05,cmum5dwmo0000ro95qq4day18,قطعة,0,9,8,AMBIGUOUS_TECHNICAL_IDENTITY,,name+unit+quantity (REJECTED as identity),partNumber; manufacturer; specification; verified productId,"Appears on 8 machines as ""زيت جيربوكس محرك المتنبل"" with a single consistent unit. Name, unit and quantity are display/usage attributes, not technical identity, so equivalence is unproven. Record preserved unchanged pending authoritative evidence."
MPP-000365,ترس جيربوكس محرك المتنبل,cmunlz169005mlc95hrv23d7x,MCH_BR01_PF_MFG_05_06,cmum3jqh8001mf495zaankx05,cmum5dwmo0000ro95qq4day18,قطعة,0,9,8,AMBIGUOUS_TECHNICAL_IDENTITY,,name+unit+quantity (REJECTED as identity),partNumber; manufacturer; specification; verified productId,"Appears on 8 machines as ""ترس جيربوكس محرك المتنبل"" with a single consistent unit. Name, unit and quantity are display/usage attributes, not technical identity, so equivalence is unproven. Record preserved unchanged pending authoritative evidence."
MPP-000366,سلسلة ترس جيربوكس محرك المتنبل,cmunlz169005mlc95hrv23d7x,MCH_BR01_PF_MFG_05_06,cmum3jqh8001mf495zaankx05,cmum5dwmo0000ro95qq4day18,قطعة,0,9,8,AMBIGUOUS_TECHNICAL_IDENTITY,,name+unit+quantity (REJECTED as identity),partNumber; manufacturer; specification; verified productId,"Appears on 8 machines as ""سلسلة ترس جيربوكس محرك المتنبل"" with a single consistent unit. Name, unit and quantity are display/usage attributes, not technical identity, so equivalence is unproven. Record preserved unchanged pending authoritative evidence."
MPP-000367,ترس عمود المتنبل,cmunlz169005mlc95hrv23d7x,MCH_BR01_PF_MFG_05_06,cmum3jqh8001mf495zaankx05,cmum5dwmo0000ro95qq4day18,قطعة,0,9,8,AMBIGUOUS_TECHNICAL_IDENTITY,,name+unit+quantity (REJECTED as identity),partNumber; manufacturer; specification; verified productId,"Appears on 8 machines as ""ترس عمود المتنبل"" with a single consistent unit. Name, unit and quantity are display/usage attributes, not technical identity, so equivalence is unproven. Record preserved unchanged pending authoritative evidence."
MPP-000368,بيرنجات عمود المتنبل,cmunlz169005mlc95hrv23d7x,MCH_BR01_PF_MFG_05_06,cmum3jqh8001mf495zaankx05,cmum5dwmo0000ro95qq4day18,قطعة,0,9,8,AMBIGUOUS_TECHNICAL_IDENTITY,,name+unit+quantity (REJECTED as identity),partNumber; manufacturer; specification; verified productId,"Appears on 8 machines as ""بيرنجات عمود المتنبل"" with a single consistent unit. Name, unit and quantity are display/usage attributes, not technical identity, so equivalence is unproven. Record preserved unchanged pending authoritative evidence."
MPP-000369,كفرات عمود المتنبل,cmunlz169005mlc95hrv23d7x,MCH_BR01_PF_MFG_05_06,cmum3jqh8001mf495zaankx05,cmum5dwmo0000ro95qq4day18,قطعة,0,9,8,AMBIGUOUS_TECHNICAL_IDENTITY,,name+unit+quantity (REJECTED as identity),partNumber; manufacturer; specification; verified productId,"Appears on 8 machines as ""كفرات عمود المتنبل"" with a single consistent unit. Name, unit and quantity are display/usage attributes, not technical identity, so equivalence is unproven. Record preserved unchanged pending authoritative evidence."
MPP-000370,انفرتر محرك المتنبل,cmunlz169005mlc95hrv23d7x,MCH_BR01_PF_MFG_05_06,cmum3jqh8001mf495zaankx05,cmum5dwmo0000ro95qq4day18,قطعة,0,9,8,AMBIGUOUS_TECHNICAL_IDENTITY,,name+unit+quantity (REJECTED as identity),partNumber; manufacturer; specification; verified productId,"Appears on 8 machines as ""انفرتر محرك المتنبل"" with a single consistent unit. Name, unit and quantity are display/usage attributes, not technical identity, so equivalence is unproven. Record preserved unchanged pending authoritative evidence."
MPP-000371,محرك الهزاز,,,,,قطعة,0,0,0,UNKNOWN_RECORD_OWNERSHIP,,,machineId; companyId; branchId,"Unbound MachinePart. The machine_parts table carries no companyId/branchId column and this row references no Machine, so tenant ownership cannot be established. Left unchanged."
MPP-000372,بيرنجات محرك الهزاز,,,,,قطعة,0,0,0,UNKNOWN_RECORD_OWNERSHIP,,,machineId; companyId; branchId,"Unbound MachinePart. The machine_parts table carries no companyId/branchId column and this row references no Machine, so tenant ownership cannot be established. Left unchanged."
MPP-000373,لمد محرك الهزاز,,,,,قطعة,0,0,0,UNKNOWN_RECORD_OWNERSHIP,,,machineId; companyId; branchId,"Unbound MachinePart. The machine_parts table carries no companyId/branchId column and this row references no Machine, so tenant ownership cannot be established. Left unchanged."
MPP-000374,سير القلاية 1,cmunlyyaq000alc955i23q984,MCH_BR01_CH_MFG_01_03,cmum3jqh8001mf495zaankx05,cmum5dwmo0000ro95qq4day18,قطعة,0,1,1,INSUFFICIENT_SOURCE_EVIDENCE,,,partNumber; manufacturer; specification; verified productId,"Unique name on this machine; machine_parts carries no technical identity columns, so no equivalence can be evaluated. Record preserved unchanged."
MPP-000375,عمود سلسلة القلاية الأمامي 1,cmunlyyaq000alc955i23q984,MCH_BR01_CH_MFG_01_03,cmum3jqh8001mf495zaankx05,cmum5dwmo0000ro95qq4day18,قطعة,0,1,1,INSUFFICIENT_SOURCE_EVIDENCE,,,partNumber; manufacturer; specification; verified productId,"Unique name on this machine; machine_parts carries no technical identity columns, so no equivalence can be evaluated. Record preserved unchanged."
MPP-000376,بيرنجات عمود سلسلة القلاية الأمامي 1,cmunlyyaq000alc955i23q984,MCH_BR01_CH_MFG_01_03,cmum3jqh8001mf495zaankx05,cmum5dwmo0000ro95qq4day18,قطعة,0,1,1,INSUFFICIENT_SOURCE_EVIDENCE,,,partNumber; manufacturer; specification; verified productId,"Unique name on this machine; machine_parts carries no technical identity columns, so no equivalence can be evaluated. Record preserved unchanged."
MPP-000377,عمود سلسلة القلاية الخلفي 1,cmunlyyaq000alc955i23q984,MCH_BR01_CH_MFG_01_03,cmum3jqh8001mf495zaankx05,cmum5dwmo0000ro95qq4day18,قطعة,0,1,1,INSUFFICIENT_SOURCE_EVIDENCE,,,partNumber; manufacturer; specification; verified productId,"Unique name on this machine; machine_parts carries no technical identity columns, so no equivalence can be evaluated. Record preserved unchanged."
MPP-000378,بيرنجات عمود سلسلة القلاية الخلفي 1,cmunlyyaq000alc955i23q984,MCH_BR01_CH_MFG_01_03,cmum3jqh8001mf495zaankx05,cmum5dwmo0000ro95qq4day18,قطعة,0,1,1,INSUFFICIENT_SOURCE_EVIDENCE,,,partNumber; manufacturer; specification; verified productId,"Unique name on this machine; machine_parts carries no technical identity columns, so no equivalence can be evaluated. Record preserved unchanged."
MPP-000379,محرك سير القلاية 1,cmunlyyaq000alc955i23q984,MCH_BR01_CH_MFG_01_03,cmum3jqh8001mf495zaankx05,cmum5dwmo0000ro95qq4day18,قطعة,0,1,1,INSUFFICIENT_SOURCE_EVIDENCE,,,partNumber; manufacturer; specification; verified productId,"Unique name on this machine; machine_parts carries no technical identity columns, so no equivalence can be evaluated. Record preserved unchanged."
MPP-000380,بيرنجات محرك السير 1,cmunlyyaq000alc955i23q984,MCH_BR01_CH_MFG_01_03,cmum3jqh8001mf495zaankx05,cmum5dwmo0000ro95qq4day18,قطعة,0,1,1,INSUFFICIENT_SOURCE_EVIDENCE,,,partNumber; manufacturer; specification; verified productId,"Unique name on this machine; machine_parts carries no technical identity columns, so no equivalence can be evaluated. Record preserved unchanged."
MPP-000381,لمد محرك السير 1,cmunlyyaq000alc955i23q984,MCH_BR01_CH_MFG_01_03,cmum3jqh8001mf495zaankx05,cmum5dwmo0000ro95qq4day18,قطعة,0,1,1,INSUFFICIENT_SOURCE_EVIDENCE,,,partNumber; manufacturer; specification; verified productId,"Unique name on this machine; machine_parts carries no technical identity columns, so no equivalence can be evaluated. Record preserved unchanged."
MPP-000382,جيربوكس محرك سير القلاية 1,cmunlyyaq000alc955i23q984,MCH_BR01_CH_MFG_01_03,cmum3jqh8001mf495zaankx05,cmum5dwmo0000ro95qq4day18,قطعة,0,1,1,INSUFFICIENT_SOURCE_EVIDENCE,,,partNumber; manufacturer; specification; verified productId,"Unique name on this machine; machine_parts carries no technical identity columns, so no equivalence can be evaluated. Record preserved unchanged."
MPP-000383,زيت جيربوكس محرك سير القلاية 1,cmunlyyaq000alc955i23q984,MCH_BR01_CH_MFG_01_03,cmum3jqh8001mf495zaankx05,cmum5dwmo0000ro95qq4day18,قطعة,0,1,1,INSUFFICIENT_SOURCE_EVIDENCE,,,partNumber; manufacturer; specification; verified productId,"Unique name on this machine; machine_parts carries no technical identity columns, so no equivalence can be evaluated. Record preserved unchanged."
MPP-000384,بيرنجات جيربوكس محرك سير القلاية 1,cmunlyyaq000alc955i23q984,MCH_BR01_CH_MFG_01_03,cmum3jqh8001mf495zaankx05,cmum5dwmo0000ro95qq4day18,قطعة,0,1,1,INSUFFICIENT_SOURCE_EVIDENCE,,,partNumber; manufacturer; specification; verified productId,"Unique name on this machine; machine_parts carries no technical identity columns, so no equivalence can be evaluated. Record preserved unchanged."
MPP-000385,لمد جيربوكس محرك سير القلاية 1,cmunlyyaq000alc955i23q984,MCH_BR01_CH_MFG_01_03,cmum3jqh8001mf495zaankx05,cmum5dwmo0000ro95qq4day18,قطعة,0,1,1,INSUFFICIENT_SOURCE_EVIDENCE,,,partNumber; manufacturer; specification; verified productId,"Unique name on this machine; machine_parts carries no technical identity columns, so no equivalence can be evaluated. Record preserved unchanged."
MPP-000386,انفرتر محرك سير القلاية 1,cmunlyyaq000alc955i23q984,MCH_BR01_CH_MFG_01_03,cmum3jqh8001mf495zaankx05,cmum5dwmo0000ro95qq4day18,قطعة,0,1,1,INSUFFICIENT_SOURCE_EVIDENCE,,,partNumber; manufacturer; specification; verified productId,"Unique name on this machine; machine_parts carries no technical identity columns, so no equivalence can be evaluated. Record preserved unchanged."
MPP-000387,سير القلاية 2,cmunlyyaq000alc955i23q984,MCH_BR01_CH_MFG_01_03,cmum3jqh8001mf495zaankx05,cmum5dwmo0000ro95qq4day18,قطعة,0,1,1,INSUFFICIENT_SOURCE_EVIDENCE,,,partNumber; manufacturer; specification; verified productId,"Unique name on this machine; machine_parts carries no technical identity columns, so no equivalence can be evaluated. Record preserved unchanged."
MPP-000388,عمود سلسلة القلاية الأمامي 2,cmunlyyaq000alc955i23q984,MCH_BR01_CH_MFG_01_03,cmum3jqh8001mf495zaankx05,cmum5dwmo0000ro95qq4day18,قطعة,0,1,1,INSUFFICIENT_SOURCE_EVIDENCE,,,partNumber; manufacturer; specification; verified productId,"Unique name on this machine; machine_parts carries no technical identity columns, so no equivalence can be evaluated. Record preserved unchanged."
MPP-000389,بيرنجات عمود سلسلة القلاية الأمامي 2,cmunlyyaq000alc955i23q984,MCH_BR01_CH_MFG_01_03,cmum3jqh8001mf495zaankx05,cmum5dwmo0000ro95qq4day18,قطعة,0,1,1,INSUFFICIENT_SOURCE_EVIDENCE,,,partNumber; manufacturer; specification; verified productId,"Unique name on this machine; machine_parts carries no technical identity columns, so no equivalence can be evaluated. Record preserved unchanged."
MPP-000390,عمود سلسلة القلاية الخلفي 2,cmunlyyaq000alc955i23q984,MCH_BR01_CH_MFG_01_03,cmum3jqh8001mf495zaankx05,cmum5dwmo0000ro95qq4day18,قطعة,0,1,1,INSUFFICIENT_SOURCE_EVIDENCE,,,partNumber; manufacturer; specification; verified productId,"Unique name on this machine; machine_parts carries no technical identity columns, so no equivalence can be evaluated. Record preserved unchanged."
MPP-000391,بيرنجات عمود سلسلة القلاية الخلفي 2,cmunlyyaq000alc955i23q984,MCH_BR01_CH_MFG_01_03,cmum3jqh8001mf495zaankx05,cmum5dwmo0000ro95qq4day18,قطعة,0,1,1,INSUFFICIENT_SOURCE_EVIDENCE,,,partNumber; manufacturer; specification; verified productId,"Unique name on this machine; machine_parts carries no technical identity columns, so no equivalence can be evaluated. Record preserved unchanged."
MPP-000392,محرك سير القلاية 2,cmunlyyaq000alc955i23q984,MCH_BR01_CH_MFG_01_03,cmum3jqh8001mf495zaankx05,cmum5dwmo0000ro95qq4day18,قطعة,0,1,1,INSUFFICIENT_SOURCE_EVIDENCE,,,partNumber; manufacturer; specification; verified productId,"Unique name on this machine; machine_parts carries no technical identity columns, so no equivalence can be evaluated. Record preserved unchanged."
MPP-000393,بيرنجات محرك السير 2,cmunlyyaq000alc955i23q984,MCH_BR01_CH_MFG_01_03,cmum3jqh8001mf495zaankx05,cmum5dwmo0000ro95qq4day18,قطعة,0,1,1,INSUFFICIENT_SOURCE_EVIDENCE,,,partNumber; manufacturer; specification; verified productId,"Unique name on this machine; machine_parts carries no technical identity columns, so no equivalence can be evaluated. Record preserved unchanged."
MPP-000394,لمد محرك السير 2,cmunlyyaq000alc955i23q984,MCH_BR01_CH_MFG_01_03,cmum3jqh8001mf495zaankx05,cmum5dwmo0000ro95qq4day18,قطعة,0,1,1,INSUFFICIENT_SOURCE_EVIDENCE,,,partNumber; manufacturer; specification; verified productId,"Unique name on this machine; machine_parts carries no technical identity columns, so no equivalence can be evaluated. Record preserved unchanged."
MPP-000395,جيربوكس محرك سير القلاية 2,cmunlyyaq000alc955i23q984,MCH_BR01_CH_MFG_01_03,cmum3jqh8001mf495zaankx05,cmum5dwmo0000ro95qq4day18,قطعة,0,1,1,INSUFFICIENT_SOURCE_EVIDENCE,,,partNumber; manufacturer; specification; verified productId,"Unique name on this machine; machine_parts carries no technical identity columns, so no equivalence can be evaluated. Record preserved unchanged."
MPP-000396,زيت جيربوكس محرك سير القلاية 2,cmunlyyaq000alc955i23q984,MCH_BR01_CH_MFG_01_03,cmum3jqh8001mf495zaankx05,cmum5dwmo0000ro95qq4day18,قطعة,0,1,1,INSUFFICIENT_SOURCE_EVIDENCE,,,partNumber; manufacturer; specification; verified productId,"Unique name on this machine; machine_parts carries no technical identity columns, so no equivalence can be evaluated. Record preserved unchanged."
MPP-000397,بيرنجات جيربوكس محرك سير القلاية 2,cmunlyyaq000alc955i23q984,MCH_BR01_CH_MFG_01_03,cmum3jqh8001mf495zaankx05,cmum5dwmo0000ro95qq4day18,قطعة,0,1,1,INSUFFICIENT_SOURCE_EVIDENCE,,,partNumber; manufacturer; specification; verified productId,"Unique name on this machine; machine_parts carries no technical identity columns, so no equivalence can be evaluated. Record preserved unchanged."
MPP-000398,لمد جيربوكس محرك سير القلاية 2,cmunlyyaq000alc955i23q984,MCH_BR01_CH_MFG_01_03,cmum3jqh8001mf495zaankx05,cmum5dwmo0000ro95qq4day18,قطعة,0,1,1,INSUFFICIENT_SOURCE_EVIDENCE,,,partNumber; manufacturer; specification; verified productId,"Unique name on this machine; machine_parts carries no technical identity columns, so no equivalence can be evaluated. Record preserved unchanged."
MPP-000399,انفرتر محرك سير القلاية 2,cmunlyyaq000alc955i23q984,MCH_BR01_CH_MFG_01_03,cmum3jqh8001mf495zaankx05,cmum5dwmo0000ro95qq4day18,قطعة,0,1,1,INSUFFICIENT_SOURCE_EVIDENCE,,,partNumber; manufacturer; specification; verified productId,"Unique name on this machine; machine_parts carries no technical identity columns, so no equivalence can be evaluated. Record preserved unchanged."
MPP-000400,محرك ونش القلاية 1,cmunlyyaq000alc955i23q984,MCH_BR01_CH_MFG_01_03,cmum3jqh8001mf495zaankx05,cmum5dwmo0000ro95qq4day18,قطعة,0,1,1,INSUFFICIENT_SOURCE_EVIDENCE,,,partNumber; manufacturer; specification; verified productId,"Unique name on this machine; machine_parts carries no technical identity columns, so no equivalence can be evaluated. Record preserved unchanged."
MPP-000401,بيرنجات محرك ونش القلاية 1,cmunlyyaq000alc955i23q984,MCH_BR01_CH_MFG_01_03,cmum3jqh8001mf495zaankx05,cmum5dwmo0000ro95qq4day18,قطعة,0,1,1,INSUFFICIENT_SOURCE_EVIDENCE,,,partNumber; manufacturer; specification; verified productId,"Unique name on this machine; machine_parts carries no technical identity columns, so no equivalence can be evaluated. Record preserved unchanged."
MPP-000402,لمد محرك ونش القلاية 1,cmunlyyaq000alc955i23q984,MCH_BR01_CH_MFG_01_03,cmum3jqh8001mf495zaankx05,cmum5dwmo0000ro95qq4day18,قطعة,0,1,1,INSUFFICIENT_SOURCE_EVIDENCE,,,partNumber; manufacturer; specification; verified productId,"Unique name on this machine; machine_parts carries no technical identity columns, so no equivalence can be evaluated. Record preserved unchanged."
MPP-000403,جيربوكس محرك ونش القلاية 1,cmunlyyaq000alc955i23q984,MCH_BR01_CH_MFG_01_03,cmum3jqh8001mf495zaankx05,cmum5dwmo0000ro95qq4day18,قطعة,0,1,1,INSUFFICIENT_SOURCE_EVIDENCE,,,partNumber; manufacturer; specification; verified productId,"Unique name on this machine; machine_parts carries no technical identity columns, so no equivalence can be evaluated. Record preserved unchanged."
MPP-000404,زيت جيربوكس محرك ونش القلاية 1,cmunlyyaq000alc955i23q984,MCH_BR01_CH_MFG_01_03,cmum3jqh8001mf495zaankx05,cmum5dwmo0000ro95qq4day18,قطعة,0,1,1,INSUFFICIENT_SOURCE_EVIDENCE,,,partNumber; manufacturer; specification; verified productId,"Unique name on this machine; machine_parts carries no technical identity columns, so no equivalence can be evaluated. Record preserved unchanged."
MPP-000405,بيرنجات جيربوكس محرك ونش القلاية 1,cmunlyyaq000alc955i23q984,MCH_BR01_CH_MFG_01_03,cmum3jqh8001mf495zaankx05,cmum5dwmo0000ro95qq4day18,قطعة,0,1,1,INSUFFICIENT_SOURCE_EVIDENCE,,,partNumber; manufacturer; specification; verified productId,"Unique name on this machine; machine_parts carries no technical identity columns, so no equivalence can be evaluated. Record preserved unchanged."
MPP-000406,لمد جيربوكس محرك ونش القلاية 1,cmunlyyaq000alc955i23q984,MCH_BR01_CH_MFG_01_03,cmum3jqh8001mf495zaankx05,cmum5dwmo0000ro95qq4day18,قطعة,0,1,1,INSUFFICIENT_SOURCE_EVIDENCE,,,partNumber; manufacturer; specification; verified productId,"Unique name on this machine; machine_parts carries no technical identity columns, so no equivalence can be evaluated. Record preserved unchanged."
MPP-000407,خبطة محرك ونش القلاية 1,cmunlyyaq000alc955i23q984,MCH_BR01_CH_MFG_01_03,cmum3jqh8001mf495zaankx05,cmum5dwmo0000ro95qq4day18,قطعة,0,1,1,INSUFFICIENT_SOURCE_EVIDENCE,,,partNumber; manufacturer; specification; verified productId,"Unique name on this machine; machine_parts carries no technical identity columns, so no equivalence can be evaluated. Record preserved unchanged."
MPP-000408,مكرة محرك ونش القلاية 1,cmunlyyaq000alc955i23q984,MCH_BR01_CH_MFG_01_03,cmum3jqh8001mf495zaankx05,cmum5dwmo0000ro95qq4day18,قطعة,0,1,1,INSUFFICIENT_SOURCE_EVIDENCE,,,partNumber; manufacturer; specification; verified productId,"Unique name on this machine; machine_parts carries no technical identity columns, so no equivalence can be evaluated. Record preserved unchanged."
MPP-000409,انفرتر محرك ونش القلاية 1,cmunlyyaq000alc955i23q984,MCH_BR01_CH_MFG_01_03,cmum3jqh8001mf495zaankx05,cmum5dwmo0000ro95qq4day18,قطعة,0,1,1,INSUFFICIENT_SOURCE_EVIDENCE,,,partNumber; manufacturer; specification; verified productId,"Unique name on this machine; machine_parts carries no technical identity columns, so no equivalence can be evaluated. Record preserved unchanged."
MPP-000410,محرك ونش القلاية 2,cmunlyyaq000alc955i23q984,MCH_BR01_CH_MFG_01_03,cmum3jqh8001mf495zaankx05,cmum5dwmo0000ro95qq4day18,قطعة,0,1,1,INSUFFICIENT_SOURCE_EVIDENCE,,,partNumber; manufacturer; specification; verified productId,"Unique name on this machine; machine_parts carries no technical identity columns, so no equivalence can be evaluated. Record preserved unchanged."
MPP-000411,بيرنجات محرك ونش القلاية 2,cmunlyyaq000alc955i23q984,MCH_BR01_CH_MFG_01_03,cmum3jqh8001mf495zaankx05,cmum5dwmo0000ro95qq4day18,قطعة,0,1,1,INSUFFICIENT_SOURCE_EVIDENCE,,,partNumber; manufacturer; specification; verified productId,"Unique name on this machine; machine_parts carries no technical identity columns, so no equivalence can be evaluated. Record preserved unchanged."
MPP-000412,لمد محرك ونش القلاية 2,cmunlyyaq000alc955i23q984,MCH_BR01_CH_MFG_01_03,cmum3jqh8001mf495zaankx05,cmum5dwmo0000ro95qq4day18,قطعة,0,1,1,INSUFFICIENT_SOURCE_EVIDENCE,,,partNumber; manufacturer; specification; verified productId,"Unique name on this machine; machine_parts carries no technical identity columns, so no equivalence can be evaluated. Record preserved unchanged."
MPP-000413,جيربوكس محرك ونش القلاية 2,cmunlyyaq000alc955i23q984,MCH_BR01_CH_MFG_01_03,cmum3jqh8001mf495zaankx05,cmum5dwmo0000ro95qq4day18,قطعة,0,1,1,INSUFFICIENT_SOURCE_EVIDENCE,,,partNumber; manufacturer; specification; verified productId,"Unique name on this machine; machine_parts carries no technical identity columns, so no equivalence can be evaluated. Record preserved unchanged."
MPP-000414,زيت جيربوكس محرك ونش القلاية 2,cmunlyyaq000alc955i23q984,MCH_BR01_CH_MFG_01_03,cmum3jqh8001mf495zaankx05,cmum5dwmo0000ro95qq4day18,قطعة,0,1,1,INSUFFICIENT_SOURCE_EVIDENCE,,,partNumber; manufacturer; specification; verified productId,"Unique name on this machine; machine_parts carries no technical identity columns, so no equivalence can be evaluated. Record preserved unchanged."
MPP-000415,بيرنجات جيربوكس محرك ونش القلاية 2,cmunlyyaq000alc955i23q984,MCH_BR01_CH_MFG_01_03,cmum3jqh8001mf495zaankx05,cmum5dwmo0000ro95qq4day18,قطعة,0,1,1,INSUFFICIENT_SOURCE_EVIDENCE,,,partNumber; manufacturer; specification; verified productId,"Unique name on this machine; machine_parts carries no technical identity columns, so no equivalence can be evaluated. Record preserved unchanged."
MPP-000416,لمد جيربوكس محرك ونش القلاية 2,cmunlyyaq000alc955i23q984,MCH_BR01_CH_MFG_01_03,cmum3jqh8001mf495zaankx05,cmum5dwmo0000ro95qq4day18,قطعة,0,1,1,INSUFFICIENT_SOURCE_EVIDENCE,,,partNumber; manufacturer; specification; verified productId,"Unique name on this machine; machine_parts carries no technical identity columns, so no equivalence can be evaluated. Record preserved unchanged."
MPP-000417,خبطة محرك ونش القلاية 2,cmunlyyaq000alc955i23q984,MCH_BR01_CH_MFG_01_03,cmum3jqh8001mf495zaankx05,cmum5dwmo0000ro95qq4day18,قطعة,0,1,1,INSUFFICIENT_SOURCE_EVIDENCE,,,partNumber; manufacturer; specification; verified productId,"Unique name on this machine; machine_parts carries no technical identity columns, so no equivalence can be evaluated. Record preserved unchanged."
MPP-000418,مكرة محرك ونش القلاية 2,cmunlyyaq000alc955i23q984,MCH_BR01_CH_MFG_01_03,cmum3jqh8001mf495zaankx05,cmum5dwmo0000ro95qq4day18,قطعة,0,1,1,INSUFFICIENT_SOURCE_EVIDENCE,,,partNumber; manufacturer; specification; verified productId,"Unique name on this machine; machine_parts carries no technical identity columns, so no equivalence can be evaluated. Record preserved unchanged."
MPP-000419,انفرتر محرك ونش القلاية 2,cmunlyyaq000alc955i23q984,MCH_BR01_CH_MFG_01_03,cmum3jqh8001mf495zaankx05,cmum5dwmo0000ro95qq4day18,قطعة,0,1,1,INSUFFICIENT_SOURCE_EVIDENCE,,,partNumber; manufacturer; specification; verified productId,"Unique name on this machine; machine_parts carries no technical identity columns, so no equivalence can be evaluated. Record preserved unchanged."
MPP-000420,محرك مضخة الزيت الرئيسية,cmunlyyaq000alc955i23q984,MCH_BR01_CH_MFG_01_03,cmum3jqh8001mf495zaankx05,cmum5dwmo0000ro95qq4day18,قطعة,0,1,1,INSUFFICIENT_SOURCE_EVIDENCE,,,partNumber; manufacturer; specification; verified productId,"Unique name on this machine; machine_parts carries no technical identity columns, so no equivalence can be evaluated. Record preserved unchanged."
MPP-000421,بيرنجات محرك مضخة الزيت الرئيسية,cmunlyyaq000alc955i23q984,MCH_BR01_CH_MFG_01_03,cmum3jqh8001mf495zaankx05,cmum5dwmo0000ro95qq4day18,قطعة,0,1,1,INSUFFICIENT_SOURCE_EVIDENCE,,,partNumber; manufacturer; specification; verified productId,"Unique name on this machine; machine_parts carries no technical identity columns, so no equivalence can be evaluated. Record preserved unchanged."
MPP-000422,لمد محرك مضخة الزيت الرئيسية,cmunlyyaq000alc955i23q984,MCH_BR01_CH_MFG_01_03,cmum3jqh8001mf495zaankx05,cmum5dwmo0000ro95qq4day18,قطعة,0,1,1,INSUFFICIENT_SOURCE_EVIDENCE,,,partNumber; manufacturer; specification; verified productId,"Unique name on this machine; machine_parts carries no technical identity columns, so no equivalence can be evaluated. Record preserved unchanged."
MPP-000423,مضخة الزيت الرئيسية,cmunlyyaq000alc955i23q984,MCH_BR01_CH_MFG_01_03,cmum3jqh8001mf495zaankx05,cmum5dwmo0000ro95qq4day18,قطعة,0,1,1,INSUFFICIENT_SOURCE_EVIDENCE,,,partNumber; manufacturer; specification; verified productId,"Unique name on this machine; machine_parts carries no technical identity columns, so no equivalence can be evaluated. Record preserved unchanged."
MPP-000424,بيرنجات مضخة الزيت الرئيسية,cmunlyyaq000alc955i23q984,MCH_BR01_CH_MFG_01_03,cmum3jqh8001mf495zaankx05,cmum5dwmo0000ro95qq4day18,قطعة,0,1,1,INSUFFICIENT_SOURCE_EVIDENCE,,,partNumber; manufacturer; specification; verified productId,"Unique name on this machine; machine_parts carries no technical identity columns, so no equivalence can be evaluated. Record preserved unchanged."
MPP-000425,لمد مضخة الزيت الرئيسية,cmunlyyaq000alc955i23q984,MCH_BR01_CH_MFG_01_03,cmum3jqh8001mf495zaankx05,cmum5dwmo0000ro95qq4day18,قطعة,0,1,1,INSUFFICIENT_SOURCE_EVIDENCE,,,partNumber; manufacturer; specification; verified productId,"Unique name on this machine; machine_parts carries no technical identity columns, so no equivalence can be evaluated. Record preserved unchanged."
MPP-000426,عمود مضخة الزيت الرئيسية,cmunlyyaq000alc955i23q984,MCH_BR01_CH_MFG_01_03,cmum3jqh8001mf495zaankx05,cmum5dwmo0000ro95qq4day18,قطعة,0,1,1,INSUFFICIENT_SOURCE_EVIDENCE,,,partNumber; manufacturer; specification; verified productId,"Unique name on this machine; machine_parts carries no technical identity columns, so no equivalence can be evaluated. Record preserved unchanged."
MPP-000427,كوبلنج مضخة الزيت,cmunlyyaq000alc955i23q984,MCH_BR01_CH_MFG_01_03,cmum3jqh8001mf495zaankx05,cmum5dwmo0000ro95qq4day18,قطعة,0,1,1,INSUFFICIENT_SOURCE_EVIDENCE,,,partNumber; manufacturer; specification; verified productId,"Unique name on this machine; machine_parts carries no technical identity columns, so no equivalence can be evaluated. Record preserved unchanged."
MPP-000428,محبس دخول مضخة الزيت الرئيسية,cmunlyyaq000alc955i23q984,MCH_BR01_CH_MFG_01_03,cmum3jqh8001mf495zaankx05,cmum5dwmo0000ro95qq4day18,قطعة,0,1,1,INSUFFICIENT_SOURCE_EVIDENCE,,,partNumber; manufacturer; specification; verified productId,"Unique name on this machine; machine_parts carries no technical identity columns, so no equivalence can be evaluated. Record preserved unchanged."
MPP-000429,محبس خروج مضخة الزيت الرئيسية,cmunlyyaq000alc955i23q984,MCH_BR01_CH_MFG_01_03,cmum3jqh8001mf495zaankx05,cmum5dwmo0000ro95qq4day18,قطعة,0,1,1,INSUFFICIENT_SOURCE_EVIDENCE,,,partNumber; manufacturer; specification; verified productId,"Unique name on this machine; machine_parts carries no technical identity columns, so no equivalence can be evaluated. Record preserved unchanged."
MPP-000430,مقياس الضغط الداخل للمضخة الرئيسية,cmunlyyaq000alc955i23q984,MCH_BR01_CH_MFG_01_03,cmum3jqh8001mf495zaankx05,cmum5dwmo0000ro95qq4day18,قطعة,0,1,1,INSUFFICIENT_SOURCE_EVIDENCE,,,partNumber; manufacturer; specification; verified productId,"Unique name on this machine; machine_parts carries no technical identity columns, so no equivalence can be evaluated. Record preserved unchanged."
MPP-000431,مقياس الضغط الخارج من المضخة الرئيسية,cmunlyyaq000alc955i23q984,MCH_BR01_CH_MFG_01_03,cmum3jqh8001mf495zaankx05,cmum5dwmo0000ro95qq4day18,قطعة,0,1,1,INSUFFICIENT_SOURCE_EVIDENCE,,,partNumber; manufacturer; specification; verified productId,"Unique name on this machine; machine_parts carries no technical identity columns, so no equivalence can be evaluated. Record preserved unchanged."
MPP-000432,محرك مضخة سحب الزيت,cmunlyyaq000alc955i23q984,MCH_BR01_CH_MFG_01_03,cmum3jqh8001mf495zaankx05,cmum5dwmo0000ro95qq4day18,قطعة,0,1,1,INSUFFICIENT_SOURCE_EVIDENCE,,,partNumber; manufacturer; specification; verified productId,"Unique name on this machine; machine_parts carries no technical identity columns, so no equivalence can be evaluated. Record preserved unchanged."
MPP-000433,بيرنجات محرك مضخة سحب الزيت,cmunlyyaq000alc955i23q984,MCH_BR01_CH_MFG_01_03,cmum3jqh8001mf495zaankx05,cmum5dwmo0000ro95qq4day18,قطعة,0,1,1,INSUFFICIENT_SOURCE_EVIDENCE,,,partNumber; manufacturer; specification; verified productId,"Unique name on this machine; machine_parts carries no technical identity columns, so no equivalence can be evaluated. Record preserved unchanged."
MPP-000434,لمد محرك مضخة سحب الزيت,cmunlyyaq000alc955i23q984,MCH_BR01_CH_MFG_01_03,cmum3jqh8001mf495zaankx05,cmum5dwmo0000ro95qq4day18,قطعة,0,1,1,INSUFFICIENT_SOURCE_EVIDENCE,,,partNumber; manufacturer; specification; verified productId,"Unique name on this machine; machine_parts carries no technical identity columns, so no equivalence can be evaluated. Record preserved unchanged."
MPP-000435,مضخة سحب الزيت,cmunlyyaq000alc955i23q984,MCH_BR01_CH_MFG_01_03,cmum3jqh8001mf495zaankx05,cmum5dwmo0000ro95qq4day18,قطعة,0,1,1,INSUFFICIENT_SOURCE_EVIDENCE,,,partNumber; manufacturer; specification; verified productId,"Unique name on this machine; machine_parts carries no technical identity columns, so no equivalence can be evaluated. Record preserved unchanged."
MPP-000436,بيرنجات مضخة سحب الزيت,cmunlyyaq000alc955i23q984,MCH_BR01_CH_MFG_01_03,cmum3jqh8001mf495zaankx05,cmum5dwmo0000ro95qq4day18,قطعة,0,1,1,INSUFFICIENT_SOURCE_EVIDENCE,,,partNumber; manufacturer; specification; verified productId,"Unique name on this machine; machine_parts carries no technical identity columns, so no equivalence can be evaluated. Record preserved unchanged."
MPP-000437,لمد مضخة سحب الزيت,cmunlyyaq000alc955i23q984,MCH_BR01_CH_MFG_01_03,cmum3jqh8001mf495zaankx05,cmum5dwmo0000ro95qq4day18,قطعة,0,1,1,INSUFFICIENT_SOURCE_EVIDENCE,,,partNumber; manufacturer; specification; verified productId,"Unique name on this machine; machine_parts carries no technical identity columns, so no equivalence can be evaluated. Record preserved unchanged."
MPP-000438,عمود مضخة سحب الزيت,cmunlyyaq000alc955i23q984,MCH_BR01_CH_MFG_01_03,cmum3jqh8001mf495zaankx05,cmum5dwmo0000ro95qq4day18,قطعة,0,1,1,INSUFFICIENT_SOURCE_EVIDENCE,,,partNumber; manufacturer; specification; verified productId,"Unique name on this machine; machine_parts carries no technical identity columns, so no equivalence can be evaluated. Record preserved unchanged."
MPP-000439,كوبلنج مضخة سحب الزيت,cmunlyyaq000alc955i23q984,MCH_BR01_CH_MFG_01_03,cmum3jqh8001mf495zaankx05,cmum5dwmo0000ro95qq4day18,قطعة,0,1,1,INSUFFICIENT_SOURCE_EVIDENCE,,,partNumber; manufacturer; specification; verified productId,"Unique name on this machine; machine_parts carries no technical identity columns, so no equivalence can be evaluated. Record preserved unchanged."
MPP-000440,محبس دخول مضخة سحب الزيت,cmunlyyaq000alc955i23q984,MCH_BR01_CH_MFG_01_03,cmum3jqh8001mf495zaankx05,cmum5dwmo0000ro95qq4day18,قطعة,0,1,1,INSUFFICIENT_SOURCE_EVIDENCE,,,partNumber; manufacturer; specification; verified productId,"Unique name on this machine; machine_parts carries no technical identity columns, so no equivalence can be evaluated. Record preserved unchanged."
MPP-000441,محبس خروج مضخة سحب الزيت,cmunlyyaq000alc955i23q984,MCH_BR01_CH_MFG_01_03,cmum3jqh8001mf495zaankx05,cmum5dwmo0000ro95qq4day18,قطعة,0,1,1,INSUFFICIENT_SOURCE_EVIDENCE,,,partNumber; manufacturer; specification; verified productId,"Unique name on this machine; machine_parts carries no technical identity columns, so no equivalence can be evaluated. Record preserved unchanged."
MPP-000442,مقياس الضغط الداخل لمضخة سحب الزيت,cmunlyyaq000alc955i23q984,MCH_BR01_CH_MFG_01_03,cmum3jqh8001mf495zaankx05,cmum5dwmo0000ro95qq4day18,قطعة,0,1,1,INSUFFICIENT_SOURCE_EVIDENCE,,,partNumber; manufacturer; specification; verified productId,"Unique name on this machine; machine_parts carries no technical identity columns, so no equivalence can be evaluated. Record preserved unchanged."
MPP-000443,مقياس الضغط الخارج من مضخة سحب الزيت,cmunlyyaq000alc955i23q984,MCH_BR01_CH_MFG_01_03,cmum3jqh8001mf495zaankx05,cmum5dwmo0000ro95qq4day18,قطعة,0,1,1,INSUFFICIENT_SOURCE_EVIDENCE,,,partNumber; manufacturer; specification; verified productId,"Unique name on this machine; machine_parts carries no technical identity columns, so no equivalence can be evaluated. Record preserved unchanged."
MPP-000456,محرك سير بعد القلاية,,,,,قطعة,0,0,0,UNKNOWN_RECORD_OWNERSHIP,,,machineId; companyId; branchId,"Unbound MachinePart. The machine_parts table carries no companyId/branchId column and this row references no Machine, so tenant ownership cannot be established. Left unchanged."
MPP-000457,بيرنجات محرك سير بعد القلاية,,,,,قطعة,0,0,0,UNKNOWN_RECORD_OWNERSHIP,,,machineId; companyId; branchId,"Unbound MachinePart. The machine_parts table carries no companyId/branchId column and this row references no Machine, so tenant ownership cannot be established. Left unchanged."
MPP-000458,لمد محرك سير بعد القلاية,,,,,قطعة,0,0,0,UNKNOWN_RECORD_OWNERSHIP,,,machineId; companyId; branchId,"Unbound MachinePart. The machine_parts table carries no companyId/branchId column and this row references no Machine, so tenant ownership cannot be established. Left unchanged."
MPP-000459,جيربوكس محرك سير بعد القلاية,,,,,قطعة,0,0,0,UNKNOWN_RECORD_OWNERSHIP,,,machineId; companyId; branchId,"Unbound MachinePart. The machine_parts table carries no companyId/branchId column and this row references no Machine, so tenant ownership cannot be established. Left unchanged."
MPP-000460,بيرنجات جيربوكس محرك سير بعد القلاية,,,,,قطعة,0,0,0,UNKNOWN_RECORD_OWNERSHIP,,,machineId; companyId; branchId,"Unbound MachinePart. The machine_parts table carries no companyId/branchId column and this row references no Machine, so tenant ownership cannot be established. Left unchanged."
MPP-000461,لمد جيربوكس محرك سير بعد القلاية,,,,,قطعة,0,0,0,UNKNOWN_RECORD_OWNERSHIP,,,machineId; companyId; branchId,"Unbound MachinePart. The machine_parts table carries no companyId/branchId column and this row references no Machine, so tenant ownership cannot be established. Left unchanged."
MPP-000462,زيت جيربوكس محرك سير بعد القلاية,,,,,قطعة,0,0,0,UNKNOWN_RECORD_OWNERSHIP,,,machineId; companyId; branchId,"Unbound MachinePart. The machine_parts table carries no companyId/branchId column and this row references no Machine, so tenant ownership cannot be established. Left unchanged."
MPP-000463,عمود سلسلة سير بعد القلاية الأمامي,,,,,قطعة,0,0,0,UNKNOWN_RECORD_OWNERSHIP,,,machineId; companyId; branchId,"Unbound MachinePart. The machine_parts table carries no companyId/branchId column and this row references no Machine, so tenant ownership cannot be established. Left unchanged."
MPP-000464,بيرنجات عمود سلسلة سير بعد القلاية الأمامي,,,,,قطعة,0,0,0,UNKNOWN_RECORD_OWNERSHIP,,,machineId; companyId; branchId,"Unbound MachinePart. The machine_parts table carries no companyId/branchId column and this row references no Machine, so tenant ownership cannot be established. Left unchanged."
MPP-000465,عمود سلسلة سير بعد القلاية الخلفي,,,,,قطعة,0,0,0,UNKNOWN_RECORD_OWNERSHIP,,,machineId; companyId; branchId,"Unbound MachinePart. The machine_parts table carries no companyId/branchId column and this row references no Machine, so tenant ownership cannot be established. Left unchanged."
MPP-000466,بيرنجات عمود سلسلة سير بعد القلاية الخلفي,,,,,قطعة,0,0,0,UNKNOWN_RECORD_OWNERSHIP,,,machineId; companyId; branchId,"Unbound MachinePart. The machine_parts table carries no companyId/branchId column and this row references no Machine, so tenant ownership cannot be established. Left unchanged."
MPP-000467,انفرتر محرك سير بعد القلاية,,,,,قطعة,0,0,0,UNKNOWN_RECORD_OWNERSHIP,,,machineId; companyId; branchId,"Unbound MachinePart. The machine_parts table carries no companyId/branchId column and this row references no Machine, so tenant ownership cannot be established. Left unchanged."
MPP-000468,محرك المجفف 1,,,,,قطعة,0,0,0,UNKNOWN_RECORD_OWNERSHIP,,,machineId; companyId; branchId,"Unbound MachinePart. The machine_parts table carries no companyId/branchId column and this row references no Machine, so tenant ownership cannot be established. Left unchanged."
MPP-000469,بيرنجات محرك المجفف 1,,,,,قطعة,0,0,0,UNKNOWN_RECORD_OWNERSHIP,,,machineId; companyId; branchId,"Unbound MachinePart. The machine_parts table carries no companyId/branchId column and this row references no Machine, so tenant ownership cannot be established. Left unchanged."
MPP-000470,لمد بيرنجات محرك المجفف 1,,,,,قطعة,0,0,0,UNKNOWN_RECORD_OWNERSHIP,,,machineId; companyId; branchId,"Unbound MachinePart. The machine_parts table carries no companyId/branchId column and this row references no Machine, so tenant ownership cannot be established. Left unchanged."
MPP-000471,مكرة محرك المجفف 1,,,,,قطعة,0,0,0,UNKNOWN_RECORD_OWNERSHIP,,,machineId; companyId; branchId,"Unbound MachinePart. The machine_parts table carries no companyId/branchId column and this row references no Machine, so tenant ownership cannot be established. Left unchanged."
MPP-000472,مكرة عمود المجفف 1,,,,,قطعة,0,0,0,UNKNOWN_RECORD_OWNERSHIP,,,machineId; companyId; branchId,"Unbound MachinePart. The machine_parts table carries no companyId/branchId column and this row references no Machine, so tenant ownership cannot be established. Left unchanged."
MPP-000473,سيور محرك المجفف 1,,,,,قطعة,0,0,0,UNKNOWN_RECORD_OWNERSHIP,,,machineId; companyId; branchId,"Unbound MachinePart. The machine_parts table carries no companyId/branchId column and this row references no Machine, so tenant ownership cannot be established. Left unchanged."
MPP-000474,بيرنجات عمود المجفف 1,,,,,قطعة,0,0,0,UNKNOWN_RECORD_OWNERSHIP,,,machineId; companyId; branchId,"Unbound MachinePart. The machine_parts table carries no companyId/branchId column and this row references no Machine, so tenant ownership cannot be established. Left unchanged."
MPP-000475,بستون بوابة المجفف 1,,,,,قطعة,0,0,0,UNKNOWN_RECORD_OWNERSHIP,,,machineId; companyId; branchId,"Unbound MachinePart. The machine_parts table carries no companyId/branchId column and this row references no Machine, so tenant ownership cannot be established. Left unchanged."
MPP-000476,نيبلات بستون البوابة للمجفف 1,,,,,قطعة,0,0,0,UNKNOWN_RECORD_OWNERSHIP,,,machineId; companyId; branchId,"Unbound MachinePart. The machine_parts table carries no companyId/branchId column and this row references no Machine, so tenant ownership cannot be established. Left unchanged."
MPP-000477,انفرتر محرك المجفف 1,,,,,قطعة,0,0,0,UNKNOWN_RECORD_OWNERSHIP,,,machineId; companyId; branchId,"Unbound MachinePart. The machine_parts table carries no companyId/branchId column and this row references no Machine, so tenant ownership cannot be established. Left unchanged."
MPP-000478,محرك المجفف 2,,,,,قطعة,0,0,0,UNKNOWN_RECORD_OWNERSHIP,,,machineId; companyId; branchId,"Unbound MachinePart. The machine_parts table carries no companyId/branchId column and this row references no Machine, so tenant ownership cannot be established. Left unchanged."
MPP-000479,بيرنجات محرك المجفف 2,,,,,قطعة,0,0,0,UNKNOWN_RECORD_OWNERSHIP,,,machineId; companyId; branchId,"Unbound MachinePart. The machine_parts table carries no companyId/branchId column and this row references no Machine, so tenant ownership cannot be established. Left unchanged."
MPP-000480,لمد بيرنجات محرك المجفف 2,,,,,قطعة,0,0,0,UNKNOWN_RECORD_OWNERSHIP,,,machineId; companyId; branchId,"Unbound MachinePart. The machine_parts table carries no companyId/branchId column and this row references no Machine, so tenant ownership cannot be established. Left unchanged."
MPP-000481,مكرة محرك المجفف 2,,,,,قطعة,0,0,0,UNKNOWN_RECORD_OWNERSHIP,,,machineId; companyId; branchId,"Unbound MachinePart. The machine_parts table carries no companyId/branchId column and this row references no Machine, so tenant ownership cannot be established. Left unchanged."
MPP-000482,مكرة عمود المجفف 2,,,,,قطعة,0,0,0,UNKNOWN_RECORD_OWNERSHIP,,,machineId; companyId; branchId,"Unbound MachinePart. The machine_parts table carries no companyId/branchId column and this row references no Machine, so tenant ownership cannot be established. Left unchanged."
MPP-000483,سيور محرك المجفف 2,,,,,قطعة,0,0,0,UNKNOWN_RECORD_OWNERSHIP,,,machineId; companyId; branchId,"Unbound MachinePart. The machine_parts table carries no companyId/branchId column and this row references no Machine, so tenant ownership cannot be established. Left unchanged."
MPP-000484,بيرنجات عمود المجفف 2,,,,,قطعة,0,0,0,UNKNOWN_RECORD_OWNERSHIP,,,machineId; companyId; branchId,"Unbound MachinePart. The machine_parts table carries no companyId/branchId column and this row references no Machine, so tenant ownership cannot be established. Left unchanged."
MPP-000485,بستون بوابة المجفف 2,,,,,قطعة,0,0,0,UNKNOWN_RECORD_OWNERSHIP,,,machineId; companyId; branchId,"Unbound MachinePart. The machine_parts table carries no companyId/branchId column and this row references no Machine, so tenant ownership cannot be established. Left unchanged."
MPP-000486,نيبلات بستون البوابة للمجفف 2,,,,,قطعة,0,0,0,UNKNOWN_RECORD_OWNERSHIP,,,machineId; companyId; branchId,"Unbound MachinePart. The machine_parts table carries no companyId/branchId column and this row references no Machine, so tenant ownership cannot be established. Left unchanged."
MPP-000487,انفرتر محرك المجفف 2,,,,,قطعة,0,0,0,UNKNOWN_RECORD_OWNERSHIP,,,machineId; companyId; branchId,"Unbound MachinePart. The machine_parts table carries no companyId/branchId column and this row references no Machine, so tenant ownership cannot be established. Left unchanged."
MPP-000488,محرك سير تحت المجففات,,,,,قطعة,0,0,0,UNKNOWN_RECORD_OWNERSHIP,,,machineId; companyId; branchId,"Unbound MachinePart. The machine_parts table carries no companyId/branchId column and this row references no Machine, so tenant ownership cannot be established. Left unchanged."
MPP-000489,بيرنجات محرك سير تحت المجففات,,,,,قطعة,0,0,0,UNKNOWN_RECORD_OWNERSHIP,,,machineId; companyId; branchId,"Unbound MachinePart. The machine_parts table carries no companyId/branchId column and this row references no Machine, so tenant ownership cannot be established. Left unchanged."
MPP-000490,لمد محرك سير تحت المجففات,,,,,قطعة,0,0,0,UNKNOWN_RECORD_OWNERSHIP,,,machineId; companyId; branchId,"Unbound MachinePart. The machine_parts table carries no companyId/branchId column and this row references no Machine, so tenant ownership cannot be established. Left unchanged."
MPP-000491,جيربوكس محرك سير تحت المجففات,,,,,قطعة,0,0,0,UNKNOWN_RECORD_OWNERSHIP,,,machineId; companyId; branchId,"Unbound MachinePart. The machine_parts table carries no companyId/branchId column and this row references no Machine, so tenant ownership cannot be established. Left unchanged."
MPP-000492,بيرنجات جيربوكس محرك سير تحت المجففات,,,,,قطعة,0,0,0,UNKNOWN_RECORD_OWNERSHIP,,,machineId; companyId; branchId,"Unbound MachinePart. The machine_parts table carries no companyId/branchId column and this row references no Machine, so tenant ownership cannot be established. Left unchanged."
MPP-000493,لمد جيربوكس محرك سير تحت المجففات,,,,,قطعة,0,0,0,UNKNOWN_RECORD_OWNERSHIP,,,machineId; companyId; branchId,"Unbound MachinePart. The machine_parts table carries no companyId/branchId column and this row references no Machine, so tenant ownership cannot be established. Left unchanged."
MPP-000494,زيت جيربوكس محرك سير تحت المجففات,,,,,قطعة,0,0,0,UNKNOWN_RECORD_OWNERSHIP,,,machineId; companyId; branchId,"Unbound MachinePart. The machine_parts table carries no companyId/branchId column and this row references no Machine, so tenant ownership cannot be established. Left unchanged."
MPP-000495,سلسلة سير تحت المجففات,,,,,قطعة,0,0,0,UNKNOWN_RECORD_OWNERSHIP,,,machineId; companyId; branchId,"Unbound MachinePart. The machine_parts table carries no companyId/branchId column and this row references no Machine, so tenant ownership cannot be established. Left unchanged."
MPP-000496,عمود سلسلة سير تحت المجففات الأمامي,,,,,قطعة,0,0,0,UNKNOWN_RECORD_OWNERSHIP,,,machineId; companyId; branchId,"Unbound MachinePart. The machine_parts table carries no companyId/branchId column and this row references no Machine, so tenant ownership cannot be established. Left unchanged."
MPP-000497,بيرنجات عمود سلسلة سير تحت المجففات الأمامي,,,,,قطعة,0,0,0,UNKNOWN_RECORD_OWNERSHIP,,,machineId; companyId; branchId,"Unbound MachinePart. The machine_parts table carries no companyId/branchId column and this row references no Machine, so tenant ownership cannot be established. Left unchanged."
MPP-000498,عمود سلسلة سير تحت المجففات الخلفي,,,,,قطعة,0,0,0,UNKNOWN_RECORD_OWNERSHIP,,,machineId; companyId; branchId,"Unbound MachinePart. The machine_parts table carries no companyId/branchId column and this row references no Machine, so tenant ownership cannot be established. Left unchanged."
MPP-000499,بيرنجات عمود سلسلة سير تحت المجففات الخلفي,,,,,قطعة,0,0,0,UNKNOWN_RECORD_OWNERSHIP,,,machineId; companyId; branchId,"Unbound MachinePart. The machine_parts table carries no companyId/branchId column and this row references no Machine, so tenant ownership cannot be established. Left unchanged."
MPP-000500,انفرتر محرك سير تحت المجففات,,,,,قطعة,0,0,0,UNKNOWN_RECORD_OWNERSHIP,,,machineId; companyId; branchId,"Unbound MachinePart. The machine_parts table carries no companyId/branchId column and this row references no Machine, so tenant ownership cannot be established. Left unchanged."
MPP-000501,محرك سير بعد المجففات,,,,,قطعة,0,0,0,UNKNOWN_RECORD_OWNERSHIP,,,machineId; companyId; branchId,"Unbound MachinePart. The machine_parts table carries no companyId/branchId column and this row references no Machine, so tenant ownership cannot be established. Left unchanged."
MPP-000502,بيرنجات محرك بعد المجففات,,,,,قطعة,0,0,0,UNKNOWN_RECORD_OWNERSHIP,,,machineId; companyId; branchId,"Unbound MachinePart. The machine_parts table carries no companyId/branchId column and this row references no Machine, so tenant ownership cannot be established. Left unchanged."
MPP-000503,لمد محرك سير بعد المجففات,,,,,قطعة,0,0,0,UNKNOWN_RECORD_OWNERSHIP,,,machineId; companyId; branchId,"Unbound MachinePart. The machine_parts table carries no companyId/branchId column and this row references no Machine, so tenant ownership cannot be established. Left unchanged."
MPP-000504,جيربوكس محرك سير بعد المجففات,,,,,قطعة,0,0,0,UNKNOWN_RECORD_OWNERSHIP,,,machineId; companyId; branchId,"Unbound MachinePart. The machine_parts table carries no companyId/branchId column and this row references no Machine, so tenant ownership cannot be established. Left unchanged."
MPP-000505,بيرنجات جيربوكس محرك سير بعد المجففات,,,,,قطعة,0,0,0,UNKNOWN_RECORD_OWNERSHIP,,,machineId; companyId; branchId,"Unbound MachinePart. The machine_parts table carries no companyId/branchId column and this row references no Machine, so tenant ownership cannot be established. Left unchanged."
MPP-000506,لمد جيربوكس محرك سير بعد المجففات,,,,,قطعة,0,0,0,UNKNOWN_RECORD_OWNERSHIP,,,machineId; companyId; branchId,"Unbound MachinePart. The machine_parts table carries no companyId/branchId column and this row references no Machine, so tenant ownership cannot be established. Left unchanged."
MPP-000507,زيت جيربوكس محرك سير بعد المجففات,,,,,قطعة,0,0,0,UNKNOWN_RECORD_OWNERSHIP,,,machineId; companyId; branchId,"Unbound MachinePart. The machine_parts table carries no companyId/branchId column and this row references no Machine, so tenant ownership cannot be established. Left unchanged."
MPP-000508,سلسلة سير بعد المجففات,,,,,قطعة,0,0,0,UNKNOWN_RECORD_OWNERSHIP,,,machineId; companyId; branchId,"Unbound MachinePart. The machine_parts table carries no companyId/branchId column and this row references no Machine, so tenant ownership cannot be established. Left unchanged."
MPP-000509,عمود سلسلة سير بعد المجففات الأمامي,,,,,قطعة,0,0,0,UNKNOWN_RECORD_OWNERSHIP,,,machineId; companyId; branchId,"Unbound MachinePart. The machine_parts table carries no companyId/branchId column and this row references no Machine, so tenant ownership cannot be established. Left unchanged."
MPP-000510,بيرنجات عمود سلسلة سير بعد المجففات الأمامي,,,,,قطعة,0,0,0,UNKNOWN_RECORD_OWNERSHIP,,,machineId; companyId; branchId,"Unbound MachinePart. The machine_parts table carries no companyId/branchId column and this row references no Machine, so tenant ownership cannot be established. Left unchanged."
MPP-000511,عمود سلسلة سير بعد المجففات الخلفي,,,,,قطعة,0,0,0,UNKNOWN_RECORD_OWNERSHIP,,,machineId; companyId; branchId,"Unbound MachinePart. The machine_parts table carries no companyId/branchId column and this row references no Machine, so tenant ownership cannot be established. Left unchanged."
MPP-000512,بيرنجات عمود سلسلة سير بعد المجففات الخلفي,,,,,قطعة,0,0,0,UNKNOWN_RECORD_OWNERSHIP,,,machineId; companyId; branchId,"Unbound MachinePart. The machine_parts table carries no companyId/branchId column and this row references no Machine, so tenant ownership cannot be established. Left unchanged."
MPP-000513,انفرتر محرك سير بعد المجففات,,,,,قطعة,0,0,0,UNKNOWN_RECORD_OWNERSHIP,,,machineId; companyId; branchId,"Unbound MachinePart. The machine_parts table carries no companyId/branchId column and this row references no Machine, so tenant ownership cannot be established. Left unchanged."
MPP-000514,محرك مغذي النكهة,cmunlyykc000mlc95p6wt64mw,MCH_BR01_CH_MFG_01_06,cmum3jqh8001mf495zaankx05,cmum5dwmo0000ro95qq4day18,قطعة,0,4,3,AMBIGUOUS_TECHNICAL_IDENTITY,,name+unit+quantity (REJECTED as identity),partNumber; manufacturer; specification; verified productId,"Appears on 3 machines as ""محرك مغذي النكهة"" with a single consistent unit. Name, unit and quantity are display/usage attributes, not technical identity, so equivalence is unproven. Record preserved unchanged pending authoritative evidence."
MPP-000515,بيرنجات محرك مغذي النكهة,cmunlyykc000mlc95p6wt64mw,MCH_BR01_CH_MFG_01_06,cmum3jqh8001mf495zaankx05,cmum5dwmo0000ro95qq4day18,قطعة,0,4,3,AMBIGUOUS_TECHNICAL_IDENTITY,,name+unit+quantity (REJECTED as identity),partNumber; manufacturer; specification; verified productId,"Appears on 3 machines as ""بيرنجات محرك مغذي النكهة"" with a single consistent unit. Name, unit and quantity are display/usage attributes, not technical identity, so equivalence is unproven. Record preserved unchanged pending authoritative evidence."
MPP-000516,لمد محرك مغذي النكهة,cmunlyykc000mlc95p6wt64mw,MCH_BR01_CH_MFG_01_06,cmum3jqh8001mf495zaankx05,cmum5dwmo0000ro95qq4day18,قطعة,0,4,3,AMBIGUOUS_TECHNICAL_IDENTITY,,name+unit+quantity (REJECTED as identity),partNumber; manufacturer; specification; verified productId,"Appears on 3 machines as ""لمد محرك مغذي النكهة"" with a single consistent unit. Name, unit and quantity are display/usage attributes, not technical identity, so equivalence is unproven. Record preserved unchanged pending authoritative evidence."
MPP-000517,جيربوكس محرك مغذي النكهة,cmunlyykc000mlc95p6wt64mw,MCH_BR01_CH_MFG_01_06,cmum3jqh8001mf495zaankx05,cmum5dwmo0000ro95qq4day18,قطعة,0,4,3,AMBIGUOUS_TECHNICAL_IDENTITY,,name+unit+quantity (REJECTED as identity),partNumber; manufacturer; specification; verified productId,"Appears on 3 machines as ""جيربوكس محرك مغذي النكهة"" with a single consistent unit. Name, unit and quantity are display/usage attributes, not technical identity, so equivalence is unproven. Record preserved unchanged pending authoritative evidence."
MPP-000518,بيرنجات جيربوكس محرك مغذي النكهة,cmunlyykc000mlc95p6wt64mw,MCH_BR01_CH_MFG_01_06,cmum3jqh8001mf495zaankx05,cmum5dwmo0000ro95qq4day18,قطعة,0,4,3,AMBIGUOUS_TECHNICAL_IDENTITY,,name+unit+quantity (REJECTED as identity),partNumber; manufacturer; specification; verified productId,"Appears on 3 machines as ""بيرنجات جيربوكس محرك مغذي النكهة"" with a single consistent unit. Name, unit and quantity are display/usage attributes, not technical identity, so equivalence is unproven. Record preserved unchanged pending authoritative evidence."
MPP-000519,لمد جيربوكس محرك مغذي النكهة,cmunlyykc000mlc95p6wt64mw,MCH_BR01_CH_MFG_01_06,cmum3jqh8001mf495zaankx05,cmum5dwmo0000ro95qq4day18,قطعة,0,4,3,AMBIGUOUS_TECHNICAL_IDENTITY,,name+unit+quantity (REJECTED as identity),partNumber; manufacturer; specification; verified productId,"Appears on 3 machines as ""لمد جيربوكس محرك مغذي النكهة"" with a single consistent unit. Name, unit and quantity are display/usage attributes, not technical identity, so equivalence is unproven. Record preserved unchanged pending authoritative evidence."
MPP-000520,زيت جيربوكس محرك مغذي النكهة,cmunlyykc000mlc95p6wt64mw,MCH_BR01_CH_MFG_01_06,cmum3jqh8001mf495zaankx05,cmum5dwmo0000ro95qq4day18,قطعة,0,4,3,AMBIGUOUS_TECHNICAL_IDENTITY,,name+unit+quantity (REJECTED as identity),partNumber; manufacturer; specification; verified productId,"Appears on 3 machines as ""زيت جيربوكس محرك مغذي النكهة"" with a single consistent unit. Name, unit and quantity are display/usage attributes, not technical identity, so equivalence is unproven. Record preserved unchanged pending authoritative evidence."
MPP-000521,بيرنجات عمود حلزون النكهة,cmunlyykc000mlc95p6wt64mw,MCH_BR01_CH_MFG_01_06,cmum3jqh8001mf495zaankx05,cmum5dwmo0000ro95qq4day18,قطعة,0,4,3,AMBIGUOUS_TECHNICAL_IDENTITY,,name+unit+quantity (REJECTED as identity),partNumber; manufacturer; specification; verified productId,"Appears on 3 machines as ""بيرنجات عمود حلزون النكهة"" with a single consistent unit. Name, unit and quantity are display/usage attributes, not technical identity, so equivalence is unproven. Record preserved unchanged pending authoritative evidence."
MPP-000522,حلزون مغذي النكهة,cmunlyykc000mlc95p6wt64mw,MCH_BR01_CH_MFG_01_06,cmum3jqh8001mf495zaankx05,cmum5dwmo0000ro95qq4day18,قطعة,0,4,3,AMBIGUOUS_TECHNICAL_IDENTITY,,name+unit+quantity (REJECTED as identity),partNumber; manufacturer; specification; verified productId,"Appears on 3 machines as ""حلزون مغذي النكهة"" with a single consistent unit. Name, unit and quantity are display/usage attributes, not technical identity, so equivalence is unproven. Record preserved unchanged pending authoritative evidence."
MPP-000523,انفرتر محرك مغذي النكهة,cmunlyykc000mlc95p6wt64mw,MCH_BR01_CH_MFG_01_06,cmum3jqh8001mf495zaankx05,cmum5dwmo0000ro95qq4day18,قطعة,0,4,3,AMBIGUOUS_TECHNICAL_IDENTITY,,name+unit+quantity (REJECTED as identity),partNumber; manufacturer; specification; verified productId,"Appears on 3 machines as ""انفرتر محرك مغذي النكهة"" with a single consistent unit. Name, unit and quantity are display/usage attributes, not technical identity, so equivalence is unproven. Record preserved unchanged pending authoritative evidence."
MPP-000524,محرك هزاز النكهة,,,,,قطعة,0,0,0,UNKNOWN_RECORD_OWNERSHIP,,,machineId; companyId; branchId,"Unbound MachinePart. The machine_parts table carries no companyId/branchId column and this row references no Machine, so tenant ownership cannot be established. Left unchanged."
MPP-000525,بيرنجات محرك هزاز النكهة,,,,,قطعة,0,0,0,UNKNOWN_RECORD_OWNERSHIP,,,machineId; companyId; branchId,"Unbound MachinePart. The machine_parts table carries no companyId/branchId column and this row references no Machine, so tenant ownership cannot be established. Left unchanged."
MPP-000526,لمد محرك هزاز النكهة,,,,,قطعة,0,0,0,UNKNOWN_RECORD_OWNERSHIP,,,machineId; companyId; branchId,"Unbound MachinePart. The machine_parts table carries no companyId/branchId column and this row references no Machine, so tenant ownership cannot be established. Left unchanged."
MPP-000527,محرك المتنبل,cmunlyyn7000qlc957zgtya3p,MCH_BR01_CH_MFG_01_07,cmum3jqh8001mf495zaankx05,cmum5dwmo0000ro95qq4day18,قطعة,0,9,8,AMBIGUOUS_TECHNICAL_IDENTITY,,name+unit+quantity (REJECTED as identity),partNumber; manufacturer; specification; verified productId,"Appears on 8 machines as ""محرك المتنبل"" with a single consistent unit. Name, unit and quantity are display/usage attributes, not technical identity, so equivalence is unproven. Record preserved unchanged pending authoritative evidence."
MPP-000528,بيرنجات محرك المتنبل,cmunlyyn7000qlc957zgtya3p,MCH_BR01_CH_MFG_01_07,cmum3jqh8001mf495zaankx05,cmum5dwmo0000ro95qq4day18,قطعة,0,9,8,AMBIGUOUS_TECHNICAL_IDENTITY,,name+unit+quantity (REJECTED as identity),partNumber; manufacturer; specification; verified productId,"Appears on 8 machines as ""بيرنجات محرك المتنبل"" with a single consistent unit. Name, unit and quantity are display/usage attributes, not technical identity, so equivalence is unproven. Record preserved unchanged pending authoritative evidence."
MPP-000529,لمد محرك المتنبل,cmunlyyn7000qlc957zgtya3p,MCH_BR01_CH_MFG_01_07,cmum3jqh8001mf495zaankx05,cmum5dwmo0000ro95qq4day18,قطعة,0,9,8,AMBIGUOUS_TECHNICAL_IDENTITY,,name+unit+quantity (REJECTED as identity),partNumber; manufacturer; specification; verified productId,"Appears on 8 machines as ""لمد محرك المتنبل"" with a single consistent unit. Name, unit and quantity are display/usage attributes, not technical identity, so equivalence is unproven. Record preserved unchanged pending authoritative evidence."
MPP-000530,جيربوكس محرك المتنبل,cmunlyyn7000qlc957zgtya3p,MCH_BR01_CH_MFG_01_07,cmum3jqh8001mf495zaankx05,cmum5dwmo0000ro95qq4day18,قطعة,0,9,8,AMBIGUOUS_TECHNICAL_IDENTITY,,name+unit+quantity (REJECTED as identity),partNumber; manufacturer; specification; verified productId,"Appears on 8 machines as ""جيربوكس محرك المتنبل"" with a single consistent unit. Name, unit and quantity are display/usage attributes, not technical identity, so equivalence is unproven. Record preserved unchanged pending authoritative evidence."
MPP-000531,بيرنجات جيربوكس محرك المتنبل,cmunlyyn7000qlc957zgtya3p,MCH_BR01_CH_MFG_01_07,cmum3jqh8001mf495zaankx05,cmum5dwmo0000ro95qq4day18,قطعة,0,9,8,AMBIGUOUS_TECHNICAL_IDENTITY,,name+unit+quantity (REJECTED as identity),partNumber; manufacturer; specification; verified productId,"Appears on 8 machines as ""بيرنجات جيربوكس محرك المتنبل"" with a single consistent unit. Name, unit and quantity are display/usage attributes, not technical identity, so equivalence is unproven. Record preserved unchanged pending authoritative evidence."
MPP-000532,لمد جيربوكس محرك المتنبل,cmunlyyn7000qlc957zgtya3p,MCH_BR01_CH_MFG_01_07,cmum3jqh8001mf495zaankx05,cmum5dwmo0000ro95qq4day18,قطعة,0,9,8,AMBIGUOUS_TECHNICAL_IDENTITY,,name+unit+quantity (REJECTED as identity),partNumber; manufacturer; specification; verified productId,"Appears on 8 machines as ""لمد جيربوكس محرك المتنبل"" with a single consistent unit. Name, unit and quantity are display/usage attributes, not technical identity, so equivalence is unproven. Record preserved unchanged pending authoritative evidence."
MPP-000533,زيت جيربوكس محرك المتنبل,cmunlyyn7000qlc957zgtya3p,MCH_BR01_CH_MFG_01_07,cmum3jqh8001mf495zaankx05,cmum5dwmo0000ro95qq4day18,قطعة,0,9,8,AMBIGUOUS_TECHNICAL_IDENTITY,,name+unit+quantity (REJECTED as identity),partNumber; manufacturer; specification; verified productId,"Appears on 8 machines as ""زيت جيربوكس محرك المتنبل"" with a single consistent unit. Name, unit and quantity are display/usage attributes, not technical identity, so equivalence is unproven. Record preserved unchanged pending authoritative evidence."
MPP-000534,ترس جيربوكس محرك المتنبل,cmunlyyn7000qlc957zgtya3p,MCH_BR01_CH_MFG_01_07,cmum3jqh8001mf495zaankx05,cmum5dwmo0000ro95qq4day18,قطعة,0,9,8,AMBIGUOUS_TECHNICAL_IDENTITY,,name+unit+quantity (REJECTED as identity),partNumber; manufacturer; specification; verified productId,"Appears on 8 machines as ""ترس جيربوكس محرك المتنبل"" with a single consistent unit. Name, unit and quantity are display/usage attributes, not technical identity, so equivalence is unproven. Record preserved unchanged pending authoritative evidence."
MPP-000535,ترس عمود المتنبل,cmunlyyn7000qlc957zgtya3p,MCH_BR01_CH_MFG_01_07,cmum3jqh8001mf495zaankx05,cmum5dwmo0000ro95qq4day18,قطعة,0,9,8,AMBIGUOUS_TECHNICAL_IDENTITY,,name+unit+quantity (REJECTED as identity),partNumber; manufacturer; specification; verified productId,"Appears on 8 machines as ""ترس عمود المتنبل"" with a single consistent unit. Name, unit and quantity are display/usage attributes, not technical identity, so equivalence is unproven. Record preserved unchanged pending authoritative evidence."
MPP-000536,بيرنجات عمود المتنبل,cmunlyyn7000qlc957zgtya3p,MCH_BR01_CH_MFG_01_07,cmum3jqh8001mf495zaankx05,cmum5dwmo0000ro95qq4day18,قطعة,0,9,8,AMBIGUOUS_TECHNICAL_IDENTITY,,name+unit+quantity (REJECTED as identity),partNumber; manufacturer; specification; verified productId,"Appears on 8 machines as ""بيرنجات عمود المتنبل"" with a single consistent unit. Name, unit and quantity are display/usage attributes, not technical identity, so equivalence is unproven. Record preserved unchanged pending authoritative evidence."
MPP-000537,كفرات عمود المتنبل,cmunlyyn7000qlc957zgtya3p,MCH_BR01_CH_MFG_01_07,cmum3jqh8001mf495zaankx05,cmum5dwmo0000ro95qq4day18,قطعة,0,9,8,AMBIGUOUS_TECHNICAL_IDENTITY,,name+unit+quantity (REJECTED as identity),partNumber; manufacturer; specification; verified productId,"Appears on 8 machines as ""كفرات عمود المتنبل"" with a single consistent unit. Name, unit and quantity are display/usage attributes, not technical identity, so equivalence is unproven. Record preserved unchanged pending authoritative evidence."
MPP-000538,سلسلة ترس جيربوكس محرك المتنبل,cmunlyyn7000qlc957zgtya3p,MCH_BR01_CH_MFG_01_07,cmum3jqh8001mf495zaankx05,cmum5dwmo0000ro95qq4day18,قطعة,0,9,8,AMBIGUOUS_TECHNICAL_IDENTITY,,name+unit+quantity (REJECTED as identity),partNumber; manufacturer; specification; verified productId,"Appears on 8 machines as ""سلسلة ترس جيربوكس محرك المتنبل"" with a single consistent unit. Name, unit and quantity are display/usage attributes, not technical identity, so equivalence is unproven. Record preserved unchanged pending authoritative evidence."
MPP-000539,انفرتر محرك المتنبل,cmunlyyn7000qlc957zgtya3p,MCH_BR01_CH_MFG_01_07,cmum3jqh8001mf495zaankx05,cmum5dwmo0000ro95qq4day18,قطعة,0,9,8,AMBIGUOUS_TECHNICAL_IDENTITY,,name+unit+quantity (REJECTED as identity),partNumber; manufacturer; specification; verified productId,"Appears on 8 machines as ""انفرتر محرك المتنبل"" with a single consistent unit. Name, unit and quantity are display/usage attributes, not technical identity, so equivalence is unproven. Record preserved unchanged pending authoritative evidence."
MPP-000540,محرك خلاط الذرة 1,,,,,قطعة,0,0,0,UNKNOWN_RECORD_OWNERSHIP,,,machineId; companyId; branchId,"Unbound MachinePart. The machine_parts table carries no companyId/branchId column and this row references no Machine, so tenant ownership cannot be established. Left unchanged."
MPP-000541,بيرنجات محرك خلاط الذرة 1,,,,,قطعة,0,0,0,UNKNOWN_RECORD_OWNERSHIP,,,machineId; companyId; branchId,"Unbound MachinePart. The machine_parts table carries no companyId/branchId column and this row references no Machine, so tenant ownership cannot be established. Left unchanged."
MPP-000542,لمد محرك خلاط الذرة 1,,,,,قطعة,0,0,0,UNKNOWN_RECORD_OWNERSHIP,,,machineId; companyId; branchId,"Unbound MachinePart. The machine_parts table carries no companyId/branchId column and this row references no Machine, so tenant ownership cannot be established. Left unchanged."
MPP-000543,حلزون خلاط الذرة 1,,,,,قطعة,0,0,0,UNKNOWN_RECORD_OWNERSHIP,,,machineId; companyId; branchId,"Unbound MachinePart. The machine_parts table carries no companyId/branchId column and this row references no Machine, so tenant ownership cannot be established. Left unchanged."
MPP-000544,بيرنجات حلزون خلاط الذرة 1,,,,,قطعة,0,0,0,UNKNOWN_RECORD_OWNERSHIP,,,machineId; companyId; branchId,"Unbound MachinePart. The machine_parts table carries no companyId/branchId column and this row references no Machine, so tenant ownership cannot be established. Left unchanged."
MPP-000545,سيور النقل لخلاط الذرة 1,,,,,قطعة,0,0,0,UNKNOWN_RECORD_OWNERSHIP,,,machineId; companyId; branchId,"Unbound MachinePart. The machine_parts table carries no companyId/branchId column and this row references no Machine, so tenant ownership cannot be established. Left unchanged."
MPP-000546,محرك خلاط الذرة 2,,,,,قطعة,0,0,0,UNKNOWN_RECORD_OWNERSHIP,,,machineId; companyId; branchId,"Unbound MachinePart. The machine_parts table carries no companyId/branchId column and this row references no Machine, so tenant ownership cannot be established. Left unchanged."
MPP-000547,بيرنجات محرك خلاط الذرة 2,,,,,قطعة,0,0,0,UNKNOWN_RECORD_OWNERSHIP,,,machineId; companyId; branchId,"Unbound MachinePart. The machine_parts table carries no companyId/branchId column and this row references no Machine, so tenant ownership cannot be established. Left unchanged."
MPP-000548,لمد محرك خلاط الذرة 2,,,,,قطعة,0,0,0,UNKNOWN_RECORD_OWNERSHIP,,,machineId; companyId; branchId,"Unbound MachinePart. The machine_parts table carries no companyId/branchId column and this row references no Machine, so tenant ownership cannot be established. Left unchanged."
MPP-000549,حلزون خلاط الذرة 2,,,,,قطعة,0,0,0,UNKNOWN_RECORD_OWNERSHIP,,,machineId; companyId; branchId,"Unbound MachinePart. The machine_parts table carries no companyId/branchId column and this row references no Machine, so tenant ownership cannot be established. Left unchanged."
MPP-000550,بيرنجات حلزون خلاط الذرة 2,,,,,قطعة,0,0,0,UNKNOWN_RECORD_OWNERSHIP,,,machineId; companyId; branchId,"Unbound MachinePart. The machine_parts table carries no companyId/branchId column and this row references no Machine, so tenant ownership cannot be established. Left unchanged."
MPP-000551,سيور النقل لخلاط الذرة 2,,,,,قطعة,0,0,0,UNKNOWN_RECORD_OWNERSHIP,,,machineId; companyId; branchId,"Unbound MachinePart. The machine_parts table carries no companyId/branchId column and this row references no Machine, so tenant ownership cannot be established. Left unchanged."
MPP-000552,محرك ناقل الذرة 1,,,,,قطعة,0,0,0,UNKNOWN_RECORD_OWNERSHIP,,,machineId; companyId; branchId,"Unbound MachinePart. The machine_parts table carries no companyId/branchId column and this row references no Machine, so tenant ownership cannot be established. Left unchanged."
MPP-000553,بيرنجات محرك الناقل 1,,,,,قطعة,0,0,0,UNKNOWN_RECORD_OWNERSHIP,,,machineId; companyId; branchId,"Unbound MachinePart. The machine_parts table carries no companyId/branchId column and this row references no Machine, so tenant ownership cannot be established. Left unchanged."
MPP-000554,لمد محرك الناقل 1,,,,,قطعة,0,0,0,UNKNOWN_RECORD_OWNERSHIP,,,machineId; companyId; branchId,"Unbound MachinePart. The machine_parts table carries no companyId/branchId column and this row references no Machine, so tenant ownership cannot be established. Left unchanged."
MPP-000555,جيربوكس محرك ناقل الذرة 1,,,,,قطعة,0,0,0,UNKNOWN_RECORD_OWNERSHIP,,,machineId; companyId; branchId,"Unbound MachinePart. The machine_parts table carries no companyId/branchId column and this row references no Machine, so tenant ownership cannot be established. Left unchanged."
MPP-000556,بيرنجات جيربوكس محرك ناقل الذرة 1,,,,,قطعة,0,0,0,UNKNOWN_RECORD_OWNERSHIP,,,machineId; companyId; branchId,"Unbound MachinePart. The machine_parts table carries no companyId/branchId column and this row references no Machine, so tenant ownership cannot be established. Left unchanged."
MPP-000557,لمد جيربوكس محرك ناقل الذرة 1,,,,,قطعة,0,0,0,UNKNOWN_RECORD_OWNERSHIP,,,machineId; companyId; branchId,"Unbound MachinePart. The machine_parts table carries no companyId/branchId column and this row references no Machine, so tenant ownership cannot be established. Left unchanged."
MPP-000558,زيت جيربوكس محرك ناقل الذرة 1,,,,,قطعة,0,0,0,UNKNOWN_RECORD_OWNERSHIP,,,machineId; companyId; branchId,"Unbound MachinePart. The machine_parts table carries no companyId/branchId column and this row references no Machine, so tenant ownership cannot be established. Left unchanged."
MPP-000559,حلزون ناقل الذرة 1,,,,,قطعة,0,0,0,UNKNOWN_RECORD_OWNERSHIP,,,machineId; companyId; branchId,"Unbound MachinePart. The machine_parts table carries no companyId/branchId column and this row references no Machine, so tenant ownership cannot be established. Left unchanged."
MPP-000560,بيرنجات حلزون الناقل 1,,,,,قطعة,0,0,0,UNKNOWN_RECORD_OWNERSHIP,,,machineId; companyId; branchId,"Unbound MachinePart. The machine_parts table carries no companyId/branchId column and this row references no Machine, so tenant ownership cannot be established. Left unchanged."
MPP-000561,سيور ناقل لحلزون الناقل 1,,,,,قطعة,0,0,0,UNKNOWN_RECORD_OWNERSHIP,,,machineId; companyId; branchId,"Unbound MachinePart. The machine_parts table carries no companyId/branchId column and this row references no Machine, so tenant ownership cannot be established. Left unchanged."
MPP-000562,محرك ناقل الذرة 2,,,,,قطعة,0,0,0,UNKNOWN_RECORD_OWNERSHIP,,,machineId; companyId; branchId,"Unbound MachinePart. The machine_parts table carries no companyId/branchId column and this row references no Machine, so tenant ownership cannot be established. Left unchanged."
MPP-000563,بيرنجات محرك الناقل 2,,,,,قطعة,0,0,0,UNKNOWN_RECORD_OWNERSHIP,,,machineId; companyId; branchId,"Unbound MachinePart. The machine_parts table carries no companyId/branchId column and this row references no Machine, so tenant ownership cannot be established. Left unchanged."
MPP-000564,لمد محرك الناقل 2,,,,,قطعة,0,0,0,UNKNOWN_RECORD_OWNERSHIP,,,machineId; companyId; branchId,"Unbound MachinePart. The machine_parts table carries no companyId/branchId column and this row references no Machine, so tenant ownership cannot be established. Left unchanged."
MPP-000565,جيربوكس محرك ناقل الذرة 2,,,,,قطعة,0,0,0,UNKNOWN_RECORD_OWNERSHIP,,,machineId; companyId; branchId,"Unbound MachinePart. The machine_parts table carries no companyId/branchId column and this row references no Machine, so tenant ownership cannot be established. Left unchanged."
MPP-000566,بيرنجات جيربوكس محرك ناقل الذرة 2,,,,,قطعة,0,0,0,UNKNOWN_RECORD_OWNERSHIP,,,machineId; companyId; branchId,"Unbound MachinePart. The machine_parts table carries no companyId/branchId column and this row references no Machine, so tenant ownership cannot be established. Left unchanged."
MPP-000567,لمد جيربوكس محرك ناقل الذرة 2,,,,,قطعة,0,0,0,UNKNOWN_RECORD_OWNERSHIP,,,machineId; companyId; branchId,"Unbound MachinePart. The machine_parts table carries no companyId/branchId column and this row references no Machine, so tenant ownership cannot be established. Left unchanged."
MPP-000568,زيت جيربوكس محرك ناقل الذرة 2,,,,,قطعة,0,0,0,UNKNOWN_RECORD_OWNERSHIP,,,machineId; companyId; branchId,"Unbound MachinePart. The machine_parts table carries no companyId/branchId column and this row references no Machine, so tenant ownership cannot be established. Left unchanged."
MPP-000569,حلزون ناقل الذرة 2,,,,,قطعة,0,0,0,UNKNOWN_RECORD_OWNERSHIP,,,machineId; companyId; branchId,"Unbound MachinePart. The machine_parts table carries no companyId/branchId column and this row references no Machine, so tenant ownership cannot be established. Left unchanged."
MPP-000570,بيرنجات حلزون الناقل 2,,,,,قطعة,0,0,0,UNKNOWN_RECORD_OWNERSHIP,,,machineId; companyId; branchId,"Unbound MachinePart. The machine_parts table carries no companyId/branchId column and this row references no Machine, so tenant ownership cannot be established. Left unchanged."
MPP-000571,سيور ناقل لحلزون الناقل 2,,,,,قطعة,0,0,0,UNKNOWN_RECORD_OWNERSHIP,,,machineId; companyId; branchId,"Unbound MachinePart. The machine_parts table carries no companyId/branchId column and this row references no Machine, so tenant ownership cannot be established. Left unchanged."
MPP-000586,جيربوكس محرك الاكسترودر,,,,,قطعة,0,0,0,UNKNOWN_RECORD_OWNERSHIP,,,machineId; companyId; branchId,"Unbound MachinePart. The machine_parts table carries no companyId/branchId column and this row references no Machine, so tenant ownership cannot be established. Left unchanged."
MPP-000587,بيرنجات جيربوكس محرك الاكسترودر,,,,,قطعة,0,0,0,UNKNOWN_RECORD_OWNERSHIP,,,machineId; companyId; branchId,"Unbound MachinePart. The machine_parts table carries no companyId/branchId column and this row references no Machine, so tenant ownership cannot be established. Left unchanged."
MPP-000588,لمد جيربوكس محرك الاكسترودر,,,,,قطعة,0,0,0,UNKNOWN_RECORD_OWNERSHIP,,,machineId; companyId; branchId,"Unbound MachinePart. The machine_parts table carries no companyId/branchId column and this row references no Machine, so tenant ownership cannot be established. Left unchanged."
MPP-000589,زيت جيربوكس محرك الاكسترودر,,,,,قطعة,0,0,0,UNKNOWN_RECORD_OWNERSHIP,,,machineId; companyId; branchId,"Unbound MachinePart. The machine_parts table carries no companyId/branchId column and this row references no Machine, so tenant ownership cannot be established. Left unchanged."
MPP-000590,نحاسات الحار نار للاكسترودر,,,,,قطعة,0,0,0,UNKNOWN_RECORD_OWNERSHIP,,,machineId; companyId; branchId,"Unbound MachinePart. The machine_parts table carries no companyId/branchId column and this row references no Machine, so tenant ownership cannot be established. Left unchanged."
MPP-000591,كيس حلزون الاكسترودر,,,,,قطعة,0,0,0,UNKNOWN_RECORD_OWNERSHIP,,,machineId; companyId; branchId,"Unbound MachinePart. The machine_parts table carries no companyId/branchId column and this row references no Machine, so tenant ownership cannot be established. Left unchanged."
MPP-000592,حلزون الاكسترودر,,,,,قطعة,0,0,0,UNKNOWN_RECORD_OWNERSHIP,,,machineId; companyId; branchId,"Unbound MachinePart. The machine_parts table carries no companyId/branchId column and this row references no Machine, so tenant ownership cannot be established. Left unchanged."
MPP-000598,مكرة محرك السكين,,,,,قطعة,0,0,0,UNKNOWN_RECORD_OWNERSHIP,,,machineId; companyId; branchId,"Unbound MachinePart. The machine_parts table carries no companyId/branchId column and this row references no Machine, so tenant ownership cannot be established. Left unchanged."
MPP-000599,مكرة السكين,,,,,قطعة,0,0,0,UNKNOWN_RECORD_OWNERSHIP,,,machineId; companyId; branchId,"Unbound MachinePart. The machine_parts table carries no companyId/branchId column and this row references no Machine, so tenant ownership cannot be established. Left unchanged."
MPP-000600,سيور محرك السكين,,,,,قطعة,0,0,0,UNKNOWN_RECORD_OWNERSHIP,,,machineId; companyId; branchId,"Unbound MachinePart. The machine_parts table carries no companyId/branchId column and this row references no Machine, so tenant ownership cannot be established. Left unchanged."
MPP-000601,شفرات قص السكين,,,,,قطعة,0,0,0,UNKNOWN_RECORD_OWNERSHIP,,,machineId; companyId; branchId,"Unbound MachinePart. The machine_parts table carries no companyId/branchId column and this row references no Machine, so tenant ownership cannot be established. Left unchanged."
MPP-000603,محرك هواية المواد,,,,,قطعة,0,0,0,UNKNOWN_RECORD_OWNERSHIP,,,machineId; companyId; branchId,"Unbound MachinePart. The machine_parts table carries no companyId/branchId column and this row references no Machine, so tenant ownership cannot be established. Left unchanged."
MPP-000604,بيرنجات محرك هواية المواد,,,,,قطعة,0,0,0,UNKNOWN_RECORD_OWNERSHIP,,,machineId; companyId; branchId,"Unbound MachinePart. The machine_parts table carries no companyId/branchId column and this row references no Machine, so tenant ownership cannot be established. Left unchanged."
MPP-000605,لمد محرك هواية المواد,,,,,قطعة,0,0,0,UNKNOWN_RECORD_OWNERSHIP,,,machineId; companyId; branchId,"Unbound MachinePart. The machine_parts table carries no companyId/branchId column and this row references no Machine, so tenant ownership cannot be established. Left unchanged."
MPP-000606,محرك سير ناقل بعد الاكسترودر 1,,,,,قطعة,0,0,0,UNKNOWN_RECORD_OWNERSHIP,,,machineId; companyId; branchId,"Unbound MachinePart. The machine_parts table carries no companyId/branchId column and this row references no Machine, so tenant ownership cannot be established. Left unchanged."
MPP-000607,بيرنجات محرك سير ناقل بعد الاكسترودر 1,,,,,قطعة,0,0,0,UNKNOWN_RECORD_OWNERSHIP,,,machineId; companyId; branchId,"Unbound MachinePart. The machine_parts table carries no companyId/branchId column and this row references no Machine, so tenant ownership cannot be established. Left unchanged."
MPP-000608,لمد محرك سير ناقل بعد الاكسترودر 1,,,,,قطعة,0,0,0,UNKNOWN_RECORD_OWNERSHIP,,,machineId; companyId; branchId,"Unbound MachinePart. The machine_parts table carries no companyId/branchId column and this row references no Machine, so tenant ownership cannot be established. Left unchanged."
MPP-000609,جيربوكس محرك سير ناقل بعد الاكسترودر 1,,,,,قطعة,0,0,0,UNKNOWN_RECORD_OWNERSHIP,,,machineId; companyId; branchId,"Unbound MachinePart. The machine_parts table carries no companyId/branchId column and this row references no Machine, so tenant ownership cannot be established. Left unchanged."
MPP-000610,بيرنجات جيربوكس سير ناقل بعد الاكسترودر 1,,,,,قطعة,0,0,0,UNKNOWN_RECORD_OWNERSHIP,,,machineId; companyId; branchId,"Unbound MachinePart. The machine_parts table carries no companyId/branchId column and this row references no Machine, so tenant ownership cannot be established. Left unchanged."
MPP-000611,لمد جيربوكس محرك سير ناقل بعد الاكسترودر 1,,,,,قطعة,0,0,0,UNKNOWN_RECORD_OWNERSHIP,,,machineId; companyId; branchId,"Unbound MachinePart. The machine_parts table carries no companyId/branchId column and this row references no Machine, so tenant ownership cannot be established. Left unchanged."
MPP-000612,زيت جيربوكس محرك سير ناقل بعد الاكسترودر 1,,,,,قطعة,0,0,0,UNKNOWN_RECORD_OWNERSHIP,,,machineId; companyId; branchId,"Unbound MachinePart. The machine_parts table carries no companyId/branchId column and this row references no Machine, so tenant ownership cannot be established. Left unchanged."
MPP-000613,سير ناقل بعد الاكسترودر 1,,,,,قطعة,0,0,0,UNKNOWN_RECORD_OWNERSHIP,,,machineId; companyId; branchId,"Unbound MachinePart. The machine_parts table carries no companyId/branchId column and this row references no Machine, so tenant ownership cannot be established. Left unchanged."
MPP-000614,عمود سير ناقل بعد الاكسترودر 1 الأمامي,,,,,قطعة,0,0,0,UNKNOWN_RECORD_OWNERSHIP,,,machineId; companyId; branchId,"Unbound MachinePart. The machine_parts table carries no companyId/branchId column and this row references no Machine, so tenant ownership cannot be established. Left unchanged."
MPP-000615,بيرنجات عمود سير ناقل بعد الاكسترودر 1 الأمامي,,,,,قطعة,0,0,0,UNKNOWN_RECORD_OWNERSHIP,,,machineId; companyId; branchId,"Unbound MachinePart. The machine_parts table carries no companyId/branchId column and this row references no Machine, so tenant ownership cannot be established. Left unchanged."
MPP-000616,عمود سير ناقل بعد الاكسترودر 1 الخلفي,,,,,قطعة,0,0,0,UNKNOWN_RECORD_OWNERSHIP,,,machineId; companyId; branchId,"Unbound MachinePart. The machine_parts table carries no companyId/branchId column and this row references no Machine, so tenant ownership cannot be established. Left unchanged."
MPP-000617,بيرنجات عمود سير ناقل بعد الاكسترودر 1 الخلفي,,,,,قطعة,0,0,0,UNKNOWN_RECORD_OWNERSHIP,,,machineId; companyId; branchId,"Unbound MachinePart. The machine_parts table carries no companyId/branchId column and this row references no Machine, so tenant ownership cannot be established. Left unchanged."
MPP-000618,انفرتر سير ناقل بعد الاكسترودر 1 الخلفي,,,,,قطعة,0,0,0,UNKNOWN_RECORD_OWNERSHIP,,,machineId; companyId; branchId,"Unbound MachinePart. The machine_parts table carries no companyId/branchId column and this row references no Machine, so tenant ownership cannot be established. Left unchanged."
MPP-000619,محرك سير تجميع الاكسترودرات,,,,,قطعة,0,0,0,UNKNOWN_RECORD_OWNERSHIP,,,machineId; companyId; branchId,"Unbound MachinePart. The machine_parts table carries no companyId/branchId column and this row references no Machine, so tenant ownership cannot be established. Left unchanged."
MPP-000620,بيرنجات المحرك,,,,,قطعة,0,0,0,UNKNOWN_RECORD_OWNERSHIP,,,machineId; companyId; branchId,"Unbound MachinePart. The machine_parts table carries no companyId/branchId column and this row references no Machine, so tenant ownership cannot be established. Left unchanged."
MPP-000621,لمد المحرك,,,,,قطعة,0,0,0,UNKNOWN_RECORD_OWNERSHIP,,,machineId; companyId; branchId,"Unbound MachinePart. The machine_parts table carries no companyId/branchId column and this row references no Machine, so tenant ownership cannot be established. Left unchanged."
MPP-000622,جيربوكس المحرك,,,,,قطعة,0,0,0,UNKNOWN_RECORD_OWNERSHIP,,,machineId; companyId; branchId,"Unbound MachinePart. The machine_parts table carries no companyId/branchId column and this row references no Machine, so tenant ownership cannot be established. Left unchanged."
MPP-000623,بيرنجات الجيربوكس,,,,,قطعة,0,0,0,UNKNOWN_RECORD_OWNERSHIP,,,machineId; companyId; branchId,"Unbound MachinePart. The machine_parts table carries no companyId/branchId column and this row references no Machine, so tenant ownership cannot be established. Left unchanged."
MPP-000624,لمد الجيربوكس,,,,,قطعة,0,0,0,UNKNOWN_RECORD_OWNERSHIP,,,machineId; companyId; branchId,"Unbound MachinePart. The machine_parts table carries no companyId/branchId column and this row references no Machine, so tenant ownership cannot be established. Left unchanged."
MPP-000625,زيت الجيربوكس,,,,,قطعة,0,0,0,UNKNOWN_RECORD_OWNERSHIP,,,machineId; companyId; branchId,"Unbound MachinePart. The machine_parts table carries no companyId/branchId column and this row references no Machine, so tenant ownership cannot be established. Left unchanged."
MPP-000626,سير تجميع الاكسترودرات,,,,,قطعة,0,0,0,UNKNOWN_RECORD_OWNERSHIP,,,machineId; companyId; branchId,"Unbound MachinePart. The machine_parts table carries no companyId/branchId column and this row references no Machine, so tenant ownership cannot be established. Left unchanged."
MPP-000627,العمود الأمامي,,,,,قطعة,0,0,0,UNKNOWN_RECORD_OWNERSHIP,,,machineId; companyId; branchId,"Unbound MachinePart. The machine_parts table carries no companyId/branchId column and this row references no Machine, so tenant ownership cannot be established. Left unchanged."
MPP-000628,بيرنجات العمود الأمامي,,,,,قطعة,0,0,0,UNKNOWN_RECORD_OWNERSHIP,,,machineId; companyId; branchId,"Unbound MachinePart. The machine_parts table carries no companyId/branchId column and this row references no Machine, so tenant ownership cannot be established. Left unchanged."
MPP-000629,العمود الخلفي,,,,,قطعة,0,0,0,UNKNOWN_RECORD_OWNERSHIP,,,machineId; companyId; branchId,"Unbound MachinePart. The machine_parts table carries no companyId/branchId column and this row references no Machine, so tenant ownership cannot be established. Left unchanged."
MPP-000630,بيرنجات العمود الخلفي,,,,,قطعة,0,0,0,UNKNOWN_RECORD_OWNERSHIP,,,machineId; companyId; branchId,"Unbound MachinePart. The machine_parts table carries no companyId/branchId column and this row references no Machine, so tenant ownership cannot be established. Left unchanged."
MPP-000631,انفرتر المحرك,,,,,قطعة,0,0,0,UNKNOWN_RECORD_OWNERSHIP,,,machineId; companyId; branchId,"Unbound MachinePart. The machine_parts table carries no companyId/branchId column and this row references no Machine, so tenant ownership cannot be established. Left unchanged."
MPP-000632,محرك السير,,,,,قطعة,0,0,0,UNKNOWN_RECORD_OWNERSHIP,,,machineId; companyId; branchId,"Unbound MachinePart. The machine_parts table carries no companyId/branchId column and this row references no Machine, so tenant ownership cannot be established. Left unchanged."
MPP-000639,سلسلة السير,,,,,قطعة,0,0,0,UNKNOWN_RECORD_OWNERSHIP,,,machineId; companyId; branchId,"Unbound MachinePart. The machine_parts table carries no companyId/branchId column and this row references no Machine, so tenant ownership cannot be established. Left unchanged."
MPP-000640,عمود سلسلة السير,,,,,قطعة,0,0,0,UNKNOWN_RECORD_OWNERSHIP,,,machineId; companyId; branchId,"Unbound MachinePart. The machine_parts table carries no companyId/branchId column and this row references no Machine, so tenant ownership cannot be established. Left unchanged."
MPP-000641,بيرنجات عمود سلسلة السير,,,,,قطعة,0,0,0,UNKNOWN_RECORD_OWNERSHIP,,,machineId; companyId; branchId,"Unbound MachinePart. The machine_parts table carries no companyId/branchId column and this row references no Machine, so tenant ownership cannot be established. Left unchanged."
MPP-000643,محرك سير ناقل قبل القلاية,cmunlyyxf0016lc95e6b50gzn,MCH_BR01_CH_MFG_02_04,cmum3jqh8001mf495zaankx05,cmum5dwmo0000ro95qq4day18,قطعة,0,1,1,INSUFFICIENT_SOURCE_EVIDENCE,,,partNumber; manufacturer; specification; verified productId,"Unique name on this machine; machine_parts carries no technical identity columns, so no equivalence can be evaluated. Record preserved unchanged."
MPP-000644,بيرنجات محرك سير ناقل قبل القلاية,cmunlyyxf0016lc95e6b50gzn,MCH_BR01_CH_MFG_02_04,cmum3jqh8001mf495zaankx05,cmum5dwmo0000ro95qq4day18,قطعة,0,1,1,INSUFFICIENT_SOURCE_EVIDENCE,,,partNumber; manufacturer; specification; verified productId,"Unique name on this machine; machine_parts carries no technical identity columns, so no equivalence can be evaluated. Record preserved unchanged."
MPP-000645,لمد محرك سير ناقل قبل القلاية,cmunlyyxf0016lc95e6b50gzn,MCH_BR01_CH_MFG_02_04,cmum3jqh8001mf495zaankx05,cmum5dwmo0000ro95qq4day18,قطعة,0,1,1,INSUFFICIENT_SOURCE_EVIDENCE,,,partNumber; manufacturer; specification; verified productId,"Unique name on this machine; machine_parts carries no technical identity columns, so no equivalence can be evaluated. Record preserved unchanged."
MPP-000646,جيربوكس محرك سير ناقل قبل القلاية,cmunlyyxf0016lc95e6b50gzn,MCH_BR01_CH_MFG_02_04,cmum3jqh8001mf495zaankx05,cmum5dwmo0000ro95qq4day18,قطعة,0,1,1,INSUFFICIENT_SOURCE_EVIDENCE,,,partNumber; manufacturer; specification; verified productId,"Unique name on this machine; machine_parts carries no technical identity columns, so no equivalence can be evaluated. Record preserved unchanged."
MPP-000647,بيرنجات جيربوكس محرك سير ناقل قبل القلاية,cmunlyyxf0016lc95e6b50gzn,MCH_BR01_CH_MFG_02_04,cmum3jqh8001mf495zaankx05,cmum5dwmo0000ro95qq4day18,قطعة,0,1,1,INSUFFICIENT_SOURCE_EVIDENCE,,,partNumber; manufacturer; specification; verified productId,"Unique name on this machine; machine_parts carries no technical identity columns, so no equivalence can be evaluated. Record preserved unchanged."
MPP-000648,لمد جيربوكس محرك سير ناقل قبل القلاية,cmunlyyxf0016lc95e6b50gzn,MCH_BR01_CH_MFG_02_04,cmum3jqh8001mf495zaankx05,cmum5dwmo0000ro95qq4day18,قطعة,0,1,1,INSUFFICIENT_SOURCE_EVIDENCE,,,partNumber; manufacturer; specification; verified productId,"Unique name on this machine; machine_parts carries no technical identity columns, so no equivalence can be evaluated. Record preserved unchanged."
MPP-000649,زيت جيربوكس محرك سير ناقل قبل القلاية,cmunlyyxf0016lc95e6b50gzn,MCH_BR01_CH_MFG_02_04,cmum3jqh8001mf495zaankx05,cmum5dwmo0000ro95qq4day18,قطعة,0,1,1,INSUFFICIENT_SOURCE_EVIDENCE,,,partNumber; manufacturer; specification; verified productId,"Unique name on this machine; machine_parts carries no technical identity columns, so no equivalence can be evaluated. Record preserved unchanged."
MPP-000650,سلسلة سير ناقل قبل القلاية,cmunlyyxf0016lc95e6b50gzn,MCH_BR01_CH_MFG_02_04,cmum3jqh8001mf495zaankx05,cmum5dwmo0000ro95qq4day18,قطعة,0,1,1,INSUFFICIENT_SOURCE_EVIDENCE,,,partNumber; manufacturer; specification; verified productId,"Unique name on this machine; machine_parts carries no technical identity columns, so no equivalence can be evaluated. Record preserved unchanged."
MPP-000651,عمود سلسلة سير ناقل قبل القلاية,cmunlyyxf0016lc95e6b50gzn,MCH_BR01_CH_MFG_02_04,cmum3jqh8001mf495zaankx05,cmum5dwmo0000ro95qq4day18,قطعة,0,1,1,INSUFFICIENT_SOURCE_EVIDENCE,,,partNumber; manufacturer; specification; verified productId,"Unique name on this machine; machine_parts carries no technical identity columns, so no equivalence can be evaluated. Record preserved unchanged."
MPP-000652,بيرنجات عمود سلسلة سير ناقل قبل القلاية,cmunlyyxf0016lc95e6b50gzn,MCH_BR01_CH_MFG_02_04,cmum3jqh8001mf495zaankx05,cmum5dwmo0000ro95qq4day18,قطعة,0,1,1,INSUFFICIENT_SOURCE_EVIDENCE,,,partNumber; manufacturer; specification; verified productId,"Unique name on this machine; machine_parts carries no technical identity columns, so no equivalence can be evaluated. Record preserved unchanged."
MPP-000653,انفرتر محرك سير ناقل قبل القلاية,cmunlyyxf0016lc95e6b50gzn,MCH_BR01_CH_MFG_02_04,cmum3jqh8001mf495zaankx05,cmum5dwmo0000ro95qq4day18,قطعة,0,1,1,INSUFFICIENT_SOURCE_EVIDENCE,,,partNumber; manufacturer; specification; verified productId,"Unique name on this machine; machine_parts carries no technical identity columns, so no equivalence can be evaluated. Record preserved unchanged."
MPP-000736,محرك الرجاج,cmunlyyzn001alc954l5zu3p2,MCH_BR01_CH_MFG_02_05,cmum3jqh8001mf495zaankx05,cmum5dwmo0000ro95qq4day18,قطعة,0,3,2,AMBIGUOUS_TECHNICAL_IDENTITY,,name+unit+quantity (REJECTED as identity),partNumber; manufacturer; specification; verified productId,"Appears on 2 machines as ""محرك الرجاج"" with a single consistent unit. Name, unit and quantity are display/usage attributes, not technical identity, so equivalence is unproven. Record preserved unchanged pending authoritative evidence."
MPP-000737,بيرنجات محرك الرجاج,cmunlyyzn001alc954l5zu3p2,MCH_BR01_CH_MFG_02_05,cmum3jqh8001mf495zaankx05,cmum5dwmo0000ro95qq4day18,قطعة,0,3,2,AMBIGUOUS_TECHNICAL_IDENTITY,,name+unit+quantity (REJECTED as identity),partNumber; manufacturer; specification; verified productId,"Appears on 2 machines as ""بيرنجات محرك الرجاج"" with a single consistent unit. Name, unit and quantity are display/usage attributes, not technical identity, so equivalence is unproven. Record preserved unchanged pending authoritative evidence."
MPP-000738,لمد محرك الرجاج,cmunlyyzn001alc954l5zu3p2,MCH_BR01_CH_MFG_02_05,cmum3jqh8001mf495zaankx05,cmum5dwmo0000ro95qq4day18,قطعة,0,3,2,AMBIGUOUS_TECHNICAL_IDENTITY,,name+unit+quantity (REJECTED as identity),partNumber; manufacturer; specification; verified productId,"Appears on 2 machines as ""لمد محرك الرجاج"" with a single consistent unit. Name, unit and quantity are display/usage attributes, not technical identity, so equivalence is unproven. Record preserved unchanged pending authoritative evidence."
MPP-000739,اسبرنجات الرجاج,cmunlyyzn001alc954l5zu3p2,MCH_BR01_CH_MFG_02_05,cmum3jqh8001mf495zaankx05,cmum5dwmo0000ro95qq4day18,قطعة,0,3,2,AMBIGUOUS_TECHNICAL_IDENTITY,,name+unit+quantity (REJECTED as identity),partNumber; manufacturer; specification; verified productId,"Appears on 2 machines as ""اسبرنجات الرجاج"" with a single consistent unit. Name, unit and quantity are display/usage attributes, not technical identity, so equivalence is unproven. Record preserved unchanged pending authoritative evidence."
MPP-000740,محرك مغذي النكهة,cmunlyz1t001elc950z628kfr,MCH_BR01_CH_MFG_02_06,cmum3jqh8001mf495zaankx05,cmum5dwmo0000ro95qq4day18,قطعة,0,4,3,AMBIGUOUS_TECHNICAL_IDENTITY,,name+unit+quantity (REJECTED as identity),partNumber; manufacturer; specification; verified productId,"Appears on 3 machines as ""محرك مغذي النكهة"" with a single consistent unit. Name, unit and quantity are display/usage attributes, not technical identity, so equivalence is unproven. Record preserved unchanged pending authoritative evidence."
MPP-000741,بيرنجات محرك مغذي النكهة,cmunlyz1t001elc950z628kfr,MCH_BR01_CH_MFG_02_06,cmum3jqh8001mf495zaankx05,cmum5dwmo0000ro95qq4day18,قطعة,0,4,3,AMBIGUOUS_TECHNICAL_IDENTITY,,name+unit+quantity (REJECTED as identity),partNumber; manufacturer; specification; verified productId,"Appears on 3 machines as ""بيرنجات محرك مغذي النكهة"" with a single consistent unit. Name, unit and quantity are display/usage attributes, not technical identity, so equivalence is unproven. Record preserved unchanged pending authoritative evidence."
MPP-000742,لمد محرك مغذي النكهة,cmunlyz1t001elc950z628kfr,MCH_BR01_CH_MFG_02_06,cmum3jqh8001mf495zaankx05,cmum5dwmo0000ro95qq4day18,قطعة,0,4,3,AMBIGUOUS_TECHNICAL_IDENTITY,,name+unit+quantity (REJECTED as identity),partNumber; manufacturer; specification; verified productId,"Appears on 3 machines as ""لمد محرك مغذي النكهة"" with a single consistent unit. Name, unit and quantity are display/usage attributes, not technical identity, so equivalence is unproven. Record preserved unchanged pending authoritative evidence."
MPP-000743,جيربوكس محرك مغذي النكهة,cmunlyz1t001elc950z628kfr,MCH_BR01_CH_MFG_02_06,cmum3jqh8001mf495zaankx05,cmum5dwmo0000ro95qq4day18,قطعة,0,4,3,AMBIGUOUS_TECHNICAL_IDENTITY,,name+unit+quantity (REJECTED as identity),partNumber; manufacturer; specification; verified productId,"Appears on 3 machines as ""جيربوكس محرك مغذي النكهة"" with a single consistent unit. Name, unit and quantity are display/usage attributes, not technical identity, so equivalence is unproven. Record preserved unchanged pending authoritative evidence."
MPP-000744,بيرنجات جيربوكس محرك مغذي النكهة,cmunlyz1t001elc950z628kfr,MCH_BR01_CH_MFG_02_06,cmum3jqh8001mf495zaankx05,cmum5dwmo0000ro95qq4day18,قطعة,0,4,3,AMBIGUOUS_TECHNICAL_IDENTITY,,name+unit+quantity (REJECTED as identity),partNumber; manufacturer; specification; verified productId,"Appears on 3 machines as ""بيرنجات جيربوكس محرك مغذي النكهة"" with a single consistent unit. Name, unit and quantity are display/usage attributes, not technical identity, so equivalence is unproven. Record preserved unchanged pending authoritative evidence."
MPP-000745,لمد جيربوكس محرك مغذي النكهة,cmunlyz1t001elc950z628kfr,MCH_BR01_CH_MFG_02_06,cmum3jqh8001mf495zaankx05,cmum5dwmo0000ro95qq4day18,قطعة,0,4,3,AMBIGUOUS_TECHNICAL_IDENTITY,,name+unit+quantity (REJECTED as identity),partNumber; manufacturer; specification; verified productId,"Appears on 3 machines as ""لمد جيربوكس محرك مغذي النكهة"" with a single consistent unit. Name, unit and quantity are display/usage attributes, not technical identity, so equivalence is unproven. Record preserved unchanged pending authoritative evidence."
MPP-000746,زيت جيربوكس محرك مغذي النكهة,cmunlyz1t001elc950z628kfr,MCH_BR01_CH_MFG_02_06,cmum3jqh8001mf495zaankx05,cmum5dwmo0000ro95qq4day18,قطعة,0,4,3,AMBIGUOUS_TECHNICAL_IDENTITY,,name+unit+quantity (REJECTED as identity),partNumber; manufacturer; specification; verified productId,"Appears on 3 machines as ""زيت جيربوكس محرك مغذي النكهة"" with a single consistent unit. Name, unit and quantity are display/usage attributes, not technical identity, so equivalence is unproven. Record preserved unchanged pending authoritative evidence."
MPP-000747,بيرنجات عمود حلزون النكهة,cmunlyz1t001elc950z628kfr,MCH_BR01_CH_MFG_02_06,cmum3jqh8001mf495zaankx05,cmum5dwmo0000ro95qq4day18,قطعة,0,4,3,AMBIGUOUS_TECHNICAL_IDENTITY,,name+unit+quantity (REJECTED as identity),partNumber; manufacturer; specification; verified productId,"Appears on 3 machines as ""بيرنجات عمود حلزون النكهة"" with a single consistent unit. Name, unit and quantity are display/usage attributes, not technical identity, so equivalence is unproven. Record preserved unchanged pending authoritative evidence."
MPP-000748,حلزون مغذي النكهة,cmunlyz1t001elc950z628kfr,MCH_BR01_CH_MFG_02_06,cmum3jqh8001mf495zaankx05,cmum5dwmo0000ro95qq4day18,قطعة,0,4,3,AMBIGUOUS_TECHNICAL_IDENTITY,,name+unit+quantity (REJECTED as identity),partNumber; manufacturer; specification; verified productId,"Appears on 3 machines as ""حلزون مغذي النكهة"" with a single consistent unit. Name, unit and quantity are display/usage attributes, not technical identity, so equivalence is unproven. Record preserved unchanged pending authoritative evidence."
MPP-000749,انفرتر محرك مغذي النكهة,cmunlyz1t001elc950z628kfr,MCH_BR01_CH_MFG_02_06,cmum3jqh8001mf495zaankx05,cmum5dwmo0000ro95qq4day18,قطعة,0,4,3,AMBIGUOUS_TECHNICAL_IDENTITY,,name+unit+quantity (REJECTED as identity),partNumber; manufacturer; specification; verified productId,"Appears on 3 machines as ""انفرتر محرك مغذي النكهة"" with a single consistent unit. Name, unit and quantity are display/usage attributes, not technical identity, so equivalence is unproven. Record preserved unchanged pending authoritative evidence."
MPP-000753,محرك سير قبل المتنبل,,,,,قطعة,0,0,0,UNKNOWN_RECORD_OWNERSHIP,,,machineId; companyId; branchId,"Unbound MachinePart. The machine_parts table carries no companyId/branchId column and this row references no Machine, so tenant ownership cannot be established. Left unchanged."
MPP-000754,بيرنجات محرك سير قبل المتنبل,,,,,قطعة,0,0,0,UNKNOWN_RECORD_OWNERSHIP,,,machineId; companyId; branchId,"Unbound MachinePart. The machine_parts table carries no companyId/branchId column and this row references no Machine, so tenant ownership cannot be established. Left unchanged."
MPP-000755,لمد محرك سير قبل المتنبل,,,,,قطعة,0,0,0,UNKNOWN_RECORD_OWNERSHIP,,,machineId; companyId; branchId,"Unbound MachinePart. The machine_parts table carries no companyId/branchId column and this row references no Machine, so tenant ownership cannot be established. Left unchanged."
MPP-000756,جيربوكس محرك سير قبل المتنبل,,,,,قطعة,0,0,0,UNKNOWN_RECORD_OWNERSHIP,,,machineId; companyId; branchId,"Unbound MachinePart. The machine_parts table carries no companyId/branchId column and this row references no Machine, so tenant ownership cannot be established. Left unchanged."
MPP-000757,بيرنجات جيربوكس محرك سير قبل المتنبل,,,,,قطعة,0,0,0,UNKNOWN_RECORD_OWNERSHIP,,,machineId; companyId; branchId,"Unbound MachinePart. The machine_parts table carries no companyId/branchId column and this row references no Machine, so tenant ownership cannot be established. Left unchanged."
MPP-000758,لمد جيربوكس محرك سير قبل المتنبل,,,,,قطعة,0,0,0,UNKNOWN_RECORD_OWNERSHIP,,,machineId; companyId; branchId,"Unbound MachinePart. The machine_parts table carries no companyId/branchId column and this row references no Machine, so tenant ownership cannot be established. Left unchanged."
MPP-000759,زيت جيربوكس محرك سير قبل المتنبل,,,,,قطعة,0,0,0,UNKNOWN_RECORD_OWNERSHIP,,,machineId; companyId; branchId,"Unbound MachinePart. The machine_parts table carries no companyId/branchId column and this row references no Machine, so tenant ownership cannot be established. Left unchanged."
MPP-000760,سلسلة سير قبل المتنبل,,,,,قطعة,0,0,0,UNKNOWN_RECORD_OWNERSHIP,,,machineId; companyId; branchId,"Unbound MachinePart. The machine_parts table carries no companyId/branchId column and this row references no Machine, so tenant ownership cannot be established. Left unchanged."
MPP-000761,عمود سلسلة سير قبل المتنبل,,,,,قطعة,0,0,0,UNKNOWN_RECORD_OWNERSHIP,,,machineId; companyId; branchId,"Unbound MachinePart. The machine_parts table carries no companyId/branchId column and this row references no Machine, so tenant ownership cannot be established. Left unchanged."
MPP-000762,بيرنجات عمود سلسلة سير قبل المتنبل,,,,,قطعة,0,0,0,UNKNOWN_RECORD_OWNERSHIP,,,machineId; companyId; branchId,"Unbound MachinePart. The machine_parts table carries no companyId/branchId column and this row references no Machine, so tenant ownership cannot be established. Left unchanged."
MPP-000763,انفرتر محرك سير قبل المتنبل,,,,,قطعة,0,0,0,UNKNOWN_RECORD_OWNERSHIP,,,machineId; companyId; branchId,"Unbound MachinePart. The machine_parts table carries no companyId/branchId column and this row references no Machine, so tenant ownership cannot be established. Left unchanged."
MPP-000764,محرك الداعس,cmunlyzty002ulc95hg0pyswf,MCH_BR01_PF_MFG_01_05,cmum3jqh8001mf495zaankx05,cmum5dwmo0000ro95qq4day18,قطعة,0,6,5,AMBIGUOUS_TECHNICAL_IDENTITY,,name+unit+quantity (REJECTED as identity),partNumber; manufacturer; specification; verified productId,"Appears on 5 machines as ""محرك الداعس"" with a single consistent unit. Name, unit and quantity are display/usage attributes, not technical identity, so equivalence is unproven. Record preserved unchanged pending authoritative evidence."
MPP-000765,بيرنجات محرك الداعس,cmunlyzty002ulc95hg0pyswf,MCH_BR01_PF_MFG_01_05,cmum3jqh8001mf495zaankx05,cmum5dwmo0000ro95qq4day18,قطعة,0,6,5,AMBIGUOUS_TECHNICAL_IDENTITY,,name+unit+quantity (REJECTED as identity),partNumber; manufacturer; specification; verified productId,"Appears on 5 machines as ""بيرنجات محرك الداعس"" with a single consistent unit. Name, unit and quantity are display/usage attributes, not technical identity, so equivalence is unproven. Record preserved unchanged pending authoritative evidence."
MPP-000766,لمد محرك الداعس,cmunlyzty002ulc95hg0pyswf,MCH_BR01_PF_MFG_01_05,cmum3jqh8001mf495zaankx05,cmum5dwmo0000ro95qq4day18,قطعة,0,6,5,AMBIGUOUS_TECHNICAL_IDENTITY,,name+unit+quantity (REJECTED as identity),partNumber; manufacturer; specification; verified productId,"Appears on 5 machines as ""لمد محرك الداعس"" with a single consistent unit. Name, unit and quantity are display/usage attributes, not technical identity, so equivalence is unproven. Record preserved unchanged pending authoritative evidence."
MPP-000767,جيربوكس محرك الداعس,cmunlyzty002ulc95hg0pyswf,MCH_BR01_PF_MFG_01_05,cmum3jqh8001mf495zaankx05,cmum5dwmo0000ro95qq4day18,قطعة,0,6,5,AMBIGUOUS_TECHNICAL_IDENTITY,,name+unit+quantity (REJECTED as identity),partNumber; manufacturer; specification; verified productId,"Appears on 5 machines as ""جيربوكس محرك الداعس"" with a single consistent unit. Name, unit and quantity are display/usage attributes, not technical identity, so equivalence is unproven. Record preserved unchanged pending authoritative evidence."
MPP-000768,بيرنجات جيربوكس محرك الداعس,cmunlyzty002ulc95hg0pyswf,MCH_BR01_PF_MFG_01_05,cmum3jqh8001mf495zaankx05,cmum5dwmo0000ro95qq4day18,قطعة,0,6,5,AMBIGUOUS_TECHNICAL_IDENTITY,,name+unit+quantity (REJECTED as identity),partNumber; manufacturer; specification; verified productId,"Appears on 5 machines as ""بيرنجات جيربوكس محرك الداعس"" with a single consistent unit. Name, unit and quantity are display/usage attributes, not technical identity, so equivalence is unproven. Record preserved unchanged pending authoritative evidence."
MPP-000769,لمد جيربوكس محرك الداعس,cmunlyzty002ulc95hg0pyswf,MCH_BR01_PF_MFG_01_05,cmum3jqh8001mf495zaankx05,cmum5dwmo0000ro95qq4day18,قطعة,0,6,5,AMBIGUOUS_TECHNICAL_IDENTITY,,name+unit+quantity (REJECTED as identity),partNumber; manufacturer; specification; verified productId,"Appears on 5 machines as ""لمد جيربوكس محرك الداعس"" with a single consistent unit. Name, unit and quantity are display/usage attributes, not technical identity, so equivalence is unproven. Record preserved unchanged pending authoritative evidence."
MPP-000770,زيت جيربوكس محرك الداعس,cmunlyzty002ulc95hg0pyswf,MCH_BR01_PF_MFG_01_05,cmum3jqh8001mf495zaankx05,cmum5dwmo0000ro95qq4day18,قطعة,0,6,5,AMBIGUOUS_TECHNICAL_IDENTITY,,name+unit+quantity (REJECTED as identity),partNumber; manufacturer; specification; verified productId,"Appears on 5 machines as ""زيت جيربوكس محرك الداعس"" with a single consistent unit. Name, unit and quantity are display/usage attributes, not technical identity, so equivalence is unproven. Record preserved unchanged pending authoritative evidence."
MPP-000771,الداعس,cmunlyzty002ulc95hg0pyswf,MCH_BR01_PF_MFG_01_05,cmum3jqh8001mf495zaankx05,cmum5dwmo0000ro95qq4day18,قطعة,0,6,5,AMBIGUOUS_TECHNICAL_IDENTITY,,name+unit+quantity (REJECTED as identity),partNumber; manufacturer; specification; verified productId,"Appears on 5 machines as ""الداعس"" with a single consistent unit. Name, unit and quantity are display/usage attributes, not technical identity, so equivalence is unproven. Record preserved unchanged pending authoritative evidence."
MPP-000772,بيرنجات الداعس,cmunlyzty002ulc95hg0pyswf,MCH_BR01_PF_MFG_01_05,cmum3jqh8001mf495zaankx05,cmum5dwmo0000ro95qq4day18,قطعة,0,6,5,AMBIGUOUS_TECHNICAL_IDENTITY,,name+unit+quantity (REJECTED as identity),partNumber; manufacturer; specification; verified productId,"Appears on 5 machines as ""بيرنجات الداعس"" with a single consistent unit. Name, unit and quantity are display/usage attributes, not technical identity, so equivalence is unproven. Record preserved unchanged pending authoritative evidence."
MPP-000773,كفرات الداعس,cmunlyzty002ulc95hg0pyswf,MCH_BR01_PF_MFG_01_05,cmum3jqh8001mf495zaankx05,cmum5dwmo0000ro95qq4day18,قطعة,0,6,5,AMBIGUOUS_TECHNICAL_IDENTITY,,name+unit+quantity (REJECTED as identity),partNumber; manufacturer; specification; verified productId,"Appears on 5 machines as ""كفرات الداعس"" with a single consistent unit. Name, unit and quantity are display/usage attributes, not technical identity, so equivalence is unproven. Record preserved unchanged pending authoritative evidence."
MPP-000774,انفرتر محرك الداعس,cmunlyzty002ulc95hg0pyswf,MCH_BR01_PF_MFG_01_05,cmum3jqh8001mf495zaankx05,cmum5dwmo0000ro95qq4day18,قطعة,0,6,5,AMBIGUOUS_TECHNICAL_IDENTITY,,name+unit+quantity (REJECTED as identity),partNumber; manufacturer; specification; verified productId,"Appears on 5 machines as ""انفرتر محرك الداعس"" with a single consistent unit. Name, unit and quantity are display/usage attributes, not technical identity, so equivalence is unproven. Record preserved unchanged pending authoritative evidence."
MPP-000775,محرك خلاط النكهة 1,cmunlyzty002ulc95hg0pyswf,MCH_BR01_PF_MFG_01_05,cmum3jqh8001mf495zaankx05,cmum5dwmo0000ro95qq4day18,قطعة,0,6,5,AMBIGUOUS_TECHNICAL_IDENTITY,,name+unit+quantity (REJECTED as identity),partNumber; manufacturer; specification; verified productId,"Appears on 5 machines as ""محرك خلاط النكهة 1"" with a single consistent unit. Name, unit and quantity are display/usage attributes, not technical identity, so equivalence is unproven. Record preserved unchanged pending authoritative evidence."
MPP-000776,بيرنجات محرك خلاط النكهة 1,cmunlyzty002ulc95hg0pyswf,MCH_BR01_PF_MFG_01_05,cmum3jqh8001mf495zaankx05,cmum5dwmo0000ro95qq4day18,قطعة,0,6,5,AMBIGUOUS_TECHNICAL_IDENTITY,,name+unit+quantity (REJECTED as identity),partNumber; manufacturer; specification; verified productId,"Appears on 5 machines as ""بيرنجات محرك خلاط النكهة 1"" with a single consistent unit. Name, unit and quantity are display/usage attributes, not technical identity, so equivalence is unproven. Record preserved unchanged pending authoritative evidence."
MPP-000777,لمد محرك خلاط النكهة 1,cmunlyzty002ulc95hg0pyswf,MCH_BR01_PF_MFG_01_05,cmum3jqh8001mf495zaankx05,cmum5dwmo0000ro95qq4day18,قطعة,0,6,5,AMBIGUOUS_TECHNICAL_IDENTITY,,name+unit+quantity (REJECTED as identity),partNumber; manufacturer; specification; verified productId,"Appears on 5 machines as ""لمد محرك خلاط النكهة 1"" with a single consistent unit. Name, unit and quantity are display/usage attributes, not technical identity, so equivalence is unproven. Record preserved unchanged pending authoritative evidence."
MPP-000778,عمود خلاط النكهة 1,cmunlyzty002ulc95hg0pyswf,MCH_BR01_PF_MFG_01_05,cmum3jqh8001mf495zaankx05,cmum5dwmo0000ro95qq4day18,قطعة,0,6,5,AMBIGUOUS_TECHNICAL_IDENTITY,,name+unit+quantity (REJECTED as identity),partNumber; manufacturer; specification; verified productId,"Appears on 5 machines as ""عمود خلاط النكهة 1"" with a single consistent unit. Name, unit and quantity are display/usage attributes, not technical identity, so equivalence is unproven. Record preserved unchanged pending authoritative evidence."
MPP-000779,بيرنجات عمود خلاط النكهة 1,cmunlyzty002ulc95hg0pyswf,MCH_BR01_PF_MFG_01_05,cmum3jqh8001mf495zaankx05,cmum5dwmo0000ro95qq4day18,قطعة,0,6,5,AMBIGUOUS_TECHNICAL_IDENTITY,,name+unit+quantity (REJECTED as identity),partNumber; manufacturer; specification; verified productId,"Appears on 5 machines as ""بيرنجات عمود خلاط النكهة 1"" with a single consistent unit. Name, unit and quantity are display/usage attributes, not technical identity, so equivalence is unproven. Record preserved unchanged pending authoritative evidence."
MPP-000780,لمد عمود خلاط النكهة 1,cmunlyzty002ulc95hg0pyswf,MCH_BR01_PF_MFG_01_05,cmum3jqh8001mf495zaankx05,cmum5dwmo0000ro95qq4day18,قطعة,0,6,5,AMBIGUOUS_TECHNICAL_IDENTITY,,name+unit+quantity (REJECTED as identity),partNumber; manufacturer; specification; verified productId,"Appears on 5 machines as ""لمد عمود خلاط النكهة 1"" with a single consistent unit. Name, unit and quantity are display/usage attributes, not technical identity, so equivalence is unproven. Record preserved unchanged pending authoritative evidence."
MPP-000781,فيبرات محرك خلاط النكهة 1,cmunlyzty002ulc95hg0pyswf,MCH_BR01_PF_MFG_01_05,cmum3jqh8001mf495zaankx05,cmum5dwmo0000ro95qq4day18,قطعة,0,6,5,AMBIGUOUS_TECHNICAL_IDENTITY,,name+unit+quantity (REJECTED as identity),partNumber; manufacturer; specification; verified productId,"Appears on 5 machines as ""فيبرات محرك خلاط النكهة 1"" with a single consistent unit. Name, unit and quantity are display/usage attributes, not technical identity, so equivalence is unproven. Record preserved unchanged pending authoritative evidence."
MPP-000782,خزان خلاط النكهة 1,cmunlyzty002ulc95hg0pyswf,MCH_BR01_PF_MFG_01_05,cmum3jqh8001mf495zaankx05,cmum5dwmo0000ro95qq4day18,قطعة,0,6,5,AMBIGUOUS_TECHNICAL_IDENTITY,,name+unit+quantity (REJECTED as identity),partNumber; manufacturer; specification; verified productId,"Appears on 5 machines as ""خزان خلاط النكهة 1"" with a single consistent unit. Name, unit and quantity are display/usage attributes, not technical identity, so equivalence is unproven. Record preserved unchanged pending authoritative evidence."
MPP-000783,بيت سخان خزان خلاط النكهة 1,cmunlyzty002ulc95hg0pyswf,MCH_BR01_PF_MFG_01_05,cmum3jqh8001mf495zaankx05,cmum5dwmo0000ro95qq4day18,قطعة,0,6,5,AMBIGUOUS_TECHNICAL_IDENTITY,,name+unit+quantity (REJECTED as identity),partNumber; manufacturer; specification; verified productId,"Appears on 5 machines as ""بيت سخان خزان خلاط النكهة 1"" with a single consistent unit. Name, unit and quantity are display/usage attributes, not technical identity, so equivalence is unproven. Record preserved unchanged pending authoritative evidence."
MPP-000784,سخان خزان خلاط النكهة 1,cmunlyzty002ulc95hg0pyswf,MCH_BR01_PF_MFG_01_05,cmum3jqh8001mf495zaankx05,cmum5dwmo0000ro95qq4day18,قطعة,0,6,5,AMBIGUOUS_TECHNICAL_IDENTITY,,name+unit+quantity (REJECTED as identity),partNumber; manufacturer; specification; verified productId,"Appears on 5 machines as ""سخان خزان خلاط النكهة 1"" with a single consistent unit. Name, unit and quantity are display/usage attributes, not technical identity, so equivalence is unproven. Record preserved unchanged pending authoritative evidence."
MPP-000785,حساس سخان خزان خلاط النكهة 1,cmunlyzty002ulc95hg0pyswf,MCH_BR01_PF_MFG_01_05,cmum3jqh8001mf495zaankx05,cmum5dwmo0000ro95qq4day18,قطعة,0,6,5,AMBIGUOUS_TECHNICAL_IDENTITY,,name+unit+quantity (REJECTED as identity),partNumber; manufacturer; specification; verified productId,"Appears on 5 machines as ""حساس سخان خزان خلاط النكهة 1"" with a single consistent unit. Name, unit and quantity are display/usage attributes, not technical identity, so equivalence is unproven. Record preserved unchanged pending authoritative evidence."
MPP-000786,ساعة حرارة سخان خزان خلاط النكهة 1,cmunlyzty002ulc95hg0pyswf,MCH_BR01_PF_MFG_01_05,cmum3jqh8001mf495zaankx05,cmum5dwmo0000ro95qq4day18,قطعة,0,6,5,AMBIGUOUS_TECHNICAL_IDENTITY,,name+unit+quantity (REJECTED as identity),partNumber; manufacturer; specification; verified productId,"Appears on 5 machines as ""ساعة حرارة سخان خزان خلاط النكهة 1"" with a single consistent unit. Name, unit and quantity are display/usage attributes, not technical identity, so equivalence is unproven. Record preserved unchanged pending authoritative evidence."
MPP-000787,انفرتر محرك خلاط النكهة 1,cmunlyzty002ulc95hg0pyswf,MCH_BR01_PF_MFG_01_05,cmum3jqh8001mf495zaankx05,cmum5dwmo0000ro95qq4day18,قطعة,0,6,5,AMBIGUOUS_TECHNICAL_IDENTITY,,name+unit+quantity (REJECTED as identity),partNumber; manufacturer; specification; verified productId,"Appears on 5 machines as ""انفرتر محرك خلاط النكهة 1"" with a single consistent unit. Name, unit and quantity are display/usage attributes, not technical identity, so equivalence is unproven. Record preserved unchanged pending authoritative evidence."
MPP-000788,محرك خلاط النكهة 2,cmunlyzty002ulc95hg0pyswf,MCH_BR01_PF_MFG_01_05,cmum3jqh8001mf495zaankx05,cmum5dwmo0000ro95qq4day18,قطعة,0,6,5,AMBIGUOUS_TECHNICAL_IDENTITY,,name+unit+quantity (REJECTED as identity),partNumber; manufacturer; specification; verified productId,"Appears on 5 machines as ""محرك خلاط النكهة 2"" with a single consistent unit. Name, unit and quantity are display/usage attributes, not technical identity, so equivalence is unproven. Record preserved unchanged pending authoritative evidence."
MPP-000789,بيرنجات محرك خلاط النكهة 2,cmunlyzty002ulc95hg0pyswf,MCH_BR01_PF_MFG_01_05,cmum3jqh8001mf495zaankx05,cmum5dwmo0000ro95qq4day18,قطعة,0,6,5,AMBIGUOUS_TECHNICAL_IDENTITY,,name+unit+quantity (REJECTED as identity),partNumber; manufacturer; specification; verified productId,"Appears on 5 machines as ""بيرنجات محرك خلاط النكهة 2"" with a single consistent unit. Name, unit and quantity are display/usage attributes, not technical identity, so equivalence is unproven. Record preserved unchanged pending authoritative evidence."
MPP-000790,لمد محرك خلاط النكهة 2,cmunlyzty002ulc95hg0pyswf,MCH_BR01_PF_MFG_01_05,cmum3jqh8001mf495zaankx05,cmum5dwmo0000ro95qq4day18,قطعة,0,6,5,AMBIGUOUS_TECHNICAL_IDENTITY,,name+unit+quantity (REJECTED as identity),partNumber; manufacturer; specification; verified productId,"Appears on 5 machines as ""لمد محرك خلاط النكهة 2"" with a single consistent unit. Name, unit and quantity are display/usage attributes, not technical identity, so equivalence is unproven. Record preserved unchanged pending authoritative evidence."
MPP-000791,عمود خلاط النكهة 2,cmunlyzty002ulc95hg0pyswf,MCH_BR01_PF_MFG_01_05,cmum3jqh8001mf495zaankx05,cmum5dwmo0000ro95qq4day18,قطعة,0,6,5,AMBIGUOUS_TECHNICAL_IDENTITY,,name+unit+quantity (REJECTED as identity),partNumber; manufacturer; specification; verified productId,"Appears on 5 machines as ""عمود خلاط النكهة 2"" with a single consistent unit. Name, unit and quantity are display/usage attributes, not technical identity, so equivalence is unproven. Record preserved unchanged pending authoritative evidence."
MPP-000792,بيرنجات عمود خلاط النكهة 2,cmunlyzty002ulc95hg0pyswf,MCH_BR01_PF_MFG_01_05,cmum3jqh8001mf495zaankx05,cmum5dwmo0000ro95qq4day18,قطعة,0,6,5,AMBIGUOUS_TECHNICAL_IDENTITY,,name+unit+quantity (REJECTED as identity),partNumber; manufacturer; specification; verified productId,"Appears on 5 machines as ""بيرنجات عمود خلاط النكهة 2"" with a single consistent unit. Name, unit and quantity are display/usage attributes, not technical identity, so equivalence is unproven. Record preserved unchanged pending authoritative evidence."
MPP-000793,لمد عمود خلاط النكهة 2,cmunlyzty002ulc95hg0pyswf,MCH_BR01_PF_MFG_01_05,cmum3jqh8001mf495zaankx05,cmum5dwmo0000ro95qq4day18,قطعة,0,6,5,AMBIGUOUS_TECHNICAL_IDENTITY,,name+unit+quantity (REJECTED as identity),partNumber; manufacturer; specification; verified productId,"Appears on 5 machines as ""لمد عمود خلاط النكهة 2"" with a single consistent unit. Name, unit and quantity are display/usage attributes, not technical identity, so equivalence is unproven. Record preserved unchanged pending authoritative evidence."
MPP-000794,فيبرات محرك خلاط النكهة 2,cmunlyzty002ulc95hg0pyswf,MCH_BR01_PF_MFG_01_05,cmum3jqh8001mf495zaankx05,cmum5dwmo0000ro95qq4day18,قطعة,0,6,5,AMBIGUOUS_TECHNICAL_IDENTITY,,name+unit+quantity (REJECTED as identity),partNumber; manufacturer; specification; verified productId,"Appears on 5 machines as ""فيبرات محرك خلاط النكهة 2"" with a single consistent unit. Name, unit and quantity are display/usage attributes, not technical identity, so equivalence is unproven. Record preserved unchanged pending authoritative evidence."
MPP-000795,خزان خلاط النكهة 2,cmunlyzty002ulc95hg0pyswf,MCH_BR01_PF_MFG_01_05,cmum3jqh8001mf495zaankx05,cmum5dwmo0000ro95qq4day18,قطعة,0,6,5,AMBIGUOUS_TECHNICAL_IDENTITY,,name+unit+quantity (REJECTED as identity),partNumber; manufacturer; specification; verified productId,"Appears on 5 machines as ""خزان خلاط النكهة 2"" with a single consistent unit. Name, unit and quantity are display/usage attributes, not technical identity, so equivalence is unproven. Record preserved unchanged pending authoritative evidence."
MPP-000796,بيت سخان خزان خلاط النكهة 2,cmunlyzty002ulc95hg0pyswf,MCH_BR01_PF_MFG_01_05,cmum3jqh8001mf495zaankx05,cmum5dwmo0000ro95qq4day18,قطعة,0,6,5,AMBIGUOUS_TECHNICAL_IDENTITY,,name+unit+quantity (REJECTED as identity),partNumber; manufacturer; specification; verified productId,"Appears on 5 machines as ""بيت سخان خزان خلاط النكهة 2"" with a single consistent unit. Name, unit and quantity are display/usage attributes, not technical identity, so equivalence is unproven. Record preserved unchanged pending authoritative evidence."
MPP-000797,سخان خزان خلاط النكهة 2,cmunlyzty002ulc95hg0pyswf,MCH_BR01_PF_MFG_01_05,cmum3jqh8001mf495zaankx05,cmum5dwmo0000ro95qq4day18,قطعة,0,6,5,AMBIGUOUS_TECHNICAL_IDENTITY,,name+unit+quantity (REJECTED as identity),partNumber; manufacturer; specification; verified productId,"Appears on 5 machines as ""سخان خزان خلاط النكهة 2"" with a single consistent unit. Name, unit and quantity are display/usage attributes, not technical identity, so equivalence is unproven. Record preserved unchanged pending authoritative evidence."
MPP-000798,حساس سخان خزان خلاط النكهة 2,cmunlyzty002ulc95hg0pyswf,MCH_BR01_PF_MFG_01_05,cmum3jqh8001mf495zaankx05,cmum5dwmo0000ro95qq4day18,قطعة,0,6,5,AMBIGUOUS_TECHNICAL_IDENTITY,,name+unit+quantity (REJECTED as identity),partNumber; manufacturer; specification; verified productId,"Appears on 5 machines as ""حساس سخان خزان خلاط النكهة 2"" with a single consistent unit. Name, unit and quantity are display/usage attributes, not technical identity, so equivalence is unproven. Record preserved unchanged pending authoritative evidence."
MPP-000799,ساعة حرارة سخان خزان خلاط النكهة 2,cmunlyzty002ulc95hg0pyswf,MCH_BR01_PF_MFG_01_05,cmum3jqh8001mf495zaankx05,cmum5dwmo0000ro95qq4day18,قطعة,0,6,5,AMBIGUOUS_TECHNICAL_IDENTITY,,name+unit+quantity (REJECTED as identity),partNumber; manufacturer; specification; verified productId,"Appears on 5 machines as ""ساعة حرارة سخان خزان خلاط النكهة 2"" with a single consistent unit. Name, unit and quantity are display/usage attributes, not technical identity, so equivalence is unproven. Record preserved unchanged pending authoritative evidence."
MPP-000800,انفرتر محرك خلاط النكهة 2,cmunlyzty002ulc95hg0pyswf,MCH_BR01_PF_MFG_01_05,cmum3jqh8001mf495zaankx05,cmum5dwmo0000ro95qq4day18,قطعة,0,6,5,AMBIGUOUS_TECHNICAL_IDENTITY,,name+unit+quantity (REJECTED as identity),partNumber; manufacturer; specification; verified productId,"Appears on 5 machines as ""انفرتر محرك خلاط النكهة 2"" with a single consistent unit. Name, unit and quantity are display/usage attributes, not technical identity, so equivalence is unproven. Record preserved unchanged pending authoritative evidence."
MPP-000801,محرك المتنبل,cmunlyz43001ilc95leg5jobk,MCH_BR01_CH_MFG_02_07,cmum3jqh8001mf495zaankx05,cmum5dwmo0000ro95qq4day18,قطعة,0,9,8,AMBIGUOUS_TECHNICAL_IDENTITY,,name+unit+quantity (REJECTED as identity),partNumber; manufacturer; specification; verified productId,"Appears on 8 machines as ""محرك المتنبل"" with a single consistent unit. Name, unit and quantity are display/usage attributes, not technical identity, so equivalence is unproven. Record preserved unchanged pending authoritative evidence."
MPP-000802,بيرنجات محرك المتنبل,cmunlyz43001ilc95leg5jobk,MCH_BR01_CH_MFG_02_07,cmum3jqh8001mf495zaankx05,cmum5dwmo0000ro95qq4day18,قطعة,0,9,8,AMBIGUOUS_TECHNICAL_IDENTITY,,name+unit+quantity (REJECTED as identity),partNumber; manufacturer; specification; verified productId,"Appears on 8 machines as ""بيرنجات محرك المتنبل"" with a single consistent unit. Name, unit and quantity are display/usage attributes, not technical identity, so equivalence is unproven. Record preserved unchanged pending authoritative evidence."
MPP-000803,لمد محرك المتنبل,cmunlyz43001ilc95leg5jobk,MCH_BR01_CH_MFG_02_07,cmum3jqh8001mf495zaankx05,cmum5dwmo0000ro95qq4day18,قطعة,0,9,8,AMBIGUOUS_TECHNICAL_IDENTITY,,name+unit+quantity (REJECTED as identity),partNumber; manufacturer; specification; verified productId,"Appears on 8 machines as ""لمد محرك المتنبل"" with a single consistent unit. Name, unit and quantity are display/usage attributes, not technical identity, so equivalence is unproven. Record preserved unchanged pending authoritative evidence."
MPP-000804,جيربوكس محرك المتنبل,cmunlyz43001ilc95leg5jobk,MCH_BR01_CH_MFG_02_07,cmum3jqh8001mf495zaankx05,cmum5dwmo0000ro95qq4day18,قطعة,0,9,8,AMBIGUOUS_TECHNICAL_IDENTITY,,name+unit+quantity (REJECTED as identity),partNumber; manufacturer; specification; verified productId,"Appears on 8 machines as ""جيربوكس محرك المتنبل"" with a single consistent unit. Name, unit and quantity are display/usage attributes, not technical identity, so equivalence is unproven. Record preserved unchanged pending authoritative evidence."
MPP-000805,بيرنجات جيربوكس محرك المتنبل,cmunlyz43001ilc95leg5jobk,MCH_BR01_CH_MFG_02_07,cmum3jqh8001mf495zaankx05,cmum5dwmo0000ro95qq4day18,قطعة,0,9,8,AMBIGUOUS_TECHNICAL_IDENTITY,,name+unit+quantity (REJECTED as identity),partNumber; manufacturer; specification; verified productId,"Appears on 8 machines as ""بيرنجات جيربوكس محرك المتنبل"" with a single consistent unit. Name, unit and quantity are display/usage attributes, not technical identity, so equivalence is unproven. Record preserved unchanged pending authoritative evidence."
MPP-000806,لمد جيربوكس محرك المتنبل,cmunlyz43001ilc95leg5jobk,MCH_BR01_CH_MFG_02_07,cmum3jqh8001mf495zaankx05,cmum5dwmo0000ro95qq4day18,قطعة,0,9,8,AMBIGUOUS_TECHNICAL_IDENTITY,,name+unit+quantity (REJECTED as identity),partNumber; manufacturer; specification; verified productId,"Appears on 8 machines as ""لمد جيربوكس محرك المتنبل"" with a single consistent unit. Name, unit and quantity are display/usage attributes, not technical identity, so equivalence is unproven. Record preserved unchanged pending authoritative evidence."
MPP-000807,زيت جيربوكس محرك المتنبل,cmunlyz43001ilc95leg5jobk,MCH_BR01_CH_MFG_02_07,cmum3jqh8001mf495zaankx05,cmum5dwmo0000ro95qq4day18,قطعة,0,9,8,AMBIGUOUS_TECHNICAL_IDENTITY,,name+unit+quantity (REJECTED as identity),partNumber; manufacturer; specification; verified productId,"Appears on 8 machines as ""زيت جيربوكس محرك المتنبل"" with a single consistent unit. Name, unit and quantity are display/usage attributes, not technical identity, so equivalence is unproven. Record preserved unchanged pending authoritative evidence."
MPP-000808,ترس جيربوكس محرك المتنبل,cmunlyz43001ilc95leg5jobk,MCH_BR01_CH_MFG_02_07,cmum3jqh8001mf495zaankx05,cmum5dwmo0000ro95qq4day18,قطعة,0,9,8,AMBIGUOUS_TECHNICAL_IDENTITY,,name+unit+quantity (REJECTED as identity),partNumber; manufacturer; specification; verified productId,"Appears on 8 machines as ""ترس جيربوكس محرك المتنبل"" with a single consistent unit. Name, unit and quantity are display/usage attributes, not technical identity, so equivalence is unproven. Record preserved unchanged pending authoritative evidence."
MPP-000809,ترس عمود المتنبل,cmunlyz43001ilc95leg5jobk,MCH_BR01_CH_MFG_02_07,cmum3jqh8001mf495zaankx05,cmum5dwmo0000ro95qq4day18,قطعة,0,9,8,AMBIGUOUS_TECHNICAL_IDENTITY,,name+unit+quantity (REJECTED as identity),partNumber; manufacturer; specification; verified productId,"Appears on 8 machines as ""ترس عمود المتنبل"" with a single consistent unit. Name, unit and quantity are display/usage attributes, not technical identity, so equivalence is unproven. Record preserved unchanged pending authoritative evidence."
MPP-000810,بيرنجات عمود المتنبل,cmunlyz43001ilc95leg5jobk,MCH_BR01_CH_MFG_02_07,cmum3jqh8001mf495zaankx05,cmum5dwmo0000ro95qq4day18,قطعة,0,9,8,AMBIGUOUS_TECHNICAL_IDENTITY,,name+unit+quantity (REJECTED as identity),partNumber; manufacturer; specification; verified productId,"Appears on 8 machines as ""بيرنجات عمود المتنبل"" with a single consistent unit. Name, unit and quantity are display/usage attributes, not technical identity, so equivalence is unproven. Record preserved unchanged pending authoritative evidence."
MPP-000811,كفرات عمود المتنبل,cmunlyz43001ilc95leg5jobk,MCH_BR01_CH_MFG_02_07,cmum3jqh8001mf495zaankx05,cmum5dwmo0000ro95qq4day18,قطعة,0,9,8,AMBIGUOUS_TECHNICAL_IDENTITY,,name+unit+quantity (REJECTED as identity),partNumber; manufacturer; specification; verified productId,"Appears on 8 machines as ""كفرات عمود المتنبل"" with a single consistent unit. Name, unit and quantity are display/usage attributes, not technical identity, so equivalence is unproven. Record preserved unchanged pending authoritative evidence."
MPP-000812,سلسلة ترس جيربوكس محرك المتنبل,cmunlyz43001ilc95leg5jobk,MCH_BR01_CH_MFG_02_07,cmum3jqh8001mf495zaankx05,cmum5dwmo0000ro95qq4day18,قطعة,0,9,8,AMBIGUOUS_TECHNICAL_IDENTITY,,name+unit+quantity (REJECTED as identity),partNumber; manufacturer; specification; verified productId,"Appears on 8 machines as ""سلسلة ترس جيربوكس محرك المتنبل"" with a single consistent unit. Name, unit and quantity are display/usage attributes, not technical identity, so equivalence is unproven. Record preserved unchanged pending authoritative evidence."
MPP-000813,انفرتر محرك المتنبل,cmunlyz43001ilc95leg5jobk,MCH_BR01_CH_MFG_02_07,cmum3jqh8001mf495zaankx05,cmum5dwmo0000ro95qq4day18,قطعة,0,9,8,AMBIGUOUS_TECHNICAL_IDENTITY,,name+unit+quantity (REJECTED as identity),partNumber; manufacturer; specification; verified productId,"Appears on 8 machines as ""انفرتر محرك المتنبل"" with a single consistent unit. Name, unit and quantity are display/usage attributes, not technical identity, so equivalence is unproven. Record preserved unchanged pending authoritative evidence."
MPP-000814,محرك الرجاج,cmunlyzf60022lc95o9gs8472,MCH_BR01_CH_MFG_03_05,cmum3jqh8001mf495zaankx05,cmum5dwmo0000ro95qq4day18,قطعة,0,3,2,AMBIGUOUS_TECHNICAL_IDENTITY,,name+unit+quantity (REJECTED as identity),partNumber; manufacturer; specification; verified productId,"Appears on 2 machines as ""محرك الرجاج"" with a single consistent unit. Name, unit and quantity are display/usage attributes, not technical identity, so equivalence is unproven. Record preserved unchanged pending authoritative evidence."
MPP-000815,بيرنجات محرك الرجاج,cmunlyzf60022lc95o9gs8472,MCH_BR01_CH_MFG_03_05,cmum3jqh8001mf495zaankx05,cmum5dwmo0000ro95qq4day18,قطعة,0,3,2,AMBIGUOUS_TECHNICAL_IDENTITY,,name+unit+quantity (REJECTED as identity),partNumber; manufacturer; specification; verified productId,"Appears on 2 machines as ""بيرنجات محرك الرجاج"" with a single consistent unit. Name, unit and quantity are display/usage attributes, not technical identity, so equivalence is unproven. Record preserved unchanged pending authoritative evidence."
MPP-000816,لمد محرك الرجاج,cmunlyzf60022lc95o9gs8472,MCH_BR01_CH_MFG_03_05,cmum3jqh8001mf495zaankx05,cmum5dwmo0000ro95qq4day18,قطعة,0,3,2,AMBIGUOUS_TECHNICAL_IDENTITY,,name+unit+quantity (REJECTED as identity),partNumber; manufacturer; specification; verified productId,"Appears on 2 machines as ""لمد محرك الرجاج"" with a single consistent unit. Name, unit and quantity are display/usage attributes, not technical identity, so equivalence is unproven. Record preserved unchanged pending authoritative evidence."
MPP-000817,اسبرنجات الرجاج,cmunlyzf60022lc95o9gs8472,MCH_BR01_CH_MFG_03_05,cmum3jqh8001mf495zaankx05,cmum5dwmo0000ro95qq4day18,قطعة,0,3,2,AMBIGUOUS_TECHNICAL_IDENTITY,,name+unit+quantity (REJECTED as identity),partNumber; manufacturer; specification; verified productId,"Appears on 2 machines as ""اسبرنجات الرجاج"" with a single consistent unit. Name, unit and quantity are display/usage attributes, not technical identity, so equivalence is unproven. Record preserved unchanged pending authoritative evidence."
MPP-000818,محرك مغذي النكهة,cmunlyzhr0026lc953hy7h90s,MCH_BR01_CH_MFG_03_06,cmum3jqh8001mf495zaankx05,cmum5dwmo0000ro95qq4day18,قطعة,0,4,3,AMBIGUOUS_TECHNICAL_IDENTITY,,name+unit+quantity (REJECTED as identity),partNumber; manufacturer; specification; verified productId,"Appears on 3 machines as ""محرك مغذي النكهة"" with a single consistent unit. Name, unit and quantity are display/usage attributes, not technical identity, so equivalence is unproven. Record preserved unchanged pending authoritative evidence."
MPP-000819,بيرنجات محرك مغذي النكهة,cmunlyzhr0026lc953hy7h90s,MCH_BR01_CH_MFG_03_06,cmum3jqh8001mf495zaankx05,cmum5dwmo0000ro95qq4day18,قطعة,0,4,3,AMBIGUOUS_TECHNICAL_IDENTITY,,name+unit+quantity (REJECTED as identity),partNumber; manufacturer; specification; verified productId,"Appears on 3 machines as ""بيرنجات محرك مغذي النكهة"" with a single consistent unit. Name, unit and quantity are display/usage attributes, not technical identity, so equivalence is unproven. Record preserved unchanged pending authoritative evidence."
MPP-000820,لمد محرك مغذي النكهة,cmunlyzhr0026lc953hy7h90s,MCH_BR01_CH_MFG_03_06,cmum3jqh8001mf495zaankx05,cmum5dwmo0000ro95qq4day18,قطعة,0,4,3,AMBIGUOUS_TECHNICAL_IDENTITY,,name+unit+quantity (REJECTED as identity),partNumber; manufacturer; specification; verified productId,"Appears on 3 machines as ""لمد محرك مغذي النكهة"" with a single consistent unit. Name, unit and quantity are display/usage attributes, not technical identity, so equivalence is unproven. Record preserved unchanged pending authoritative evidence."
MPP-000821,جيربوكس محرك مغذي النكهة,cmunlyzhr0026lc953hy7h90s,MCH_BR01_CH_MFG_03_06,cmum3jqh8001mf495zaankx05,cmum5dwmo0000ro95qq4day18,قطعة,0,4,3,AMBIGUOUS_TECHNICAL_IDENTITY,,name+unit+quantity (REJECTED as identity),partNumber; manufacturer; specification; verified productId,"Appears on 3 machines as ""جيربوكس محرك مغذي النكهة"" with a single consistent unit. Name, unit and quantity are display/usage attributes, not technical identity, so equivalence is unproven. Record preserved unchanged pending authoritative evidence."
MPP-000822,بيرنجات جيربوكس محرك مغذي النكهة,cmunlyzhr0026lc953hy7h90s,MCH_BR01_CH_MFG_03_06,cmum3jqh8001mf495zaankx05,cmum5dwmo0000ro95qq4day18,قطعة,0,4,3,AMBIGUOUS_TECHNICAL_IDENTITY,,name+unit+quantity (REJECTED as identity),partNumber; manufacturer; specification; verified productId,"Appears on 3 machines as ""بيرنجات جيربوكس محرك مغذي النكهة"" with a single consistent unit. Name, unit and quantity are display/usage attributes, not technical identity, so equivalence is unproven. Record preserved unchanged pending authoritative evidence."
MPP-000823,لمد جيربوكس محرك مغذي النكهة,cmunlyzhr0026lc953hy7h90s,MCH_BR01_CH_MFG_03_06,cmum3jqh8001mf495zaankx05,cmum5dwmo0000ro95qq4day18,قطعة,0,4,3,AMBIGUOUS_TECHNICAL_IDENTITY,,name+unit+quantity (REJECTED as identity),partNumber; manufacturer; specification; verified productId,"Appears on 3 machines as ""لمد جيربوكس محرك مغذي النكهة"" with a single consistent unit. Name, unit and quantity are display/usage attributes, not technical identity, so equivalence is unproven. Record preserved unchanged pending authoritative evidence."
MPP-000824,زيت جيربوكس محرك مغذي النكهة,cmunlyzhr0026lc953hy7h90s,MCH_BR01_CH_MFG_03_06,cmum3jqh8001mf495zaankx05,cmum5dwmo0000ro95qq4day18,قطعة,0,4,3,AMBIGUOUS_TECHNICAL_IDENTITY,,name+unit+quantity (REJECTED as identity),partNumber; manufacturer; specification; verified productId,"Appears on 3 machines as ""زيت جيربوكس محرك مغذي النكهة"" with a single consistent unit. Name, unit and quantity are display/usage attributes, not technical identity, so equivalence is unproven. Record preserved unchanged pending authoritative evidence."
MPP-000825,بيرنجات عمود حلزون النكهة,cmunlyzhr0026lc953hy7h90s,MCH_BR01_CH_MFG_03_06,cmum3jqh8001mf495zaankx05,cmum5dwmo0000ro95qq4day18,قطعة,0,4,3,AMBIGUOUS_TECHNICAL_IDENTITY,,name+unit+quantity (REJECTED as identity),partNumber; manufacturer; specification; verified productId,"Appears on 3 machines as ""بيرنجات عمود حلزون النكهة"" with a single consistent unit. Name, unit and quantity are display/usage attributes, not technical identity, so equivalence is unproven. Record preserved unchanged pending authoritative evidence."
MPP-000826,حلزون مغذي النكهة,cmunlyzhr0026lc953hy7h90s,MCH_BR01_CH_MFG_03_06,cmum3jqh8001mf495zaankx05,cmum5dwmo0000ro95qq4day18,قطعة,0,4,3,AMBIGUOUS_TECHNICAL_IDENTITY,,name+unit+quantity (REJECTED as identity),partNumber; manufacturer; specification; verified productId,"Appears on 3 machines as ""حلزون مغذي النكهة"" with a single consistent unit. Name, unit and quantity are display/usage attributes, not technical identity, so equivalence is unproven. Record preserved unchanged pending authoritative evidence."
MPP-000827,انفرتر محرك مغذي النكهة,cmunlyzhr0026lc953hy7h90s,MCH_BR01_CH_MFG_03_06,cmum3jqh8001mf495zaankx05,cmum5dwmo0000ro95qq4day18,قطعة,0,4,3,AMBIGUOUS_TECHNICAL_IDENTITY,,name+unit+quantity (REJECTED as identity),partNumber; manufacturer; specification; verified productId,"Appears on 3 machines as ""انفرتر محرك مغذي النكهة"" with a single consistent unit. Name, unit and quantity are display/usage attributes, not technical identity, so equivalence is unproven. Record preserved unchanged pending authoritative evidence."
MPP-000828,محرك المتنبل,cmunlyzjo002alc95bd8t8t59,MCH_BR01_CH_MFG_03_07,cmum3jqh8001mf495zaankx05,cmum5dwmo0000ro95qq4day18,قطعة,0,9,8,AMBIGUOUS_TECHNICAL_IDENTITY,,name+unit+quantity (REJECTED as identity),partNumber; manufacturer; specification; verified productId,"Appears on 8 machines as ""محرك المتنبل"" with a single consistent unit. Name, unit and quantity are display/usage attributes, not technical identity, so equivalence is unproven. Record preserved unchanged pending authoritative evidence."
MPP-000829,بيرنجات محرك المتنبل,cmunlyzjo002alc95bd8t8t59,MCH_BR01_CH_MFG_03_07,cmum3jqh8001mf495zaankx05,cmum5dwmo0000ro95qq4day18,قطعة,0,9,8,AMBIGUOUS_TECHNICAL_IDENTITY,,name+unit+quantity (REJECTED as identity),partNumber; manufacturer; specification; verified productId,"Appears on 8 machines as ""بيرنجات محرك المتنبل"" with a single consistent unit. Name, unit and quantity are display/usage attributes, not technical identity, so equivalence is unproven. Record preserved unchanged pending authoritative evidence."
MPP-000830,لمد محرك المتنبل,cmunlyzjo002alc95bd8t8t59,MCH_BR01_CH_MFG_03_07,cmum3jqh8001mf495zaankx05,cmum5dwmo0000ro95qq4day18,قطعة,0,9,8,AMBIGUOUS_TECHNICAL_IDENTITY,,name+unit+quantity (REJECTED as identity),partNumber; manufacturer; specification; verified productId,"Appears on 8 machines as ""لمد محرك المتنبل"" with a single consistent unit. Name, unit and quantity are display/usage attributes, not technical identity, so equivalence is unproven. Record preserved unchanged pending authoritative evidence."
MPP-000831,جيربوكس محرك المتنبل,cmunlyzjo002alc95bd8t8t59,MCH_BR01_CH_MFG_03_07,cmum3jqh8001mf495zaankx05,cmum5dwmo0000ro95qq4day18,قطعة,0,9,8,AMBIGUOUS_TECHNICAL_IDENTITY,,name+unit+quantity (REJECTED as identity),partNumber; manufacturer; specification; verified productId,"Appears on 8 machines as ""جيربوكس محرك المتنبل"" with a single consistent unit. Name, unit and quantity are display/usage attributes, not technical identity, so equivalence is unproven. Record preserved unchanged pending authoritative evidence."
MPP-000832,بيرنجات جيربوكس محرك المتنبل,cmunlyzjo002alc95bd8t8t59,MCH_BR01_CH_MFG_03_07,cmum3jqh8001mf495zaankx05,cmum5dwmo0000ro95qq4day18,قطعة,0,9,8,AMBIGUOUS_TECHNICAL_IDENTITY,,name+unit+quantity (REJECTED as identity),partNumber; manufacturer; specification; verified productId,"Appears on 8 machines as ""بيرنجات جيربوكس محرك المتنبل"" with a single consistent unit. Name, unit and quantity are display/usage attributes, not technical identity, so equivalence is unproven. Record preserved unchanged pending authoritative evidence."
MPP-000833,لمد جيربوكس محرك المتنبل,cmunlyzjo002alc95bd8t8t59,MCH_BR01_CH_MFG_03_07,cmum3jqh8001mf495zaankx05,cmum5dwmo0000ro95qq4day18,قطعة,0,9,8,AMBIGUOUS_TECHNICAL_IDENTITY,,name+unit+quantity (REJECTED as identity),partNumber; manufacturer; specification; verified productId,"Appears on 8 machines as ""لمد جيربوكس محرك المتنبل"" with a single consistent unit. Name, unit and quantity are display/usage attributes, not technical identity, so equivalence is unproven. Record preserved unchanged pending authoritative evidence."
MPP-000834,زيت جيربوكس محرك المتنبل,cmunlyzjo002alc95bd8t8t59,MCH_BR01_CH_MFG_03_07,cmum3jqh8001mf495zaankx05,cmum5dwmo0000ro95qq4day18,قطعة,0,9,8,AMBIGUOUS_TECHNICAL_IDENTITY,,name+unit+quantity (REJECTED as identity),partNumber; manufacturer; specification; verified productId,"Appears on 8 machines as ""زيت جيربوكس محرك المتنبل"" with a single consistent unit. Name, unit and quantity are display/usage attributes, not technical identity, so equivalence is unproven. Record preserved unchanged pending authoritative evidence."
MPP-000835,ترس جيربوكس محرك المتنبل,cmunlyzjo002alc95bd8t8t59,MCH_BR01_CH_MFG_03_07,cmum3jqh8001mf495zaankx05,cmum5dwmo0000ro95qq4day18,قطعة,0,9,8,AMBIGUOUS_TECHNICAL_IDENTITY,,name+unit+quantity (REJECTED as identity),partNumber; manufacturer; specification; verified productId,"Appears on 8 machines as ""ترس جيربوكس محرك المتنبل"" with a single consistent unit. Name, unit and quantity are display/usage attributes, not technical identity, so equivalence is unproven. Record preserved unchanged pending authoritative evidence."
MPP-000836,ترس عمود المتنبل,cmunlyzjo002alc95bd8t8t59,MCH_BR01_CH_MFG_03_07,cmum3jqh8001mf495zaankx05,cmum5dwmo0000ro95qq4day18,قطعة,0,9,8,AMBIGUOUS_TECHNICAL_IDENTITY,,name+unit+quantity (REJECTED as identity),partNumber; manufacturer; specification; verified productId,"Appears on 8 machines as ""ترس عمود المتنبل"" with a single consistent unit. Name, unit and quantity are display/usage attributes, not technical identity, so equivalence is unproven. Record preserved unchanged pending authoritative evidence."
MPP-000837,بيرنجات عمود المتنبل,cmunlyzjo002alc95bd8t8t59,MCH_BR01_CH_MFG_03_07,cmum3jqh8001mf495zaankx05,cmum5dwmo0000ro95qq4day18,قطعة,0,9,8,AMBIGUOUS_TECHNICAL_IDENTITY,,name+unit+quantity (REJECTED as identity),partNumber; manufacturer; specification; verified productId,"Appears on 8 machines as ""بيرنجات عمود المتنبل"" with a single consistent unit. Name, unit and quantity are display/usage attributes, not technical identity, so equivalence is unproven. Record preserved unchanged pending authoritative evidence."
MPP-000838,كفرات عمود المتنبل,cmunlyzjo002alc95bd8t8t59,MCH_BR01_CH_MFG_03_07,cmum3jqh8001mf495zaankx05,cmum5dwmo0000ro95qq4day18,قطعة,0,9,8,AMBIGUOUS_TECHNICAL_IDENTITY,,name+unit+quantity (REJECTED as identity),partNumber; manufacturer; specification; verified productId,"Appears on 8 machines as ""كفرات عمود المتنبل"" with a single consistent unit. Name, unit and quantity are display/usage attributes, not technical identity, so equivalence is unproven. Record preserved unchanged pending authoritative evidence."
MPP-000839,سلسلة ترس جيربوكس محرك المتنبل,cmunlyzjo002alc95bd8t8t59,MCH_BR01_CH_MFG_03_07,cmum3jqh8001mf495zaankx05,cmum5dwmo0000ro95qq4day18,قطعة,0,9,8,AMBIGUOUS_TECHNICAL_IDENTITY,,name+unit+quantity (REJECTED as identity),partNumber; manufacturer; specification; verified productId,"Appears on 8 machines as ""سلسلة ترس جيربوكس محرك المتنبل"" with a single consistent unit. Name, unit and quantity are display/usage attributes, not technical identity, so equivalence is unproven. Record preserved unchanged pending authoritative evidence."
MPP-000840,انفرتر محرك المتنبل,cmunlyzjo002alc95bd8t8t59,MCH_BR01_CH_MFG_03_07,cmum3jqh8001mf495zaankx05,cmum5dwmo0000ro95qq4day18,قطعة,0,9,8,AMBIGUOUS_TECHNICAL_IDENTITY,,name+unit+quantity (REJECTED as identity),partNumber; manufacturer; specification; verified productId,"Appears on 8 machines as ""انفرتر محرك المتنبل"" with a single consistent unit. Name, unit and quantity are display/usage attributes, not technical identity, so equivalence is unproven. Record preserved unchanged pending authoritative evidence."
MPP-000841,محرك الرجاج,cmunlyyzn001alc954l5zu3p2,MCH_BR01_CH_MFG_02_05,cmum3jqh8001mf495zaankx05,cmum5dwmo0000ro95qq4day18,قطعة,0,3,2,AMBIGUOUS_TECHNICAL_IDENTITY,,name+unit+quantity (REJECTED as identity),partNumber; manufacturer; specification; verified productId,"Appears on 2 machines as ""محرك الرجاج"" with a single consistent unit. Name, unit and quantity are display/usage attributes, not technical identity, so equivalence is unproven. Record preserved unchanged pending authoritative evidence."
MPP-000842,بيرنجات محرك الرجاج,cmunlyyzn001alc954l5zu3p2,MCH_BR01_CH_MFG_02_05,cmum3jqh8001mf495zaankx05,cmum5dwmo0000ro95qq4day18,قطعة,0,3,2,AMBIGUOUS_TECHNICAL_IDENTITY,,name+unit+quantity (REJECTED as identity),partNumber; manufacturer; specification; verified productId,"Appears on 2 machines as ""بيرنجات محرك الرجاج"" with a single consistent unit. Name, unit and quantity are display/usage attributes, not technical identity, so equivalence is unproven. Record preserved unchanged pending authoritative evidence."
MPP-000843,لمد محرك الرجاج,cmunlyyzn001alc954l5zu3p2,MCH_BR01_CH_MFG_02_05,cmum3jqh8001mf495zaankx05,cmum5dwmo0000ro95qq4day18,قطعة,0,3,2,AMBIGUOUS_TECHNICAL_IDENTITY,,name+unit+quantity (REJECTED as identity),partNumber; manufacturer; specification; verified productId,"Appears on 2 machines as ""لمد محرك الرجاج"" with a single consistent unit. Name, unit and quantity are display/usage attributes, not technical identity, so equivalence is unproven. Record preserved unchanged pending authoritative evidence."
MPP-000844,اسبرنجات الرجاج,cmunlyyzn001alc954l5zu3p2,MCH_BR01_CH_MFG_02_05,cmum3jqh8001mf495zaankx05,cmum5dwmo0000ro95qq4day18,قطعة,0,3,2,AMBIGUOUS_TECHNICAL_IDENTITY,,name+unit+quantity (REJECTED as identity),partNumber; manufacturer; specification; verified productId,"Appears on 2 machines as ""اسبرنجات الرجاج"" with a single consistent unit. Name, unit and quantity are display/usage attributes, not technical identity, so equivalence is unproven. Record preserved unchanged pending authoritative evidence."
MPP-000845,محرك مغذي النكهة,cmunlyykc000mlc95p6wt64mw,MCH_BR01_CH_MFG_01_06,cmum3jqh8001mf495zaankx05,cmum5dwmo0000ro95qq4day18,قطعة,0,4,3,AMBIGUOUS_TECHNICAL_IDENTITY,,name+unit+quantity (REJECTED as identity),partNumber; manufacturer; specification; verified productId,"Appears on 3 machines as ""محرك مغذي النكهة"" with a single consistent unit. Name, unit and quantity are display/usage attributes, not technical identity, so equivalence is unproven. Record preserved unchanged pending authoritative evidence."
MPP-000846,بيرنجات محرك مغذي النكهة,cmunlyykc000mlc95p6wt64mw,MCH_BR01_CH_MFG_01_06,cmum3jqh8001mf495zaankx05,cmum5dwmo0000ro95qq4day18,قطعة,0,4,3,AMBIGUOUS_TECHNICAL_IDENTITY,,name+unit+quantity (REJECTED as identity),partNumber; manufacturer; specification; verified productId,"Appears on 3 machines as ""بيرنجات محرك مغذي النكهة"" with a single consistent unit. Name, unit and quantity are display/usage attributes, not technical identity, so equivalence is unproven. Record preserved unchanged pending authoritative evidence."
MPP-000847,لمد محرك مغذي النكهة,cmunlyykc000mlc95p6wt64mw,MCH_BR01_CH_MFG_01_06,cmum3jqh8001mf495zaankx05,cmum5dwmo0000ro95qq4day18,قطعة,0,4,3,AMBIGUOUS_TECHNICAL_IDENTITY,,name+unit+quantity (REJECTED as identity),partNumber; manufacturer; specification; verified productId,"Appears on 3 machines as ""لمد محرك مغذي النكهة"" with a single consistent unit. Name, unit and quantity are display/usage attributes, not technical identity, so equivalence is unproven. Record preserved unchanged pending authoritative evidence."
MPP-000848,جيربوكس محرك مغذي النكهة,cmunlyykc000mlc95p6wt64mw,MCH_BR01_CH_MFG_01_06,cmum3jqh8001mf495zaankx05,cmum5dwmo0000ro95qq4day18,قطعة,0,4,3,AMBIGUOUS_TECHNICAL_IDENTITY,,name+unit+quantity (REJECTED as identity),partNumber; manufacturer; specification; verified productId,"Appears on 3 machines as ""جيربوكس محرك مغذي النكهة"" with a single consistent unit. Name, unit and quantity are display/usage attributes, not technical identity, so equivalence is unproven. Record preserved unchanged pending authoritative evidence."
MPP-000849,بيرنجات جيربوكس محرك مغذي النكهة,cmunlyykc000mlc95p6wt64mw,MCH_BR01_CH_MFG_01_06,cmum3jqh8001mf495zaankx05,cmum5dwmo0000ro95qq4day18,قطعة,0,4,3,AMBIGUOUS_TECHNICAL_IDENTITY,,name+unit+quantity (REJECTED as identity),partNumber; manufacturer; specification; verified productId,"Appears on 3 machines as ""بيرنجات جيربوكس محرك مغذي النكهة"" with a single consistent unit. Name, unit and quantity are display/usage attributes, not technical identity, so equivalence is unproven. Record preserved unchanged pending authoritative evidence."
MPP-000850,لمد جيربوكس محرك مغذي النكهة,cmunlyykc000mlc95p6wt64mw,MCH_BR01_CH_MFG_01_06,cmum3jqh8001mf495zaankx05,cmum5dwmo0000ro95qq4day18,قطعة,0,4,3,AMBIGUOUS_TECHNICAL_IDENTITY,,name+unit+quantity (REJECTED as identity),partNumber; manufacturer; specification; verified productId,"Appears on 3 machines as ""لمد جيربوكس محرك مغذي النكهة"" with a single consistent unit. Name, unit and quantity are display/usage attributes, not technical identity, so equivalence is unproven. Record preserved unchanged pending authoritative evidence."
MPP-000851,زيت جيربوكس محرك مغذي النكهة,cmunlyykc000mlc95p6wt64mw,MCH_BR01_CH_MFG_01_06,cmum3jqh8001mf495zaankx05,cmum5dwmo0000ro95qq4day18,قطعة,0,4,3,AMBIGUOUS_TECHNICAL_IDENTITY,,name+unit+quantity (REJECTED as identity),partNumber; manufacturer; specification; verified productId,"Appears on 3 machines as ""زيت جيربوكس محرك مغذي النكهة"" with a single consistent unit. Name, unit and quantity are display/usage attributes, not technical identity, so equivalence is unproven. Record preserved unchanged pending authoritative evidence."
MPP-000852,بيرنجات عمود حلزون النكهة,cmunlyykc000mlc95p6wt64mw,MCH_BR01_CH_MFG_01_06,cmum3jqh8001mf495zaankx05,cmum5dwmo0000ro95qq4day18,قطعة,0,4,3,AMBIGUOUS_TECHNICAL_IDENTITY,,name+unit+quantity (REJECTED as identity),partNumber; manufacturer; specification; verified productId,"Appears on 3 machines as ""بيرنجات عمود حلزون النكهة"" with a single consistent unit. Name, unit and quantity are display/usage attributes, not technical identity, so equivalence is unproven. Record preserved unchanged pending authoritative evidence."
MPP-000853,حلزون مغذي النكهة,cmunlyykc000mlc95p6wt64mw,MCH_BR01_CH_MFG_01_06,cmum3jqh8001mf495zaankx05,cmum5dwmo0000ro95qq4day18,قطعة,0,4,3,AMBIGUOUS_TECHNICAL_IDENTITY,,name+unit+quantity (REJECTED as identity),partNumber; manufacturer; specification; verified productId,"Appears on 3 machines as ""حلزون مغذي النكهة"" with a single consistent unit. Name, unit and quantity are display/usage attributes, not technical identity, so equivalence is unproven. Record preserved unchanged pending authoritative evidence."
MPP-000854,انفرتر محرك مغذي النكهة,cmunlyykc000mlc95p6wt64mw,MCH_BR01_CH_MFG_01_06,cmum3jqh8001mf495zaankx05,cmum5dwmo0000ro95qq4day18,قطعة,0,4,3,AMBIGUOUS_TECHNICAL_IDENTITY,,name+unit+quantity (REJECTED as identity),partNumber; manufacturer; specification; verified productId,"Appears on 3 machines as ""انفرتر محرك مغذي النكهة"" with a single consistent unit. Name, unit and quantity are display/usage attributes, not technical identity, so equivalence is unproven. Record preserved unchanged pending authoritative evidence."
MPP-000855,محرك المتنبل,cmunlyzvu002ylc95so7bk9il,MCH_BR01_PF_MFG_01_06,cmum3jqh8001mf495zaankx05,cmum5dwmo0000ro95qq4day18,قطعة,0,9,8,AMBIGUOUS_TECHNICAL_IDENTITY,,name+unit+quantity (REJECTED as identity),partNumber; manufacturer; specification; verified productId,"Appears on 8 machines as ""محرك المتنبل"" with a single consistent unit. Name, unit and quantity are display/usage attributes, not technical identity, so equivalence is unproven. Record preserved unchanged pending authoritative evidence."
MPP-000856,بيرنجات محرك المتنبل,cmunlyzvu002ylc95so7bk9il,MCH_BR01_PF_MFG_01_06,cmum3jqh8001mf495zaankx05,cmum5dwmo0000ro95qq4day18,قطعة,0,9,8,AMBIGUOUS_TECHNICAL_IDENTITY,,name+unit+quantity (REJECTED as identity),partNumber; manufacturer; specification; verified productId,"Appears on 8 machines as ""بيرنجات محرك المتنبل"" with a single consistent unit. Name, unit and quantity are display/usage attributes, not technical identity, so equivalence is unproven. Record preserved unchanged pending authoritative evidence."
MPP-000857,لمد محرك المتنبل,cmunlyzvu002ylc95so7bk9il,MCH_BR01_PF_MFG_01_06,cmum3jqh8001mf495zaankx05,cmum5dwmo0000ro95qq4day18,قطعة,0,9,8,AMBIGUOUS_TECHNICAL_IDENTITY,,name+unit+quantity (REJECTED as identity),partNumber; manufacturer; specification; verified productId,"Appears on 8 machines as ""لمد محرك المتنبل"" with a single consistent unit. Name, unit and quantity are display/usage attributes, not technical identity, so equivalence is unproven. Record preserved unchanged pending authoritative evidence."
MPP-000858,جيربوكس محرك المتنبل,cmunlyzvu002ylc95so7bk9il,MCH_BR01_PF_MFG_01_06,cmum3jqh8001mf495zaankx05,cmum5dwmo0000ro95qq4day18,قطعة,0,9,8,AMBIGUOUS_TECHNICAL_IDENTITY,,name+unit+quantity (REJECTED as identity),partNumber; manufacturer; specification; verified productId,"Appears on 8 machines as ""جيربوكس محرك المتنبل"" with a single consistent unit. Name, unit and quantity are display/usage attributes, not technical identity, so equivalence is unproven. Record preserved unchanged pending authoritative evidence."
MPP-000859,بيرنجات جيربوكس محرك المتنبل,cmunlyzvu002ylc95so7bk9il,MCH_BR01_PF_MFG_01_06,cmum3jqh8001mf495zaankx05,cmum5dwmo0000ro95qq4day18,قطعة,0,9,8,AMBIGUOUS_TECHNICAL_IDENTITY,,name+unit+quantity (REJECTED as identity),partNumber; manufacturer; specification; verified productId,"Appears on 8 machines as ""بيرنجات جيربوكس محرك المتنبل"" with a single consistent unit. Name, unit and quantity are display/usage attributes, not technical identity, so equivalence is unproven. Record preserved unchanged pending authoritative evidence."
MPP-000860,لمد جيربوكس محرك المتنبل,cmunlyzvu002ylc95so7bk9il,MCH_BR01_PF_MFG_01_06,cmum3jqh8001mf495zaankx05,cmum5dwmo0000ro95qq4day18,قطعة,0,9,8,AMBIGUOUS_TECHNICAL_IDENTITY,,name+unit+quantity (REJECTED as identity),partNumber; manufacturer; specification; verified productId,"Appears on 8 machines as ""لمد جيربوكس محرك المتنبل"" with a single consistent unit. Name, unit and quantity are display/usage attributes, not technical identity, so equivalence is unproven. Record preserved unchanged pending authoritative evidence."
MPP-000861,زيت جيربوكس محرك المتنبل,cmunlyzvu002ylc95so7bk9il,MCH_BR01_PF_MFG_01_06,cmum3jqh8001mf495zaankx05,cmum5dwmo0000ro95qq4day18,قطعة,0,9,8,AMBIGUOUS_TECHNICAL_IDENTITY,,name+unit+quantity (REJECTED as identity),partNumber; manufacturer; specification; verified productId,"Appears on 8 machines as ""زيت جيربوكس محرك المتنبل"" with a single consistent unit. Name, unit and quantity are display/usage attributes, not technical identity, so equivalence is unproven. Record preserved unchanged pending authoritative evidence."
MPP-000862,ترس جيربوكس محرك المتنبل,cmunlyzvu002ylc95so7bk9il,MCH_BR01_PF_MFG_01_06,cmum3jqh8001mf495zaankx05,cmum5dwmo0000ro95qq4day18,قطعة,0,9,8,AMBIGUOUS_TECHNICAL_IDENTITY,,name+unit+quantity (REJECTED as identity),partNumber; manufacturer; specification; verified productId,"Appears on 8 machines as ""ترس جيربوكس محرك المتنبل"" with a single consistent unit. Name, unit and quantity are display/usage attributes, not technical identity, so equivalence is unproven. Record preserved unchanged pending authoritative evidence."
MPP-000863,ترس عمود المتنبل,cmunlyzvu002ylc95so7bk9il,MCH_BR01_PF_MFG_01_06,cmum3jqh8001mf495zaankx05,cmum5dwmo0000ro95qq4day18,قطعة,0,9,8,AMBIGUOUS_TECHNICAL_IDENTITY,,name+unit+quantity (REJECTED as identity),partNumber; manufacturer; specification; verified productId,"Appears on 8 machines as ""ترس عمود المتنبل"" with a single consistent unit. Name, unit and quantity are display/usage attributes, not technical identity, so equivalence is unproven. Record preserved unchanged pending authoritative evidence."
MPP-000864,بيرنجات عمود المتنبل,cmunlyzvu002ylc95so7bk9il,MCH_BR01_PF_MFG_01_06,cmum3jqh8001mf495zaankx05,cmum5dwmo0000ro95qq4day18,قطعة,0,9,8,AMBIGUOUS_TECHNICAL_IDENTITY,,name+unit+quantity (REJECTED as identity),partNumber; manufacturer; specification; verified productId,"Appears on 8 machines as ""بيرنجات عمود المتنبل"" with a single consistent unit. Name, unit and quantity are display/usage attributes, not technical identity, so equivalence is unproven. Record preserved unchanged pending authoritative evidence."
MPP-000865,كفرات عمود المتنبل,cmunlyzvu002ylc95so7bk9il,MCH_BR01_PF_MFG_01_06,cmum3jqh8001mf495zaankx05,cmum5dwmo0000ro95qq4day18,قطعة,0,9,8,AMBIGUOUS_TECHNICAL_IDENTITY,,name+unit+quantity (REJECTED as identity),partNumber; manufacturer; specification; verified productId,"Appears on 8 machines as ""كفرات عمود المتنبل"" with a single consistent unit. Name, unit and quantity are display/usage attributes, not technical identity, so equivalence is unproven. Record preserved unchanged pending authoritative evidence."
MPP-000866,سلسلة ترس جيربوكس محرك المتنبل,cmunlyzvu002ylc95so7bk9il,MCH_BR01_PF_MFG_01_06,cmum3jqh8001mf495zaankx05,cmum5dwmo0000ro95qq4day18,قطعة,0,9,8,AMBIGUOUS_TECHNICAL_IDENTITY,,name+unit+quantity (REJECTED as identity),partNumber; manufacturer; specification; verified productId,"Appears on 8 machines as ""سلسلة ترس جيربوكس محرك المتنبل"" with a single consistent unit. Name, unit and quantity are display/usage attributes, not technical identity, so equivalence is unproven. Record preserved unchanged pending authoritative evidence."
MPP-000867,انفرتر محرك المتنبل,cmunlyzvu002ylc95so7bk9il,MCH_BR01_PF_MFG_01_06,cmum3jqh8001mf495zaankx05,cmum5dwmo0000ro95qq4day18,قطعة,0,9,8,AMBIGUOUS_TECHNICAL_IDENTITY,,name+unit+quantity (REJECTED as identity),partNumber; manufacturer; specification; verified productId,"Appears on 8 machines as ""انفرتر محرك المتنبل"" with a single consistent unit. Name, unit and quantity are display/usage attributes, not technical identity, so equivalence is unproven. Record preserved unchanged pending authoritative evidence."
MPP-000868,ريلي تشغيل الغلافة,cmunlz2q00092lc95jzhh94fw,MCH_BR01_CH_GH_01,cmum3jqh8001mf495zaankx05,cmum5dwmo0000ro95qq4day18,قطعة,0,1,1,INSUFFICIENT_SOURCE_EVIDENCE,,,partNumber; manufacturer; specification; verified productId,"Unique name on this machine; machine_parts carries no technical identity columns, so no equivalence can be evaluated. Record preserved unchanged."
MPP-000869,جهاز سبيد كنترول,cmunlz2q00092lc95jzhh94fw,MCH_BR01_CH_GH_01,cmum3jqh8001mf495zaankx05,cmum5dwmo0000ro95qq4day18,قطعة,0,1,1,INSUFFICIENT_SOURCE_EVIDENCE,,,partNumber; manufacturer; specification; verified productId,"Unique name on this machine; machine_parts carries no technical identity columns, so no equivalence can be evaluated. Record preserved unchanged."
MPP-000870,لمبات بيان,cmunlz2q00092lc95jzhh94fw,MCH_BR01_CH_GH_01,cmum3jqh8001mf495zaankx05,cmum5dwmo0000ro95qq4day18,قطعة,0,1,1,INSUFFICIENT_SOURCE_EVIDENCE,,,partNumber; manufacturer; specification; verified productId,"Unique name on this machine; machine_parts carries no technical identity columns, so no equivalence can be evaluated. Record preserved unchanged."
MPP-000871,المقاومة المتغيرة,cmunlz2q00092lc95jzhh94fw,MCH_BR01_CH_GH_01,cmum3jqh8001mf495zaankx05,cmum5dwmo0000ro95qq4day18,قطعة,0,1,1,INSUFFICIENT_SOURCE_EVIDENCE,,,partNumber; manufacturer; specification; verified productId,"Unique name on this machine; machine_parts carries no technical identity columns, so no equivalence can be evaluated. Record preserved unchanged."
MPP-000872,ريلي محرك يمين شمال,cmunlz2q00092lc95jzhh94fw,MCH_BR01_CH_GH_01,cmum3jqh8001mf495zaankx05,cmum5dwmo0000ro95qq4day18,قطعة,0,1,1,INSUFFICIENT_SOURCE_EVIDENCE,,,partNumber; manufacturer; specification; verified productId,"Unique name on this machine; machine_parts carries no technical identity columns, so no equivalence can be evaluated. Record preserved unchanged."
MPP-000873,الشاشة,cmunlz2q00092lc95jzhh94fw,MCH_BR01_CH_GH_01,cmum3jqh8001mf495zaankx05,cmum5dwmo0000ro95qq4day18,قطعة,0,1,1,INSUFFICIENT_SOURCE_EVIDENCE,,,partNumber; manufacturer; specification; verified productId,"Unique name on this machine; machine_parts carries no technical identity columns, so no equivalence can be evaluated. Record preserved unchanged."
MPP-000874,بور سبلاي,cmunlz2q00092lc95jzhh94fw,MCH_BR01_CH_GH_01,cmum3jqh8001mf495zaankx05,cmum5dwmo0000ro95qq4day18,قطعة,0,1,1,INSUFFICIENT_SOURCE_EVIDENCE,,,partNumber; manufacturer; specification; verified productId,"Unique name on this machine; machine_parts carries no technical identity columns, so no equivalence can be evaluated. Record preserved unchanged."
MPP-000875,مفتاح التشغيل والإيقاف,cmunlz2q00092lc95jzhh94fw,MCH_BR01_CH_GH_01,cmum3jqh8001mf495zaankx05,cmum5dwmo0000ro95qq4day18,قطعة,0,1,1,INSUFFICIENT_SOURCE_EVIDENCE,,,partNumber; manufacturer; specification; verified productId,"Unique name on this machine; machine_parts carries no technical identity columns, so no equivalence can be evaluated. Record preserved unchanged."
MPP-000876,مفتاح الطوارئ,cmunlz2q00092lc95jzhh94fw,MCH_BR01_CH_GH_01,cmum3jqh8001mf495zaankx05,cmum5dwmo0000ro95qq4day18,قطعة,0,1,1,INSUFFICIENT_SOURCE_EVIDENCE,,,partNumber; manufacturer; specification; verified productId,"Unique name on this machine; machine_parts carries no technical identity columns, so no equivalence can be evaluated. Record preserved unchanged."
MPP-000877,حساس الباب الزجاجي 1,cmunlz2q00092lc95jzhh94fw,MCH_BR01_CH_GH_01,cmum3jqh8001mf495zaankx05,cmum5dwmo0000ro95qq4day18,قطعة,0,1,1,INSUFFICIENT_SOURCE_EVIDENCE,,,partNumber; manufacturer; specification; verified productId,"Unique name on this machine; machine_parts carries no technical identity columns, so no equivalence can be evaluated. Record preserved unchanged."
MPP-000878,حساس الباب الزجاجي 2,cmunlz2q00092lc95jzhh94fw,MCH_BR01_CH_GH_01,cmum3jqh8001mf495zaankx05,cmum5dwmo0000ro95qq4day18,قطعة,0,1,1,INSUFFICIENT_SOURCE_EVIDENCE,,,partNumber; manufacturer; specification; verified productId,"Unique name on this machine; machine_parts carries no technical identity columns, so no equivalence can be evaluated. Record preserved unchanged."
MPP-000879,PLC,cmunlz2q00092lc95jzhh94fw,MCH_BR01_CH_GH_01,cmum3jqh8001mf495zaankx05,cmum5dwmo0000ro95qq4day18,قطعة,0,1,1,INSUFFICIENT_SOURCE_EVIDENCE,,,partNumber; manufacturer; specification; verified productId,"Unique name on this machine; machine_parts carries no technical identity columns, so no equivalence can be evaluated. Record preserved unchanged."
MPP-000880,المحول,cmunlz2q00092lc95jzhh94fw,MCH_BR01_CH_GH_01,cmum3jqh8001mf495zaankx05,cmum5dwmo0000ro95qq4day18,قطعة,0,1,1,INSUFFICIENT_SOURCE_EVIDENCE,,,partNumber; manufacturer; specification; verified productId,"Unique name on this machine; machine_parts carries no technical identity columns, so no equivalence can be evaluated. Record preserved unchanged."
MPP-000881,مروحة التبريد,cmunlz2q00092lc95jzhh94fw,MCH_BR01_CH_GH_01,cmum3jqh8001mf495zaankx05,cmum5dwmo0000ro95qq4day18,قطعة,0,1,1,INSUFFICIENT_SOURCE_EVIDENCE,,,partNumber; manufacturer; specification; verified productId,"Unique name on this machine; machine_parts carries no technical identity columns, so no equivalence can be evaluated. Record preserved unchanged."
MPP-000882,محرك الرول,cmunlz2q00092lc95jzhh94fw,MCH_BR01_CH_GH_01,cmum3jqh8001mf495zaankx05,cmum5dwmo0000ro95qq4day18,قطعة,0,1,1,INSUFFICIENT_SOURCE_EVIDENCE,,,partNumber; manufacturer; specification; verified productId,"Unique name on this machine; machine_parts carries no technical identity columns, so no equivalence can be evaluated. Record preserved unchanged."
MPP-000883,بيرنجات محرك الرول,cmunlz2q00092lc95jzhh94fw,MCH_BR01_CH_GH_01,cmum3jqh8001mf495zaankx05,cmum5dwmo0000ro95qq4day18,قطعة,0,1,1,INSUFFICIENT_SOURCE_EVIDENCE,,,partNumber; manufacturer; specification; verified productId,"Unique name on this machine; machine_parts carries no technical identity columns, so no equivalence can be evaluated. Record preserved unchanged."
MPP-000884,جيربوكس محرك الرول,cmunlz2q00092lc95jzhh94fw,MCH_BR01_CH_GH_01,cmum3jqh8001mf495zaankx05,cmum5dwmo0000ro95qq4day18,قطعة,0,1,1,INSUFFICIENT_SOURCE_EVIDENCE,,,partNumber; manufacturer; specification; verified productId,"Unique name on this machine; machine_parts carries no technical identity columns, so no equivalence can be evaluated. Record preserved unchanged."
MPP-000885,بيرنجات جيربوكس محرك الرول,cmunlz2q00092lc95jzhh94fw,MCH_BR01_CH_GH_01,cmum3jqh8001mf495zaankx05,cmum5dwmo0000ro95qq4day18,قطعة,0,1,1,INSUFFICIENT_SOURCE_EVIDENCE,,,partNumber; manufacturer; specification; verified productId,"Unique name on this machine; machine_parts carries no technical identity columns, so no equivalence can be evaluated. Record preserved unchanged."
MPP-000886,لمد جيربوكس محرك الرول,cmunlz2q00092lc95jzhh94fw,MCH_BR01_CH_GH_01,cmum3jqh8001mf495zaankx05,cmum5dwmo0000ro95qq4day18,قطعة,0,1,1,INSUFFICIENT_SOURCE_EVIDENCE,,,partNumber; manufacturer; specification; verified productId,"Unique name on this machine; machine_parts carries no technical identity columns, so no equivalence can be evaluated. Record preserved unchanged."
MPP-000887,زيت جيربوكس محرك الرول,cmunlz2q00092lc95jzhh94fw,MCH_BR01_CH_GH_01,cmum3jqh8001mf495zaankx05,cmum5dwmo0000ro95qq4day18,قطعة,0,1,1,INSUFFICIENT_SOURCE_EVIDENCE,,,partNumber; manufacturer; specification; verified productId,"Unique name on this machine; machine_parts carries no technical identity columns, so no equivalence can be evaluated. Record preserved unchanged."
MPP-000888,مكرة محرك الرول,cmunlz2q00092lc95jzhh94fw,MCH_BR01_CH_GH_01,cmum3jqh8001mf495zaankx05,cmum5dwmo0000ro95qq4day18,قطعة,0,1,1,INSUFFICIENT_SOURCE_EVIDENCE,,,partNumber; manufacturer; specification; verified productId,"Unique name on this machine; machine_parts carries no technical identity columns, so no equivalence can be evaluated. Record preserved unchanged."
MPP-000889,عمود الرول,cmunlz2q00092lc95jzhh94fw,MCH_BR01_CH_GH_01,cmum3jqh8001mf495zaankx05,cmum5dwmo0000ro95qq4day18,قطعة,0,1,1,INSUFFICIENT_SOURCE_EVIDENCE,,,partNumber; manufacturer; specification; verified productId,"Unique name on this machine; machine_parts carries no technical identity columns, so no equivalence can be evaluated. Record preserved unchanged."
MPP-000890,بيرنج عمود الرول,cmunlz2q00092lc95jzhh94fw,MCH_BR01_CH_GH_01,cmum3jqh8001mf495zaankx05,cmum5dwmo0000ro95qq4day18,قطعة,0,1,1,INSUFFICIENT_SOURCE_EVIDENCE,,,partNumber; manufacturer; specification; verified productId,"Unique name on this machine; machine_parts carries no technical identity columns, so no equivalence can be evaluated. Record preserved unchanged."
MPP-000891,مكرة عمود الرول,cmunlz2q00092lc95jzhh94fw,MCH_BR01_CH_GH_01,cmum3jqh8001mf495zaankx05,cmum5dwmo0000ro95qq4day18,قطعة,0,1,1,INSUFFICIENT_SOURCE_EVIDENCE,,,partNumber; manufacturer; specification; verified productId,"Unique name on this machine; machine_parts carries no technical identity columns, so no equivalence can be evaluated. Record preserved unchanged."
MPP-000892,قامة أو تأمينة مكرة عمود الرول,cmunlz2q00092lc95jzhh94fw,MCH_BR01_CH_GH_01,cmum3jqh8001mf495zaankx05,cmum5dwmo0000ro95qq4day18,قطعة,0,1,1,INSUFFICIENT_SOURCE_EVIDENCE,,,partNumber; manufacturer; specification; verified productId,"Unique name on this machine; machine_parts carries no technical identity columns, so no equivalence can be evaluated. Record preserved unchanged."
MPP-000893,قامة محرك عمود سحب الرول مع المكرة,cmunlz2q00092lc95jzhh94fw,MCH_BR01_CH_GH_01,cmum3jqh8001mf495zaankx05,cmum5dwmo0000ro95qq4day18,قطعة,0,1,1,INSUFFICIENT_SOURCE_EVIDENCE,,,partNumber; manufacturer; specification; verified productId,"Unique name on this machine; machine_parts carries no technical identity columns, so no equivalence can be evaluated. Record preserved unchanged."
MPP-000894,حساس تشغيل مكرة الرول,cmunlz2q00092lc95jzhh94fw,MCH_BR01_CH_GH_01,cmum3jqh8001mf495zaankx05,cmum5dwmo0000ro95qq4day18,قطعة,0,1,1,INSUFFICIENT_SOURCE_EVIDENCE,,,partNumber; manufacturer; specification; verified productId,"Unique name on this machine; machine_parts carries no technical identity columns, so no equivalence can be evaluated. Record preserved unchanged."
MPP-000895,حساس إيقاف مكرة الرول,cmunlz2q00092lc95jzhh94fw,MCH_BR01_CH_GH_01,cmum3jqh8001mf495zaankx05,cmum5dwmo0000ro95qq4day18,قطعة,0,1,1,INSUFFICIENT_SOURCE_EVIDENCE,,,partNumber; manufacturer; specification; verified productId,"Unique name on this machine; machine_parts carries no technical identity columns, so no equivalence can be evaluated. Record preserved unchanged."
MPP-000896,محرك السحاب,cmunlz2q00092lc95jzhh94fw,MCH_BR01_CH_GH_01,cmum3jqh8001mf495zaankx05,cmum5dwmo0000ro95qq4day18,قطعة,0,1,1,INSUFFICIENT_SOURCE_EVIDENCE,,,partNumber; manufacturer; specification; verified productId,"Unique name on this machine; machine_parts carries no technical identity columns, so no equivalence can be evaluated. Record preserved unchanged."
MPP-000897,بيرنجات محرك السحاب,cmunlz2q00092lc95jzhh94fw,MCH_BR01_CH_GH_01,cmum3jqh8001mf495zaankx05,cmum5dwmo0000ro95qq4day18,قطعة,0,1,1,INSUFFICIENT_SOURCE_EVIDENCE,,,partNumber; manufacturer; specification; verified productId,"Unique name on this machine; machine_parts carries no technical identity columns, so no equivalence can be evaluated. Record preserved unchanged."
MPP-000898,جيربوكس محرك السحاب,cmunlz2q00092lc95jzhh94fw,MCH_BR01_CH_GH_01,cmum3jqh8001mf495zaankx05,cmum5dwmo0000ro95qq4day18,قطعة,0,1,1,INSUFFICIENT_SOURCE_EVIDENCE,,,partNumber; manufacturer; specification; verified productId,"Unique name on this machine; machine_parts carries no technical identity columns, so no equivalence can be evaluated. Record preserved unchanged."
MPP-000899,بيرنجات جيربوكس محرك السحاب,cmunlz2q00092lc95jzhh94fw,MCH_BR01_CH_GH_01,cmum3jqh8001mf495zaankx05,cmum5dwmo0000ro95qq4day18,قطعة,0,1,1,INSUFFICIENT_SOURCE_EVIDENCE,,,partNumber; manufacturer; specification; verified productId,"Unique name on this machine; machine_parts carries no technical identity columns, so no equivalence can be evaluated. Record preserved unchanged."
MPP-000900,لمد جيربوكس محرك السحاب,cmunlz2q00092lc95jzhh94fw,MCH_BR01_CH_GH_01,cmum3jqh8001mf495zaankx05,cmum5dwmo0000ro95qq4day18,قطعة,0,1,1,INSUFFICIENT_SOURCE_EVIDENCE,,,partNumber; manufacturer; specification; verified productId,"Unique name on this machine; machine_parts carries no technical identity columns, so no equivalence can be evaluated. Record preserved unchanged."
MPP-000901,زيت جيربوكس محرك السحاب,cmunlz2q00092lc95jzhh94fw,MCH_BR01_CH_GH_01,cmum3jqh8001mf495zaankx05,cmum5dwmo0000ro95qq4day18,قطعة,0,1,1,INSUFFICIENT_SOURCE_EVIDENCE,,,partNumber; manufacturer; specification; verified productId,"Unique name on this machine; machine_parts carries no technical identity columns, so no equivalence can be evaluated. Record preserved unchanged."
MPP-000902,جهاز التحكم بمحرك السحابات,cmunlz2q00092lc95jzhh94fw,MCH_BR01_CH_GH_01,cmum3jqh8001mf495zaankx05,cmum5dwmo0000ro95qq4day18,قطعة,0,1,1,INSUFFICIENT_SOURCE_EVIDENCE,,,partNumber; manufacturer; specification; verified productId,"Unique name on this machine; machine_parts carries no technical identity columns, so no equivalence can be evaluated. Record preserved unchanged."
MPP-000903,انكودر محرك السحاب,cmunlz2q00092lc95jzhh94fw,MCH_BR01_CH_GH_01,cmum3jqh8001mf495zaankx05,cmum5dwmo0000ro95qq4day18,قطعة,0,1,1,INSUFFICIENT_SOURCE_EVIDENCE,,,partNumber; manufacturer; specification; verified productId,"Unique name on this machine; machine_parts carries no technical identity columns, so no equivalence can be evaluated. Record preserved unchanged."
MPP-000904,ريلي السحابات,cmunlz2q00092lc95jzhh94fw,MCH_BR01_CH_GH_01,cmum3jqh8001mf495zaankx05,cmum5dwmo0000ro95qq4day18,قطعة,0,1,1,INSUFFICIENT_SOURCE_EVIDENCE,,,partNumber; manufacturer; specification; verified productId,"Unique name on this machine; machine_parts carries no technical identity columns, so no equivalence can be evaluated. Record preserved unchanged."
MPP-000905,الجيربوكس الأيمن,cmunlz2q00092lc95jzhh94fw,MCH_BR01_CH_GH_01,cmum3jqh8001mf495zaankx05,cmum5dwmo0000ro95qq4day18,قطعة,0,1,1,INSUFFICIENT_SOURCE_EVIDENCE,,,partNumber; manufacturer; specification; verified productId,"Unique name on this machine; machine_parts carries no technical identity columns, so no equivalence can be evaluated. Record preserved unchanged."
MPP-000906,بيرنجات جيربوكس السحاب الأيمن,cmunlz2q00092lc95jzhh94fw,MCH_BR01_CH_GH_01,cmum3jqh8001mf495zaankx05,cmum5dwmo0000ro95qq4day18,قطعة,0,1,1,INSUFFICIENT_SOURCE_EVIDENCE,,,partNumber; manufacturer; specification; verified productId,"Unique name on this machine; machine_parts carries no technical identity columns, so no equivalence can be evaluated. Record preserved unchanged."
MPP-000907,لمد جيربوكس السحاب الأيمن,cmunlz2q00092lc95jzhh94fw,MCH_BR01_CH_GH_01,cmum3jqh8001mf495zaankx05,cmum5dwmo0000ro95qq4day18,قطعة,0,1,1,INSUFFICIENT_SOURCE_EVIDENCE,,,partNumber; manufacturer; specification; verified productId,"Unique name on this machine; machine_parts carries no technical identity columns, so no equivalence can be evaluated. Record preserved unchanged."
MPP-000908,زيت الجيربوكس الأيمن,cmunlz2q00092lc95jzhh94fw,MCH_BR01_CH_GH_01,cmum3jqh8001mf495zaankx05,cmum5dwmo0000ro95qq4day18,قطعة,0,1,1,INSUFFICIENT_SOURCE_EVIDENCE,,,partNumber; manufacturer; specification; verified productId,"Unique name on this machine; machine_parts carries no technical identity columns, so no equivalence can be evaluated. Record preserved unchanged."
MPP-000909,الجيربوكس الأيسر,cmunlz2q00092lc95jzhh94fw,MCH_BR01_CH_GH_01,cmum3jqh8001mf495zaankx05,cmum5dwmo0000ro95qq4day18,قطعة,0,1,1,INSUFFICIENT_SOURCE_EVIDENCE,,,partNumber; manufacturer; specification; verified productId,"Unique name on this machine; machine_parts carries no technical identity columns, so no equivalence can be evaluated. Record preserved unchanged."
MPP-000910,بيرنجات جيربوكس السحاب الأيسر,cmunlz2q00092lc95jzhh94fw,MCH_BR01_CH_GH_01,cmum3jqh8001mf495zaankx05,cmum5dwmo0000ro95qq4day18,قطعة,0,1,1,INSUFFICIENT_SOURCE_EVIDENCE,,,partNumber; manufacturer; specification; verified productId,"Unique name on this machine; machine_parts carries no technical identity columns, so no equivalence can be evaluated. Record preserved unchanged."
MPP-000911,لمد جيربوكس السحاب الأيسر,cmunlz2q00092lc95jzhh94fw,MCH_BR01_CH_GH_01,cmum3jqh8001mf495zaankx05,cmum5dwmo0000ro95qq4day18,قطعة,0,1,1,INSUFFICIENT_SOURCE_EVIDENCE,,,partNumber; manufacturer; specification; verified productId,"Unique name on this machine; machine_parts carries no technical identity columns, so no equivalence can be evaluated. Record preserved unchanged."
MPP-000912,زيت الجيربوكس الأيسر,cmunlz2q00092lc95jzhh94fw,MCH_BR01_CH_GH_01,cmum3jqh8001mf495zaankx05,cmum5dwmo0000ro95qq4day18,قطعة,0,1,1,INSUFFICIENT_SOURCE_EVIDENCE,,,partNumber; manufacturer; specification; verified productId,"Unique name on this machine; machine_parts carries no technical identity columns, so no equivalence can be evaluated. Record preserved unchanged."
MPP-000913,القامة بين محرك السحابات والجيربوكس الأيمن,cmunlz2q00092lc95jzhh94fw,MCH_BR01_CH_GH_01,cmum3jqh8001mf495zaankx05,cmum5dwmo0000ro95qq4day18,قطعة,0,1,1,INSUFFICIENT_SOURCE_EVIDENCE,,,partNumber; manufacturer; specification; verified productId,"Unique name on this machine; machine_parts carries no technical identity columns, so no equivalence can be evaluated. Record preserved unchanged."
MPP-000914,القامة بين الجيربوكس الأيمن والأيسر,cmunlz2q00092lc95jzhh94fw,MCH_BR01_CH_GH_01,cmum3jqh8001mf495zaankx05,cmum5dwmo0000ro95qq4day18,قطعة,0,1,1,INSUFFICIENT_SOURCE_EVIDENCE,,,partNumber; manufacturer; specification; verified productId,"Unique name on this machine; machine_parts carries no technical identity columns, so no equivalence can be evaluated. Record preserved unchanged."
MPP-000915,سير سحاب يمين,cmunlz2q00092lc95jzhh94fw,MCH_BR01_CH_GH_01,cmum3jqh8001mf495zaankx05,cmum5dwmo0000ro95qq4day18,قطعة,0,1,1,INSUFFICIENT_SOURCE_EVIDENCE,,,partNumber; manufacturer; specification; verified productId,"Unique name on this machine; machine_parts carries no technical identity columns, so no equivalence can be evaluated. Record preserved unchanged."
MPP-000916,سير سحاب يسار,cmunlz2q00092lc95jzhh94fw,MCH_BR01_CH_GH_01,cmum3jqh8001mf495zaankx05,cmum5dwmo0000ro95qq4day18,قطعة,0,1,1,INSUFFICIENT_SOURCE_EVIDENCE,,,partNumber; manufacturer; specification; verified productId,"Unique name on this machine; machine_parts carries no technical identity columns, so no equivalence can be evaluated. Record preserved unchanged."
MPP-000917,مكرة السحاب اليمنى العلوية,cmunlz2q00092lc95jzhh94fw,MCH_BR01_CH_GH_01,cmum3jqh8001mf495zaankx05,cmum5dwmo0000ro95qq4day18,قطعة,0,1,1,INSUFFICIENT_SOURCE_EVIDENCE,,,partNumber; manufacturer; specification; verified productId,"Unique name on this machine; machine_parts carries no technical identity columns, so no equivalence can be evaluated. Record preserved unchanged."
MPP-000918,مكرة السحاب اليمنى السفلية,cmunlz2q00092lc95jzhh94fw,MCH_BR01_CH_GH_01,cmum3jqh8001mf495zaankx05,cmum5dwmo0000ro95qq4day18,قطعة,0,1,1,INSUFFICIENT_SOURCE_EVIDENCE,,,partNumber; manufacturer; specification; verified productId,"Unique name on this machine; machine_parts carries no technical identity columns, so no equivalence can be evaluated. Record preserved unchanged."
MPP-000919,بيرنجات سحاب القرطاسية يمين,cmunlz2q00092lc95jzhh94fw,MCH_BR01_CH_GH_01,cmum3jqh8001mf495zaankx05,cmum5dwmo0000ro95qq4day18,قطعة,0,1,1,INSUFFICIENT_SOURCE_EVIDENCE,,,partNumber; manufacturer; specification; verified productId,"Unique name on this machine; machine_parts carries no technical identity columns, so no equivalence can be evaluated. Record preserved unchanged."
MPP-000920,بيرنجات سحاب القرطاسية يسار,cmunlz2q00092lc95jzhh94fw,MCH_BR01_CH_GH_01,cmum3jqh8001mf495zaankx05,cmum5dwmo0000ro95qq4day18,قطعة,0,1,1,INSUFFICIENT_SOURCE_EVIDENCE,,,partNumber; manufacturer; specification; verified productId,"Unique name on this machine; machine_parts carries no technical identity columns, so no equivalence can be evaluated. Record preserved unchanged."
MPP-000921,مكرة تثبيت القرطاسية,cmunlz2q00092lc95jzhh94fw,MCH_BR01_CH_GH_01,cmum3jqh8001mf495zaankx05,cmum5dwmo0000ro95qq4day18,قطعة,0,1,1,INSUFFICIENT_SOURCE_EVIDENCE,,,partNumber; manufacturer; specification; verified productId,"Unique name on this machine; machine_parts carries no technical identity columns, so no equivalence can be evaluated. Record preserved unchanged."
MPP-000922,الكاوية العمودية,cmunlz2q00092lc95jzhh94fw,MCH_BR01_CH_GH_01,cmum3jqh8001mf495zaankx05,cmum5dwmo0000ro95qq4day18,قطعة,0,1,1,INSUFFICIENT_SOURCE_EVIDENCE,,,partNumber; manufacturer; specification; verified productId,"Unique name on this machine; machine_parts carries no technical identity columns, so no equivalence can be evaluated. Record preserved unchanged."
MPP-000923,سخان الكاوية العمودية,cmunlz2q00092lc95jzhh94fw,MCH_BR01_CH_GH_01,cmum3jqh8001mf495zaankx05,cmum5dwmo0000ro95qq4day18,قطعة,0,1,1,INSUFFICIENT_SOURCE_EVIDENCE,,,partNumber; manufacturer; specification; verified productId,"Unique name on this machine; machine_parts carries no technical identity columns, so no equivalence can be evaluated. Record preserved unchanged."
MPP-000924,حساس حرارة الكاوية العمودية,cmunlz2q00092lc95jzhh94fw,MCH_BR01_CH_GH_01,cmum3jqh8001mf495zaankx05,cmum5dwmo0000ro95qq4day18,قطعة,0,1,1,INSUFFICIENT_SOURCE_EVIDENCE,,,partNumber; manufacturer; specification; verified productId,"Unique name on this machine; machine_parts carries no technical identity columns, so no equivalence can be evaluated. Record preserved unchanged."
MPP-000925,ساعة حرارة الكاوية العمودية,cmunlz2q00092lc95jzhh94fw,MCH_BR01_CH_GH_01,cmum3jqh8001mf495zaankx05,cmum5dwmo0000ro95qq4day18,قطعة,0,1,1,INSUFFICIENT_SOURCE_EVIDENCE,,,partNumber; manufacturer; specification; verified productId,"Unique name on this machine; machine_parts carries no technical identity columns, so no equivalence can be evaluated. Record preserved unchanged."
MPP-000926,ريلي استات سخان الكاوية العمودية,cmunlz2q00092lc95jzhh94fw,MCH_BR01_CH_GH_01,cmum3jqh8001mf495zaankx05,cmum5dwmo0000ro95qq4day18,قطعة,0,1,1,INSUFFICIENT_SOURCE_EVIDENCE,,,partNumber; manufacturer; specification; verified productId,"Unique name on this machine; machine_parts carries no technical identity columns, so no equivalence can be evaluated. Record preserved unchanged."
MPP-000927,علبة كهرباء أسلاك سخان الكاوية العمودية,cmunlz2q00092lc95jzhh94fw,MCH_BR01_CH_GH_01,cmum3jqh8001mf495zaankx05,cmum5dwmo0000ro95qq4day18,قطعة,0,1,1,INSUFFICIENT_SOURCE_EVIDENCE,,,partNumber; manufacturer; specification; verified productId,"Unique name on this machine; machine_parts carries no technical identity columns, so no equivalence can be evaluated. Record preserved unchanged."
MPP-000928,بستون الكاوية العمودية,cmunlz2q00092lc95jzhh94fw,MCH_BR01_CH_GH_01,cmum3jqh8001mf495zaankx05,cmum5dwmo0000ro95qq4day18,قطعة,0,1,1,INSUFFICIENT_SOURCE_EVIDENCE,,,partNumber; manufacturer; specification; verified productId,"Unique name on this machine; machine_parts carries no technical identity columns, so no equivalence can be evaluated. Record preserved unchanged."
MPP-000929,ربلات إصلاح بستون الكاوية العمودية,cmunlz2q00092lc95jzhh94fw,MCH_BR01_CH_GH_01,cmum3jqh8001mf495zaankx05,cmum5dwmo0000ro95qq4day18,قطعة,0,1,1,INSUFFICIENT_SOURCE_EVIDENCE,,,partNumber; manufacturer; specification; verified productId,"Unique name on this machine; machine_parts carries no technical identity columns, so no equivalence can be evaluated. Record preserved unchanged."
MPP-000930,نيبلات بستون الكاوية العمودية,cmunlz2q00092lc95jzhh94fw,MCH_BR01_CH_GH_01,cmum3jqh8001mf495zaankx05,cmum5dwmo0000ro95qq4day18,قطعة,0,1,1,INSUFFICIENT_SOURCE_EVIDENCE,,,partNumber; manufacturer; specification; verified productId,"Unique name on this machine; machine_parts carries no technical identity columns, so no equivalence can be evaluated. Record preserved unchanged."
MPP-000931,صمام التحكم بهواء بستون الكاوية العمودية,cmunlz2q00092lc95jzhh94fw,MCH_BR01_CH_GH_01,cmum3jqh8001mf495zaankx05,cmum5dwmo0000ro95qq4day18,قطعة,0,1,1,INSUFFICIENT_SOURCE_EVIDENCE,,,partNumber; manufacturer; specification; verified productId,"Unique name on this machine; machine_parts carries no technical identity columns, so no equivalence can be evaluated. Record preserved unchanged."
MPP-000932,نيبلات صمام التحكم بهواء بستون الكاوية العمودية,cmunlz2q00092lc95jzhh94fw,MCH_BR01_CH_GH_01,cmum3jqh8001mf495zaankx05,cmum5dwmo0000ro95qq4day18,قطعة,0,1,1,INSUFFICIENT_SOURCE_EVIDENCE,,,partNumber; manufacturer; specification; verified productId,"Unique name on this machine; machine_parts carries no technical identity columns, so no equivalence can be evaluated. Record preserved unchanged."
MPP-000933,لي تغذية وراجع بستون الكاوية العمودية,cmunlz2q00092lc95jzhh94fw,MCH_BR01_CH_GH_01,cmum3jqh8001mf495zaankx05,cmum5dwmo0000ro95qq4day18,قطعة,0,1,1,INSUFFICIENT_SOURCE_EVIDENCE,,,partNumber; manufacturer; specification; verified productId,"Unique name on this machine; machine_parts carries no technical identity columns, so no equivalence can be evaluated. Record preserved unchanged."
MPP-000934,محرك المقص,cmunlz2q00092lc95jzhh94fw,MCH_BR01_CH_GH_01,cmum3jqh8001mf495zaankx05,cmum5dwmo0000ro95qq4day18,قطعة,0,1,1,INSUFFICIENT_SOURCE_EVIDENCE,,,partNumber; manufacturer; specification; verified productId,"Unique name on this machine; machine_parts carries no technical identity columns, so no equivalence can be evaluated. Record preserved unchanged."
MPP-000935,بيرنجات محرك المقص,cmunlz2q00092lc95jzhh94fw,MCH_BR01_CH_GH_01,cmum3jqh8001mf495zaankx05,cmum5dwmo0000ro95qq4day18,قطعة,0,1,1,INSUFFICIENT_SOURCE_EVIDENCE,,,partNumber; manufacturer; specification; verified productId,"Unique name on this machine; machine_parts carries no technical identity columns, so no equivalence can be evaluated. Record preserved unchanged."
MPP-000936,جيربوكس محرك المقص,cmunlz2q00092lc95jzhh94fw,MCH_BR01_CH_GH_01,cmum3jqh8001mf495zaankx05,cmum5dwmo0000ro95qq4day18,قطعة,0,1,1,INSUFFICIENT_SOURCE_EVIDENCE,,,partNumber; manufacturer; specification; verified productId,"Unique name on this machine; machine_parts carries no technical identity columns, so no equivalence can be evaluated. Record preserved unchanged."
MPP-000937,بيرنجات جيربوكس محرك المقص,cmunlz2q00092lc95jzhh94fw,MCH_BR01_CH_GH_01,cmum3jqh8001mf495zaankx05,cmum5dwmo0000ro95qq4day18,قطعة,0,1,1,INSUFFICIENT_SOURCE_EVIDENCE,,,partNumber; manufacturer; specification; verified productId,"Unique name on this machine; machine_parts carries no technical identity columns, so no equivalence can be evaluated. Record preserved unchanged."
MPP-000938,لمد جيربوكس محرك المقص,cmunlz2q00092lc95jzhh94fw,MCH_BR01_CH_GH_01,cmum3jqh8001mf495zaankx05,cmum5dwmo0000ro95qq4day18,قطعة,0,1,1,INSUFFICIENT_SOURCE_EVIDENCE,,,partNumber; manufacturer; specification; verified productId,"Unique name on this machine; machine_parts carries no technical identity columns, so no equivalence can be evaluated. Record preserved unchanged."
MPP-000939,زيت جيربوكس محرك المقص,cmunlz2q00092lc95jzhh94fw,MCH_BR01_CH_GH_01,cmum3jqh8001mf495zaankx05,cmum5dwmo0000ro95qq4day18,قطعة,0,1,1,INSUFFICIENT_SOURCE_EVIDENCE,,,partNumber; manufacturer; specification; verified productId,"Unique name on this machine; machine_parts carries no technical identity columns, so no equivalence can be evaluated. Record preserved unchanged."
MPP-000940,جهاز التحكم بمحرك المقص,cmunlz2q00092lc95jzhh94fw,MCH_BR01_CH_GH_01,cmum3jqh8001mf495zaankx05,cmum5dwmo0000ro95qq4day18,قطعة,0,1,1,INSUFFICIENT_SOURCE_EVIDENCE,,,partNumber; manufacturer; specification; verified productId,"Unique name on this machine; machine_parts carries no technical identity columns, so no equivalence can be evaluated. Record preserved unchanged."
MPP-000941,انكودر محرك المقص,cmunlz2q00092lc95jzhh94fw,MCH_BR01_CH_GH_01,cmum3jqh8001mf495zaankx05,cmum5dwmo0000ro95qq4day18,قطعة,0,1,1,INSUFFICIENT_SOURCE_EVIDENCE,,,partNumber; manufacturer; specification; verified productId,"Unique name on this machine; machine_parts carries no technical identity columns, so no equivalence can be evaluated. Record preserved unchanged."
MPP-000942,حساس إيقاف المقص,cmunlz2q00092lc95jzhh94fw,MCH_BR01_CH_GH_01,cmum3jqh8001mf495zaankx05,cmum5dwmo0000ro95qq4day18,قطعة,0,1,1,INSUFFICIENT_SOURCE_EVIDENCE,,,partNumber; manufacturer; specification; verified productId,"Unique name on this machine; machine_parts carries no technical identity columns, so no equivalence can be evaluated. Record preserved unchanged."
MPP-000943,كبلنج ذراع المقص,cmunlz2q00092lc95jzhh94fw,MCH_BR01_CH_GH_01,cmum3jqh8001mf495zaankx05,cmum5dwmo0000ro95qq4day18,قطعة,0,1,1,INSUFFICIENT_SOURCE_EVIDENCE,,,partNumber; manufacturer; specification; verified productId,"Unique name on this machine; machine_parts carries no technical identity columns, so no equivalence can be evaluated. Record preserved unchanged."
MPP-000944,بيرنج كوبلنج المقص 629,cmunlz2q00092lc95jzhh94fw,MCH_BR01_CH_GH_01,cmum3jqh8001mf495zaankx05,cmum5dwmo0000ro95qq4day18,قطعة,0,1,1,INSUFFICIENT_SOURCE_EVIDENCE,,,partNumber; manufacturer; specification; verified productId,"Unique name on this machine; machine_parts carries no technical identity columns, so no equivalence can be evaluated. Record preserved unchanged."
MPP-000945,بيرنج ذراع المقص 6000,cmunlz2q00092lc95jzhh94fw,MCH_BR01_CH_GH_01,cmum3jqh8001mf495zaankx05,cmum5dwmo0000ro95qq4day18,قطعة,0,1,1,INSUFFICIENT_SOURCE_EVIDENCE,,,partNumber; manufacturer; specification; verified productId,"Unique name on this machine; machine_parts carries no technical identity columns, so no equivalence can be evaluated. Record preserved unchanged."
MPP-000946,ذراع المقص الأيمن,cmunlz2q00092lc95jzhh94fw,MCH_BR01_CH_GH_01,cmum3jqh8001mf495zaankx05,cmum5dwmo0000ro95qq4day18,قطعة,0,1,1,INSUFFICIENT_SOURCE_EVIDENCE,,,partNumber; manufacturer; specification; verified productId,"Unique name on this machine; machine_parts carries no technical identity columns, so no equivalence can be evaluated. Record preserved unchanged."
MPP-000947,ذراع المقص الأيسر,cmunlz2q00092lc95jzhh94fw,MCH_BR01_CH_GH_01,cmum3jqh8001mf495zaankx05,cmum5dwmo0000ro95qq4day18,قطعة,0,1,1,INSUFFICIENT_SOURCE_EVIDENCE,,,partNumber; manufacturer; specification; verified productId,"Unique name on this machine; machine_parts carries no technical identity columns, so no equivalence can be evaluated. Record preserved unchanged."
MPP-000948,السكين,cmunlz2q00092lc95jzhh94fw,MCH_BR01_CH_GH_01,cmum3jqh8001mf495zaankx05,cmum5dwmo0000ro95qq4day18,قطعة,0,1,1,INSUFFICIENT_SOURCE_EVIDENCE,,,partNumber; manufacturer; specification; verified productId,"Unique name on this machine; machine_parts carries no technical identity columns, so no equivalence can be evaluated. Record preserved unchanged."
MPP-000949,بيرنج عمود المقص صف 1 أيمن,cmunlz2q00092lc95jzhh94fw,MCH_BR01_CH_GH_01,cmum3jqh8001mf495zaankx05,cmum5dwmo0000ro95qq4day18,قطعة,0,1,1,INSUFFICIENT_SOURCE_EVIDENCE,,,partNumber; manufacturer; specification; verified productId,"Unique name on this machine; machine_parts carries no technical identity columns, so no equivalence can be evaluated. Record preserved unchanged."
MPP-000950,بيرنج عمود المقص صف 1 أيسر,cmunlz2q00092lc95jzhh94fw,MCH_BR01_CH_GH_01,cmum3jqh8001mf495zaankx05,cmum5dwmo0000ro95qq4day18,قطعة,0,1,1,INSUFFICIENT_SOURCE_EVIDENCE,,,partNumber; manufacturer; specification; verified productId,"Unique name on this machine; machine_parts carries no technical identity columns, so no equivalence can be evaluated. Record preserved unchanged."
MPP-000951,بيرنج عمود المقص صف 2 أيمن,cmunlz2q00092lc95jzhh94fw,MCH_BR01_CH_GH_01,cmum3jqh8001mf495zaankx05,cmum5dwmo0000ro95qq4day18,قطعة,0,1,1,INSUFFICIENT_SOURCE_EVIDENCE,,,partNumber; manufacturer; specification; verified productId,"Unique name on this machine; machine_parts carries no technical identity columns, so no equivalence can be evaluated. Record preserved unchanged."
MPP-000952,بيرنج عمود المقص صف 2 أيسر,cmunlz2q00092lc95jzhh94fw,MCH_BR01_CH_GH_01,cmum3jqh8001mf495zaankx05,cmum5dwmo0000ro95qq4day18,قطعة,0,1,1,INSUFFICIENT_SOURCE_EVIDENCE,,,partNumber; manufacturer; specification; verified productId,"Unique name on this machine; machine_parts carries no technical identity columns, so no equivalence can be evaluated. Record preserved unchanged."
MPP-000953,بيرنج عمود المقص صف 3 أيمن,cmunlz2q00092lc95jzhh94fw,MCH_BR01_CH_GH_01,cmum3jqh8001mf495zaankx05,cmum5dwmo0000ro95qq4day18,قطعة,0,1,1,INSUFFICIENT_SOURCE_EVIDENCE,,,partNumber; manufacturer; specification; verified productId,"Unique name on this machine; machine_parts carries no technical identity columns, so no equivalence can be evaluated. Record preserved unchanged."
MPP-000954,بيرنج عمود المقص صف 3 أيسر,cmunlz2q00092lc95jzhh94fw,MCH_BR01_CH_GH_01,cmum3jqh8001mf495zaankx05,cmum5dwmo0000ro95qq4day18,قطعة,0,1,1,INSUFFICIENT_SOURCE_EVIDENCE,,,partNumber; manufacturer; specification; verified productId,"Unique name on this machine; machine_parts carries no technical identity columns, so no equivalence can be evaluated. Record preserved unchanged."
MPP-000955,بيرنج عمود المقص صف 4 أيمن,cmunlz2q00092lc95jzhh94fw,MCH_BR01_CH_GH_01,cmum3jqh8001mf495zaankx05,cmum5dwmo0000ro95qq4day18,قطعة,0,1,1,INSUFFICIENT_SOURCE_EVIDENCE,,,partNumber; manufacturer; specification; verified productId,"Unique name on this machine; machine_parts carries no technical identity columns, so no equivalence can be evaluated. Record preserved unchanged."
MPP-000956,بيرنج عمود المقص صف 4 أيسر,cmunlz2q00092lc95jzhh94fw,MCH_BR01_CH_GH_01,cmum3jqh8001mf495zaankx05,cmum5dwmo0000ro95qq4day18,قطعة,0,1,1,INSUFFICIENT_SOURCE_EVIDENCE,,,partNumber; manufacturer; specification; verified productId,"Unique name on this machine; machine_parts carries no technical identity columns, so no equivalence can be evaluated. Record preserved unchanged."
MPP-000957,الكاوية الأمامية,cmunlz2q00092lc95jzhh94fw,MCH_BR01_CH_GH_01,cmum3jqh8001mf495zaankx05,cmum5dwmo0000ro95qq4day18,قطعة,0,1,1,INSUFFICIENT_SOURCE_EVIDENCE,,,partNumber; manufacturer; specification; verified productId,"Unique name on this machine; machine_parts carries no technical identity columns, so no equivalence can be evaluated. Record preserved unchanged."
MPP-000958,الكاوية الخلفية,cmunlz2q00092lc95jzhh94fw,MCH_BR01_CH_GH_01,cmum3jqh8001mf495zaankx05,cmum5dwmo0000ro95qq4day18,قطعة,0,1,1,INSUFFICIENT_SOURCE_EVIDENCE,,,partNumber; manufacturer; specification; verified productId,"Unique name on this machine; machine_parts carries no technical identity columns, so no equivalence can be evaluated. Record preserved unchanged."
MPP-000959,سخان المقص الأمامي 1,cmunlz2q00092lc95jzhh94fw,MCH_BR01_CH_GH_01,cmum3jqh8001mf495zaankx05,cmum5dwmo0000ro95qq4day18,قطعة,0,1,1,INSUFFICIENT_SOURCE_EVIDENCE,,,partNumber; manufacturer; specification; verified productId,"Unique name on this machine; machine_parts carries no technical identity columns, so no equivalence can be evaluated. Record preserved unchanged."
MPP-000960,سخان المقص الأمامي 2,cmunlz2q00092lc95jzhh94fw,MCH_BR01_CH_GH_01,cmum3jqh8001mf495zaankx05,cmum5dwmo0000ro95qq4day18,قطعة,0,1,1,INSUFFICIENT_SOURCE_EVIDENCE,,,partNumber; manufacturer; specification; verified productId,"Unique name on this machine; machine_parts carries no technical identity columns, so no equivalence can be evaluated. Record preserved unchanged."
MPP-000961,سخان المقص الخلفي 1,cmunlz2q00092lc95jzhh94fw,MCH_BR01_CH_GH_01,cmum3jqh8001mf495zaankx05,cmum5dwmo0000ro95qq4day18,قطعة,0,1,1,INSUFFICIENT_SOURCE_EVIDENCE,,,partNumber; manufacturer; specification; verified productId,"Unique name on this machine; machine_parts carries no technical identity columns, so no equivalence can be evaluated. Record preserved unchanged."
MPP-000962,سخان المقص الخلفي 2,cmunlz2q00092lc95jzhh94fw,MCH_BR01_CH_GH_01,cmum3jqh8001mf495zaankx05,cmum5dwmo0000ro95qq4day18,قطعة,0,1,1,INSUFFICIENT_SOURCE_EVIDENCE,,,partNumber; manufacturer; specification; verified productId,"Unique name on this machine; machine_parts carries no technical identity columns, so no equivalence can be evaluated. Record preserved unchanged."
MPP-000963,حساس حرارة المقص الأمامي,cmunlz2q00092lc95jzhh94fw,MCH_BR01_CH_GH_01,cmum3jqh8001mf495zaankx05,cmum5dwmo0000ro95qq4day18,قطعة,0,1,1,INSUFFICIENT_SOURCE_EVIDENCE,,,partNumber; manufacturer; specification; verified productId,"Unique name on this machine; machine_parts carries no technical identity columns, so no equivalence can be evaluated. Record preserved unchanged."
MPP-000964,حساس حرارة المقص الخلفي,cmunlz2q00092lc95jzhh94fw,MCH_BR01_CH_GH_01,cmum3jqh8001mf495zaankx05,cmum5dwmo0000ro95qq4day18,قطعة,0,1,1,INSUFFICIENT_SOURCE_EVIDENCE,,,partNumber; manufacturer; specification; verified productId,"Unique name on this machine; machine_parts carries no technical identity columns, so no equivalence can be evaluated. Record preserved unchanged."
MPP-000965,ريلي ستات سخان المقص الأمامي,cmunlz2q00092lc95jzhh94fw,MCH_BR01_CH_GH_01,cmum3jqh8001mf495zaankx05,cmum5dwmo0000ro95qq4day18,قطعة,0,1,1,INSUFFICIENT_SOURCE_EVIDENCE,,,partNumber; manufacturer; specification; verified productId,"Unique name on this machine; machine_parts carries no technical identity columns, so no equivalence can be evaluated. Record preserved unchanged."
MPP-000966,ريلي ستات سخان المقص الخلفي,cmunlz2q00092lc95jzhh94fw,MCH_BR01_CH_GH_01,cmum3jqh8001mf495zaankx05,cmum5dwmo0000ro95qq4day18,قطعة,0,1,1,INSUFFICIENT_SOURCE_EVIDENCE,,,partNumber; manufacturer; specification; verified productId,"Unique name on this machine; machine_parts carries no technical identity columns, so no equivalence can be evaluated. Record preserved unchanged."
MPP-000967,فيبرات الكاوية الأفقية الأمامية 1,cmunlz2q00092lc95jzhh94fw,MCH_BR01_CH_GH_01,cmum3jqh8001mf495zaankx05,cmum5dwmo0000ro95qq4day18,قطعة,0,1,1,INSUFFICIENT_SOURCE_EVIDENCE,,,partNumber; manufacturer; specification; verified productId,"Unique name on this machine; machine_parts carries no technical identity columns, so no equivalence can be evaluated. Record preserved unchanged."
MPP-000968,فيبرات الكاوية الأفقية الأمامية 2,cmunlz2q00092lc95jzhh94fw,MCH_BR01_CH_GH_01,cmum3jqh8001mf495zaankx05,cmum5dwmo0000ro95qq4day18,قطعة,0,1,1,INSUFFICIENT_SOURCE_EVIDENCE,,,partNumber; manufacturer; specification; verified productId,"Unique name on this machine; machine_parts carries no technical identity columns, so no equivalence can be evaluated. Record preserved unchanged."
MPP-000969,فيبرات الكاوية الأفقية الخلفية 1,cmunlz2q00092lc95jzhh94fw,MCH_BR01_CH_GH_01,cmum3jqh8001mf495zaankx05,cmum5dwmo0000ro95qq4day18,قطعة,0,1,1,INSUFFICIENT_SOURCE_EVIDENCE,,,partNumber; manufacturer; specification; verified productId,"Unique name on this machine; machine_parts carries no technical identity columns, so no equivalence can be evaluated. Record preserved unchanged."
MPP-000970,فيبرات الكاوية الأفقية الخلفية 2,cmunlz2q00092lc95jzhh94fw,MCH_BR01_CH_GH_01,cmum3jqh8001mf495zaankx05,cmum5dwmo0000ro95qq4day18,قطعة,0,1,1,INSUFFICIENT_SOURCE_EVIDENCE,,,partNumber; manufacturer; specification; verified productId,"Unique name on this machine; machine_parts carries no technical identity columns, so no equivalence can be evaluated. Record preserved unchanged."
MPP-000971,اسبرنج الكاوية الأمامية يمين,cmunlz2q00092lc95jzhh94fw,MCH_BR01_CH_GH_01,cmum3jqh8001mf495zaankx05,cmum5dwmo0000ro95qq4day18,قطعة,0,1,1,INSUFFICIENT_SOURCE_EVIDENCE,,,partNumber; manufacturer; specification; verified productId,"Unique name on this machine; machine_parts carries no technical identity columns, so no equivalence can be evaluated. Record preserved unchanged."
MPP-000972,اسبرنج الكاوية الأمامية شمال,cmunlz2q00092lc95jzhh94fw,MCH_BR01_CH_GH_01,cmum3jqh8001mf495zaankx05,cmum5dwmo0000ro95qq4day18,قطعة,0,1,1,INSUFFICIENT_SOURCE_EVIDENCE,,,partNumber; manufacturer; specification; verified productId,"Unique name on this machine; machine_parts carries no technical identity columns, so no equivalence can be evaluated. Record preserved unchanged."
MPP-000973,ساعة حرارة المقص,cmunlz2q00092lc95jzhh94fw,MCH_BR01_CH_GH_01,cmum3jqh8001mf495zaankx05,cmum5dwmo0000ro95qq4day18,قطعة,0,1,1,INSUFFICIENT_SOURCE_EVIDENCE,,,partNumber; manufacturer; specification; verified productId,"Unique name on this machine; machine_parts carries no technical identity columns, so no equivalence can be evaluated. Record preserved unchanged."
MPP-000974,علبة كهرباء أسلاك سخان المقص,cmunlz2q00092lc95jzhh94fw,MCH_BR01_CH_GH_01,cmum3jqh8001mf495zaankx05,cmum5dwmo0000ro95qq4day18,قطعة,0,1,1,INSUFFICIENT_SOURCE_EVIDENCE,,,partNumber; manufacturer; specification; verified productId,"Unique name on this machine; machine_parts carries no technical identity columns, so no equivalence can be evaluated. Record preserved unchanged."
MPP-000975,بستون السكين,cmunlz2q00092lc95jzhh94fw,MCH_BR01_CH_GH_01,cmum3jqh8001mf495zaankx05,cmum5dwmo0000ro95qq4day18,قطعة,0,1,1,INSUFFICIENT_SOURCE_EVIDENCE,,,partNumber; manufacturer; specification; verified productId,"Unique name on this machine; machine_parts carries no technical identity columns, so no equivalence can be evaluated. Record preserved unchanged."
MPP-000976,ربلات إصلاح بستون السكين,cmunlz2q00092lc95jzhh94fw,MCH_BR01_CH_GH_01,cmum3jqh8001mf495zaankx05,cmum5dwmo0000ro95qq4day18,قطعة,0,1,1,INSUFFICIENT_SOURCE_EVIDENCE,,,partNumber; manufacturer; specification; verified productId,"Unique name on this machine; machine_parts carries no technical identity columns, so no equivalence can be evaluated. Record preserved unchanged."
MPP-000977,صمام التحكم بهواء بستون السكين,cmunlz2q00092lc95jzhh94fw,MCH_BR01_CH_GH_01,cmum3jqh8001mf495zaankx05,cmum5dwmo0000ro95qq4day18,قطعة,0,1,1,INSUFFICIENT_SOURCE_EVIDENCE,,,partNumber; manufacturer; specification; verified productId,"Unique name on this machine; machine_parts carries no technical identity columns, so no equivalence can be evaluated. Record preserved unchanged."
MPP-000978,نيبلات بستون السكين,cmunlz2q00092lc95jzhh94fw,MCH_BR01_CH_GH_01,cmum3jqh8001mf495zaankx05,cmum5dwmo0000ro95qq4day18,قطعة,0,1,1,INSUFFICIENT_SOURCE_EVIDENCE,,,partNumber; manufacturer; specification; verified productId,"Unique name on this machine; machine_parts carries no technical identity columns, so no equivalence can be evaluated. Record preserved unchanged."
MPP-000979,نيبلات صمام التحكم بهواء بستون السكين,cmunlz2q00092lc95jzhh94fw,MCH_BR01_CH_GH_01,cmum3jqh8001mf495zaankx05,cmum5dwmo0000ro95qq4day18,قطعة,0,1,1,INSUFFICIENT_SOURCE_EVIDENCE,,,partNumber; manufacturer; specification; verified productId,"Unique name on this machine; machine_parts carries no technical identity columns, so no equivalence can be evaluated. Record preserved unchanged."
MPP-000980,لي تغذية وراجع بستون السكين,cmunlz2q00092lc95jzhh94fw,MCH_BR01_CH_GH_01,cmum3jqh8001mf495zaankx05,cmum5dwmo0000ro95qq4day18,قطعة,0,1,1,INSUFFICIENT_SOURCE_EVIDENCE,,,partNumber; manufacturer; specification; verified productId,"Unique name on this machine; machine_parts carries no technical identity columns, so no equivalence can be evaluated. Record preserved unchanged."
MPP-000981,ربلة سلكون الضربة,cmunlz2q00092lc95jzhh94fw,MCH_BR01_CH_GH_01,cmum3jqh8001mf495zaankx05,cmum5dwmo0000ro95qq4day18,قطعة,0,1,1,INSUFFICIENT_SOURCE_EVIDENCE,,,partNumber; manufacturer; specification; verified productId,"Unique name on this machine; machine_parts carries no technical identity columns, so no equivalence can be evaluated. Record preserved unchanged."
MPP-000982,قاعدة التاريخ,cmunlz2q00092lc95jzhh94fw,MCH_BR01_CH_GH_01,cmum3jqh8001mf495zaankx05,cmum5dwmo0000ro95qq4day18,قطعة,0,1,1,INSUFFICIENT_SOURCE_EVIDENCE,,,partNumber; manufacturer; specification; verified productId,"Unique name on this machine; machine_parts carries no technical identity columns, so no equivalence can be evaluated. Record preserved unchanged."
MPP-000983,بيت أرقام تاريخ,cmunlz2q00092lc95jzhh94fw,MCH_BR01_CH_GH_01,cmum3jqh8001mf495zaankx05,cmum5dwmo0000ro95qq4day18,قطعة,0,1,1,INSUFFICIENT_SOURCE_EVIDENCE,,,partNumber; manufacturer; specification; verified productId,"Unique name on this machine; machine_parts carries no technical identity columns, so no equivalence can be evaluated. Record preserved unchanged."
MPP-000984,فيبر تثبيت قاعدة التاريخ,cmunlz2q00092lc95jzhh94fw,MCH_BR01_CH_GH_01,cmum3jqh8001mf495zaankx05,cmum5dwmo0000ro95qq4day18,قطعة,0,1,1,INSUFFICIENT_SOURCE_EVIDENCE,,,partNumber; manufacturer; specification; verified productId,"Unique name on this machine; machine_parts carries no technical identity columns, so no equivalence can be evaluated. Record preserved unchanged."
MPP-000985,سخان التاريخ,cmunlz2q00092lc95jzhh94fw,MCH_BR01_CH_GH_01,cmum3jqh8001mf495zaankx05,cmum5dwmo0000ro95qq4day18,قطعة,0,1,1,INSUFFICIENT_SOURCE_EVIDENCE,,,partNumber; manufacturer; specification; verified productId,"Unique name on this machine; machine_parts carries no technical identity columns, so no equivalence can be evaluated. Record preserved unchanged."
MPP-000986,حساس حرارة التاريخ,cmunlz2q00092lc95jzhh94fw,MCH_BR01_CH_GH_01,cmum3jqh8001mf495zaankx05,cmum5dwmo0000ro95qq4day18,قطعة,0,1,1,INSUFFICIENT_SOURCE_EVIDENCE,,,partNumber; manufacturer; specification; verified productId,"Unique name on this machine; machine_parts carries no technical identity columns, so no equivalence can be evaluated. Record preserved unchanged."
MPP-000987,ساعة حرارة التاريخ,cmunlz2q00092lc95jzhh94fw,MCH_BR01_CH_GH_01,cmum3jqh8001mf495zaankx05,cmum5dwmo0000ro95qq4day18,قطعة,0,1,1,INSUFFICIENT_SOURCE_EVIDENCE,,,partNumber; manufacturer; specification; verified productId,"Unique name on this machine; machine_parts carries no technical identity columns, so no equivalence can be evaluated. Record preserved unchanged."
MPP-000988,ريلي ستات التاريخ,cmunlz2q00092lc95jzhh94fw,MCH_BR01_CH_GH_01,cmum3jqh8001mf495zaankx05,cmum5dwmo0000ro95qq4day18,قطعة,0,1,1,INSUFFICIENT_SOURCE_EVIDENCE,,,partNumber; manufacturer; specification; verified productId,"Unique name on this machine; machine_parts carries no technical identity columns, so no equivalence can be evaluated. Record preserved unchanged."
MPP-000989,بستون التاريخ,cmunlz2q00092lc95jzhh94fw,MCH_BR01_CH_GH_01,cmum3jqh8001mf495zaankx05,cmum5dwmo0000ro95qq4day18,قطعة,0,1,1,INSUFFICIENT_SOURCE_EVIDENCE,,,partNumber; manufacturer; specification; verified productId,"Unique name on this machine; machine_parts carries no technical identity columns, so no equivalence can be evaluated. Record preserved unchanged."
MPP-000990,ربلات إصلاح بستون التاريخ,cmunlz2q00092lc95jzhh94fw,MCH_BR01_CH_GH_01,cmum3jqh8001mf495zaankx05,cmum5dwmo0000ro95qq4day18,قطعة,0,1,1,INSUFFICIENT_SOURCE_EVIDENCE,,,partNumber; manufacturer; specification; verified productId,"Unique name on this machine; machine_parts carries no technical identity columns, so no equivalence can be evaluated. Record preserved unchanged."
MPP-000991,نيبلات بستون التاريخ,cmunlz2q00092lc95jzhh94fw,MCH_BR01_CH_GH_01,cmum3jqh8001mf495zaankx05,cmum5dwmo0000ro95qq4day18,قطعة,0,1,1,INSUFFICIENT_SOURCE_EVIDENCE,,,partNumber; manufacturer; specification; verified productId,"Unique name on this machine; machine_parts carries no technical identity columns, so no equivalence can be evaluated. Record preserved unchanged."
MPP-000992,صمام التحكم بهواء بستون التاريخ,cmunlz2q00092lc95jzhh94fw,MCH_BR01_CH_GH_01,cmum3jqh8001mf495zaankx05,cmum5dwmo0000ro95qq4day18,قطعة,0,1,1,INSUFFICIENT_SOURCE_EVIDENCE,,,partNumber; manufacturer; specification; verified productId,"Unique name on this machine; machine_parts carries no technical identity columns, so no equivalence can be evaluated. Record preserved unchanged."
MPP-000993,نيبلات صمام التحكم بهواء بستون التاريخ,cmunlz2q00092lc95jzhh94fw,MCH_BR01_CH_GH_01,cmum3jqh8001mf495zaankx05,cmum5dwmo0000ro95qq4day18,قطعة,0,1,1,INSUFFICIENT_SOURCE_EVIDENCE,,,partNumber; manufacturer; specification; verified productId,"Unique name on this machine; machine_parts carries no technical identity columns, so no equivalence can be evaluated. Record preserved unchanged."
MPP-000994,لي تغذية وراجع بستون التاريخ,cmunlz2q00092lc95jzhh94fw,MCH_BR01_CH_GH_01,cmum3jqh8001mf495zaankx05,cmum5dwmo0000ro95qq4day18,قطعة,0,1,1,INSUFFICIENT_SOURCE_EVIDENCE,,,partNumber; manufacturer; specification; verified productId,"Unique name on this machine; machine_parts carries no technical identity columns, so no equivalence can be evaluated. Record preserved unchanged."
MPP-000995,سير محرك التاريخ,cmunlz2q00092lc95jzhh94fw,MCH_BR01_CH_GH_01,cmum3jqh8001mf495zaankx05,cmum5dwmo0000ro95qq4day18,قطعة,0,1,1,INSUFFICIENT_SOURCE_EVIDENCE,,,partNumber; manufacturer; specification; verified productId,"Unique name on this machine; machine_parts carries no technical identity columns, so no equivalence can be evaluated. Record preserved unchanged."
MPP-000996,علبة كهرباء أسلاك سخان التاريخ,cmunlz2q00092lc95jzhh94fw,MCH_BR01_CH_GH_01,cmum3jqh8001mf495zaankx05,cmum5dwmo0000ro95qq4day18,قطعة,0,1,1,INSUFFICIENT_SOURCE_EVIDENCE,,,partNumber; manufacturer; specification; verified productId,"Unique name on this machine; machine_parts carries no technical identity columns, so no equivalence can be evaluated. Record preserved unchanged."
MPP-000997,محرك سير نقل الباكت,cmunlz2q00092lc95jzhh94fw,MCH_BR01_CH_GH_01,cmum3jqh8001mf495zaankx05,cmum5dwmo0000ro95qq4day18,قطعة,0,1,1,INSUFFICIENT_SOURCE_EVIDENCE,,,partNumber; manufacturer; specification; verified productId,"Unique name on this machine; machine_parts carries no technical identity columns, so no equivalence can be evaluated. Record preserved unchanged."
MPP-000998,بيرنجات محرك سير نقل الباكت,cmunlz2q00092lc95jzhh94fw,MCH_BR01_CH_GH_01,cmum3jqh8001mf495zaankx05,cmum5dwmo0000ro95qq4day18,قطعة,0,1,1,INSUFFICIENT_SOURCE_EVIDENCE,,,partNumber; manufacturer; specification; verified productId,"Unique name on this machine; machine_parts carries no technical identity columns, so no equivalence can be evaluated. Record preserved unchanged."
MPP-000999,لمد محرك سير نقل الباكت,cmunlz2q00092lc95jzhh94fw,MCH_BR01_CH_GH_01,cmum3jqh8001mf495zaankx05,cmum5dwmo0000ro95qq4day18,قطعة,0,1,1,INSUFFICIENT_SOURCE_EVIDENCE,,,partNumber; manufacturer; specification; verified productId,"Unique name on this machine; machine_parts carries no technical identity columns, so no equivalence can be evaluated. Record preserved unchanged."
MPP-001000,جيربوكس محرك سير نقل الباكت,cmunlz2q00092lc95jzhh94fw,MCH_BR01_CH_GH_01,cmum3jqh8001mf495zaankx05,cmum5dwmo0000ro95qq4day18,قطعة,0,1,1,INSUFFICIENT_SOURCE_EVIDENCE,,,partNumber; manufacturer; specification; verified productId,"Unique name on this machine; machine_parts carries no technical identity columns, so no equivalence can be evaluated. Record preserved unchanged."
MPP-001001,بيرنجات جيربوكس محرك سير نقل الباكت,cmunlz2q00092lc95jzhh94fw,MCH_BR01_CH_GH_01,cmum3jqh8001mf495zaankx05,cmum5dwmo0000ro95qq4day18,قطعة,0,1,1,INSUFFICIENT_SOURCE_EVIDENCE,,,partNumber; manufacturer; specification; verified productId,"Unique name on this machine; machine_parts carries no technical identity columns, so no equivalence can be evaluated. Record preserved unchanged."
MPP-001002,لمد جيربوكس محرك سير نقل الباكت,cmunlz2q00092lc95jzhh94fw,MCH_BR01_CH_GH_01,cmum3jqh8001mf495zaankx05,cmum5dwmo0000ro95qq4day18,قطعة,0,1,1,INSUFFICIENT_SOURCE_EVIDENCE,,,partNumber; manufacturer; specification; verified productId,"Unique name on this machine; machine_parts carries no technical identity columns, so no equivalence can be evaluated. Record preserved unchanged."
MPP-001003,زيت جيربوكس محرك سير نقل الباكت,cmunlz2q00092lc95jzhh94fw,MCH_BR01_CH_GH_01,cmum3jqh8001mf495zaankx05,cmum5dwmo0000ro95qq4day18,قطعة,0,1,1,INSUFFICIENT_SOURCE_EVIDENCE,,,partNumber; manufacturer; specification; verified productId,"Unique name on this machine; machine_parts carries no technical identity columns, so no equivalence can be evaluated. Record preserved unchanged."
MPP-001004,انفرتر محرك سير نقل الباكت,cmunlz2q00092lc95jzhh94fw,MCH_BR01_CH_GH_01,cmum3jqh8001mf495zaankx05,cmum5dwmo0000ro95qq4day18,قطعة,0,1,1,INSUFFICIENT_SOURCE_EVIDENCE,,,partNumber; manufacturer; specification; verified productId,"Unique name on this machine; machine_parts carries no technical identity columns, so no equivalence can be evaluated. Record preserved unchanged."
MPP-001005,التروس الأمامية لسير البواكت,cmunlz2q00092lc95jzhh94fw,MCH_BR01_CH_GH_01,cmum3jqh8001mf495zaankx05,cmum5dwmo0000ro95qq4day18,قطعة,0,1,1,INSUFFICIENT_SOURCE_EVIDENCE,,,partNumber; manufacturer; specification; verified productId,"Unique name on this machine; machine_parts carries no technical identity columns, so no equivalence can be evaluated. Record preserved unchanged."
MPP-001006,التروس الخلفية لسير البواكت,cmunlz2q00092lc95jzhh94fw,MCH_BR01_CH_GH_01,cmum3jqh8001mf495zaankx05,cmum5dwmo0000ro95qq4day18,قطعة,0,1,1,INSUFFICIENT_SOURCE_EVIDENCE,,,partNumber; manufacturer; specification; verified productId,"Unique name on this machine; machine_parts carries no technical identity columns, so no equivalence can be evaluated. Record preserved unchanged."
MPP-001007,البيرنجات الأمامية لسير البواكت,cmunlz2q00092lc95jzhh94fw,MCH_BR01_CH_GH_01,cmum3jqh8001mf495zaankx05,cmum5dwmo0000ro95qq4day18,قطعة,0,1,1,INSUFFICIENT_SOURCE_EVIDENCE,,,partNumber; manufacturer; specification; verified productId,"Unique name on this machine; machine_parts carries no technical identity columns, so no equivalence can be evaluated. Record preserved unchanged."
MPP-001008,البيرنجات الخلفية لسير البواكت,cmunlz2q00092lc95jzhh94fw,MCH_BR01_CH_GH_01,cmum3jqh8001mf495zaankx05,cmum5dwmo0000ro95qq4day18,قطعة,0,1,1,INSUFFICIENT_SOURCE_EVIDENCE,,,partNumber; manufacturer; specification; verified productId,"Unique name on this machine; machine_parts carries no technical identity columns, so no equivalence can be evaluated. Record preserved unchanged."
MPP-001009,عمود سلسلة سير نقل الباكت الأمامي,cmunlz2q00092lc95jzhh94fw,MCH_BR01_CH_GH_01,cmum3jqh8001mf495zaankx05,cmum5dwmo0000ro95qq4day18,قطعة,0,1,1,INSUFFICIENT_SOURCE_EVIDENCE,,,partNumber; manufacturer; specification; verified productId,"Unique name on this machine; machine_parts carries no technical identity columns, so no equivalence can be evaluated. Record preserved unchanged."
MPP-001010,بيرنجات عمود سلسلة سير نقل الباكت الأمامي,cmunlz2q00092lc95jzhh94fw,MCH_BR01_CH_GH_01,cmum3jqh8001mf495zaankx05,cmum5dwmo0000ro95qq4day18,قطعة,0,1,1,INSUFFICIENT_SOURCE_EVIDENCE,,,partNumber; manufacturer; specification; verified productId,"Unique name on this machine; machine_parts carries no technical identity columns, so no equivalence can be evaluated. Record preserved unchanged."
MPP-001011,عمود سلسلة سير نقل الباكت الخلفي,cmunlz2q00092lc95jzhh94fw,MCH_BR01_CH_GH_01,cmum3jqh8001mf495zaankx05,cmum5dwmo0000ro95qq4day18,قطعة,0,1,1,INSUFFICIENT_SOURCE_EVIDENCE,,,partNumber; manufacturer; specification; verified productId,"Unique name on this machine; machine_parts carries no technical identity columns, so no equivalence can be evaluated. Record preserved unchanged."
MPP-001012,بيرنجات عمود سلسلة سير نقل الباكت الخلفي,cmunlz2q00092lc95jzhh94fw,MCH_BR01_CH_GH_01,cmum3jqh8001mf495zaankx05,cmum5dwmo0000ro95qq4day18,قطعة,0,1,1,INSUFFICIENT_SOURCE_EVIDENCE,,,partNumber; manufacturer; specification; verified productId,"Unique name on this machine; machine_parts carries no technical identity columns, so no equivalence can be evaluated. Record preserved unchanged."
MPP-001013,وحدة تصفية الهواء,cmunlz2q00092lc95jzhh94fw,MCH_BR01_CH_GH_01,cmum3jqh8001mf495zaankx05,cmum5dwmo0000ro95qq4day18,قطعة,0,1,1,INSUFFICIENT_SOURCE_EVIDENCE,,,partNumber; manufacturer; specification; verified productId,"Unique name on this machine; machine_parts carries no technical identity columns, so no equivalence can be evaluated. Record preserved unchanged."
MPP-001014,وحدة تصفية الزيت,cmunlz2q00092lc95jzhh94fw,MCH_BR01_CH_GH_01,cmum3jqh8001mf495zaankx05,cmum5dwmo0000ro95qq4day18,قطعة,0,1,1,INSUFFICIENT_SOURCE_EVIDENCE,,,partNumber; manufacturer; specification; verified productId,"Unique name on this machine; machine_parts carries no technical identity columns, so no equivalence can be evaluated. Record preserved unchanged."
MPP-001015,لي هواء التغذية الرئيسي للغلافة,cmunlz2q00092lc95jzhh94fw,MCH_BR01_CH_GH_01,cmum3jqh8001mf495zaankx05,cmum5dwmo0000ro95qq4day18,قطعة,0,1,1,INSUFFICIENT_SOURCE_EVIDENCE,,,partNumber; manufacturer; specification; verified productId,"Unique name on this machine; machine_parts carries no technical identity columns, so no equivalence can be evaluated. Record preserved unchanged."
MPP-001016,لي نيتروجين التغذية الرئيسي للغلافة,cmunlz2q00092lc95jzhh94fw,MCH_BR01_CH_GH_01,cmum3jqh8001mf495zaankx05,cmum5dwmo0000ro95qq4day18,قطعة,0,1,1,INSUFFICIENT_SOURCE_EVIDENCE,,,partNumber; manufacturer; specification; verified productId,"Unique name on this machine; machine_parts carries no technical identity columns, so no equivalence can be evaluated. Record preserved unchanged."
MPP-001017,لي تغذية النيتروجين للقمع,cmunlz2q00092lc95jzhh94fw,MCH_BR01_CH_GH_01,cmum3jqh8001mf495zaankx05,cmum5dwmo0000ro95qq4day18,قطعة,0,1,1,INSUFFICIENT_SOURCE_EVIDENCE,,,partNumber; manufacturer; specification; verified productId,"Unique name on this machine; machine_parts carries no technical identity columns, so no equivalence can be evaluated. Record preserved unchanged."
MPP-001018,صمام التحكم بالنيتروجين,cmunlz2q00092lc95jzhh94fw,MCH_BR01_CH_GH_01,cmum3jqh8001mf495zaankx05,cmum5dwmo0000ro95qq4day18,قطعة,0,1,1,INSUFFICIENT_SOURCE_EVIDENCE,,,partNumber; manufacturer; specification; verified productId,"Unique name on this machine; machine_parts carries no technical identity columns, so no equivalence can be evaluated. Record preserved unchanged."
MPP-001019,نيبلات صمام التحكم بالنيتروجين,cmunlz2q00092lc95jzhh94fw,MCH_BR01_CH_GH_01,cmum3jqh8001mf495zaankx05,cmum5dwmo0000ro95qq4day18,قطعة,0,1,1,INSUFFICIENT_SOURCE_EVIDENCE,,,partNumber; manufacturer; specification; verified productId,"Unique name on this machine; machine_parts carries no technical identity columns, so no equivalence can be evaluated. Record preserved unchanged."
MPP-001020,نيبل هواء النيتروجين للقمع,cmunlz2q00092lc95jzhh94fw,MCH_BR01_CH_GH_01,cmum3jqh8001mf495zaankx05,cmum5dwmo0000ro95qq4day18,قطعة,0,1,1,INSUFFICIENT_SOURCE_EVIDENCE,,,partNumber; manufacturer; specification; verified productId,"Unique name on this machine; machine_parts carries no technical identity columns, so no equivalence can be evaluated. Record preserved unchanged."
MPP-001021,عين المواد,cmunlz2q00092lc95jzhh94fw,MCH_BR01_CH_GH_01,cmum3jqh8001mf495zaankx05,cmum5dwmo0000ro95qq4day18,قطعة,0,1,1,INSUFFICIENT_SOURCE_EVIDENCE,,,partNumber; manufacturer; specification; verified productId,"Unique name on this machine; machine_parts carries no technical identity columns, so no equivalence can be evaluated. Record preserved unchanged."
MPP-001022,عين القرطاسية,cmunlz2q00092lc95jzhh94fw,MCH_BR01_CH_GH_01,cmum3jqh8001mf495zaankx05,cmum5dwmo0000ro95qq4day18,قطعة,0,1,1,INSUFFICIENT_SOURCE_EVIDENCE,,,partNumber; manufacturer; specification; verified productId,"Unique name on this machine; machine_parts carries no technical identity columns, so no equivalence can be evaluated. Record preserved unchanged."
MPP-001023,مجرى قاعدة نحاس,cmunlz2q00092lc95jzhh94fw,MCH_BR01_CH_GH_01,cmum3jqh8001mf495zaankx05,cmum5dwmo0000ro95qq4day18,قطعة,0,1,1,INSUFFICIENT_SOURCE_EVIDENCE,,,partNumber; manufacturer; specification; verified productId,"Unique name on this machine; machine_parts carries no technical identity columns, so no equivalence can be evaluated. Record preserved unchanged."